nct_id,canonical_name_final,lead_sponsor,lead_sponsor_class,brief_title,phase,overall_status,source_therapy_name,therapy_identity_final,mechanism_superfamily,mechanism_family,molecular_targets,mechanism_action,modality,agonist_order,incretin_based,classification_status,confidence,source_url,notes,scope_review_flag,classification_status_original,classification_status_final,mechanism_superfamily_final,mechanism_family_final,mechanism_classified,researched_but_publicly_undisclosed,unreviewed_long_tail
NCT01755676,orlistat,EMS,INDUSTRY,Evaluation of Orlistat as Adjuvant Treatment of Obesity in Adults,PHASE3,COMPLETED,orlistat,orlistat,GI nutrient absorption,lipase inhibition,gastric and pancreatic lipases,Gastrointestinal lipase inhibitor reducing dietary fat absorption,small molecule,,False,VERIFIED,high,,Peripheral gastrointestinal mechanism.,False,VERIFIED,VERIFIED,GI nutrient absorption,lipase inhibition,True,False,False
NCT02273804,topiramate,Assistance Publique - Hôpitaux de Paris,OTHER,Topiramate and Severe Obesity,PHASE3,COMPLETED,topiramate,topiramate,CNS/appetite,anticonvulsant/appetite,GABA-A; AMPA/kainate; carbonic anhydrase (pleiotropic),Pleiotropic CNS appetite-modulating effects,small molecule,,False,VERIFIED,medium,,Mechanism relevant to weight loss is multifactorial.,False,VERIFIED,VERIFIED,CNS/appetite,anticonvulsant/appetite,True,False,False
NCT02349243,entacapone,Kaichun Wu,OTHER,Effect of Entacapone on Bodyweight Loss in Obese Population,PHASE1; PHASE2,UNKNOWN,entacapone,entacapone,Metabolic/energy expenditure,FTO inhibition,FTO,FTO inhibition with downstream FOXO1 effects on hepatic gluconeogenesis and adipose thermogenesis,small molecule,,False,VERIFIED,high,https://pubmed.ncbi.nlm.nih.gov/30996080/,Repurposed FTO inhibitor programme.,False,VERIFIED,VERIFIED,Metabolic/energy expenditure,FTO inhibition,True,False,False
NCT02360774,canagliflozin,Beth Israel Deaconess Medical Center,OTHER,Mechanisms of Weight Loss With SGLT2 Inhibition,PHASE4,COMPLETED,canagliflozin,canagliflozin,Renal/glucose transport,SGLT2,SLC5A2 (SGLT2),SGLT2 inhibition increases urinary glucose excretion,small molecule,,False,VERIFIED,high,,Established SGLT2 inhibitor.,False,VERIFIED,VERIFIED,Renal/glucose transport,SGLT2,True,False,False
NCT02388568,lorcaserin,University of Pennsylvania,OTHER,Lifestyle Modification and Lorcaserin for Weight Loss Maintenance,,COMPLETED,lorcaserin,lorcaserin,CNS/appetite,serotonergic appetite,HTR2C (5-HT2C),5-HT2C receptor agonist,small molecule,mono,False,VERIFIED,high,,Serotonergic appetite suppressant; historically marketed.,False,VERIFIED,VERIFIED,CNS/appetite,serotonergic appetite,True,False,False
NCT02398669,lorcaserin hydrochloride,Eisai Inc.,INDUSTRY,A Single Dose Pharmacokinetic Study of Lorcaserin Hydrochloride in Obese Pediatric Subjects 6 to 11 Years of Age,PHASE1,COMPLETED,,lorcaserin hydrochloride,,,,,,,,UNMAPPED,,,,False,UNMAPPED,UNCLASSIFIED_LONG_TAIL,Unclassified long tail,Not individually reviewed,False,False,True
NCT02412631,lorcaserin,Mayo Clinic,OTHER,Addressing Post Cessation Weight Gain,PHASE2; PHASE3,TERMINATED,lorcaserin,lorcaserin,CNS/appetite,serotonergic appetite,HTR2C (5-HT2C),5-HT2C receptor agonist,small molecule,mono,False,VERIFIED,high,,Serotonergic appetite suppressant; historically marketed.,False,VERIFIED,VERIFIED,CNS/appetite,serotonergic appetite,True,False,False
NCT02412631,varenicline,Mayo Clinic,OTHER,Addressing Post Cessation Weight Gain,PHASE2; PHASE3,TERMINATED,,varenicline,,,,,,,,UNMAPPED,,,,False,UNMAPPED,UNCLASSIFIED_LONG_TAIL,Unclassified long tail,Not individually reviewed,False,False,True
NCT02453711,semaglutide,Novo Nordisk A/S,INDUSTRY,Investigation of Safety and Efficacy of Once-daily Semaglutide in Obese Subjects Without Diabetes Mellitus,PHASE2,COMPLETED,semaglutide,semaglutide,Incretin-based,GLP-1,GLP1R,GLP-1 receptor agonist,peptide,mono,True,VERIFIED,high,https://pubmed.ncbi.nlm.nih.gov/41054801/,Long-acting GLP-1 analogue.,False,VERIFIED,VERIFIED,Incretin-based,GLP-1,True,False,False
NCT02458313,dmxb-a,"University of Colorado, Denver",OTHER,Nicotinic Agonist Effects on BMI and Neuronal Response,PHASE1,COMPLETED,dmxb-a,DMXB-A,CNS/appetite,alpha7 nicotinic receptor,CHRNA7 (alpha7 nAChR),Partial agonism of alpha7 nicotinic acetylcholine receptors,small molecule,mono,False,VERIFIED,high,https://clinicaltrials.gov/study/NCT02458313,GTS-21/DMXB-A; experimental nicotinic agonist directly studied in overweight/obese adults.,False,VERIFIED,VERIFIED,CNS/appetite,alpha7 nicotinic receptor,True,False,False
NCT02462031,kd101,"Kwang Dong Pharmaceutical co., ltd.",INDUSTRY,"To Evaluate the Safety, Tolerability, PK, PK-PD Relation of KD101 in the Fed State in Obese or Overweight Subjects",PHASE1,UNKNOWN,kd101,KD101,Metabolic/energy expenditure,energy metabolism,direct molecular target not publicly established,Promotes energy metabolism without primary appetite suppression,small molecule / purified natural-product-derived compound,,False,VERIFIED,medium,https://pmc.ncbi.nlm.nih.gov/articles/PMC7877834/,(-)-alpha-cedrene single isomer; exact molecular target remains unclear.,False,VERIFIED,VERIFIED,Metabolic/energy expenditure,energy metabolism,True,False,False
NCT02476019,isis-fgfr4rx,"Ionis Pharmaceuticals, Inc.",INDUSTRY,"A Safety, Tolerability, PK, and PD Study of Once Weekly ISIS-FGFR4RX SC in Obese Patients",PHASE2,COMPLETED,,isis-fgfr4rx,,,,,,,,UNMAPPED,,,,False,UNMAPPED,UNCLASSIFIED_LONG_TAIL,Unclassified long tail,Not individually reviewed,False,False,True
NCT02496611,exenatide,University of Minnesota,OTHER,Enhancing Weight Loss Maintenance With GLP-1RA (BYDUREON™) in Adolescents With Severe Obesity,PHASE2,COMPLETED,exenatide,exenatide,Incretin-based,GLP-1,GLP1R,GLP-1 receptor agonist,peptide,mono,True,VERIFIED,high,https://pubmed.ncbi.nlm.nih.gov/41054801/,Exendin-4 based GLP-1RA.,False,VERIFIED,VERIFIED,Incretin-based,GLP-1,True,False,False
NCT02527200,liraglutide,Novo Nordisk A/S,INDUSTRY,Effect of Liraglutide for Weight Management in Paediatric Subjects With Prader-Willi Syndrome,PHASE3,COMPLETED,liraglutide,liraglutide,Incretin-based,GLP-1,GLP1R,GLP-1 receptor agonist,peptide,mono,True,VERIFIED,high,https://pubmed.ncbi.nlm.nih.gov/41054801/,GLP-1 analogue.,False,VERIFIED,VERIFIED,Incretin-based,GLP-1,True,False,False
NCT02554045,tadalafil,University of Roma La Sapienza,OTHER,Daily Tadalafil on Body Fat and Lean Mass,PHASE4,COMPLETED,,tadalafil,,,,,,,,UNMAPPED,,,,False,UNMAPPED,UNCLASSIFIED_LONG_TAIL,Unclassified long tail,Not individually reviewed,False,False,True
NCT02568306,nnc0165-1562,Novo Nordisk A/S,INDUSTRY,"A First Human Dose Trial Investigating Safety, Tolerability and Pharmacokinetics for Single Doses and Multiple Doses of NNC0165-1562 in Overweight to Obese But Otherwise Healthy Subjects",PHASE1,COMPLETED,nnc0165-1562,NNC0165-1562,CNS/appetite,PYY,NPY2R-dominant PYY pathway,Long-acting peptide YY analogue,peptide,mono,False,VERIFIED,high,https://pmc.ncbi.nlm.nih.gov/articles/PMC13376848/,Long-acting PYY analogue investigated alone and with semaglutide.,False,VERIFIED,VERIFIED,CNS/appetite,PYY,True,False,False
NCT02635386,dapagliflozin dapa,Woman's,OTHER,"EQW, DAPA, EQW/DAPA, DAPA/MET ER and PHEN/TPM ER in Obese Women With PolycysticOvary Syndrome (PCOS)",PHASE3,COMPLETED,dapagliflozin dapa,dapagliflozin,Renal/glucose transport,SGLT2,SLC5A2 (SGLT2),SGLT2 inhibition,small molecule,,False,VERIFIED_ALIAS,high,,Registry wording; collapse to dapagliflozin.,False,VERIFIED_ALIAS,VERIFIED_ALIAS,Renal/glucose transport,SGLT2,True,False,False
NCT02635386,dapagliflozin plus glucophage met er,Woman's,OTHER,"EQW, DAPA, EQW/DAPA, DAPA/MET ER and PHEN/TPM ER in Obese Women With PolycysticOvary Syndrome (PCOS)",PHASE3,COMPLETED,dapagliflozin plus glucophage met er,dapagliflozin + metformin,Metabolic combination,SGLT2 + biguanide,SLC5A2 (SGLT2); mitochondrial/AMPK-associated metformin pathways,Combined SGLT2 inhibition and metformin insulin-sensitising/metabolic effects,small-molecule combination,combination,False,VERIFIED_ALIAS,high,,Registry/formulation wording for dapagliflozin + metformin combination.,False,VERIFIED_ALIAS,VERIFIED_ALIAS,Metabolic combination,SGLT2 + biguanide,True,False,False
NCT02635386,eqw plus dapa,Woman's,OTHER,"EQW, DAPA, EQW/DAPA, DAPA/MET ER and PHEN/TPM ER in Obese Women With PolycysticOvary Syndrome (PCOS)",PHASE3,COMPLETED,eqw plus dapa,exenatide + dapagliflozin,Metabolic combination,GLP-1 + SGLT2,GLP1R; SLC5A2 (SGLT2),Combined GLP-1 receptor agonism and SGLT2 inhibition,peptide + small-molecule combination,combination,True,VERIFIED_ALIAS,high,https://pubmed.ncbi.nlm.nih.gov/28345814/,EQW denotes exenatide once weekly; DAPA denotes dapagliflozin.,False,VERIFIED_ALIAS,VERIFIED_ALIAS,Metabolic combination,GLP-1 + SGLT2,True,False,False
NCT02635386,exenatide once weekly eqw,Woman's,OTHER,"EQW, DAPA, EQW/DAPA, DAPA/MET ER and PHEN/TPM ER in Obese Women With PolycysticOvary Syndrome (PCOS)",PHASE3,COMPLETED,exenatide once weekly eqw,exenatide,Incretin-based,GLP-1,GLP1R,GLP-1 receptor agonism,peptide,mono,True,VERIFIED_ALIAS,high,,EQW denotes exenatide once weekly; collapse to exenatide.,False,VERIFIED_ALIAS,VERIFIED_ALIAS,Incretin-based,GLP-1,True,False,False
NCT02635386,phentermine + topiramate,Woman's,OTHER,"EQW, DAPA, EQW/DAPA, DAPA/MET ER and PHEN/TPM ER in Obese Women With PolycysticOvary Syndrome (PCOS)",PHASE3,COMPLETED,phentermine + topiramate,phentermine + topiramate,CNS/appetite,sympathomimetic + anticonvulsant,monoaminergic pathways; GABA/glutamate pathways,Appetite suppression through complementary CNS mechanisms,small-molecule combination,,False,VERIFIED,high,,Approved anti-obesity combination; established pharmacology.,False,VERIFIED,VERIFIED,CNS/appetite,sympathomimetic + anticonvulsant,True,False,False
NCT02647944,liraglutide,Mayo Clinic,OTHER,Pilot Study of the Effect of Liraglutide on Weight Loss and Gastric Functions in Obesity,PHASE2,COMPLETED,liraglutide,liraglutide,Incretin-based,GLP-1,GLP1R,GLP-1 receptor agonist,peptide,mono,True,VERIFIED,high,https://pubmed.ncbi.nlm.nih.gov/41054801/,GLP-1 analogue.,False,VERIFIED,VERIFIED,Incretin-based,GLP-1,True,False,False
NCT02664441,exenatide,Seattle Children's Hospital,OTHER,Energy Balance & Weight Loss in Craniopharyngioma-related or Other Hypothalamic Tumors in Hypothalamic Obesity,PHASE3,COMPLETED,exenatide,exenatide,Incretin-based,GLP-1,GLP1R,GLP-1 receptor agonist,peptide,mono,True,VERIFIED,high,https://pubmed.ncbi.nlm.nih.gov/41054801/,Exendin-4 based GLP-1RA.,False,VERIFIED,VERIFIED,Incretin-based,GLP-1,True,False,False
NCT02681939,tulsi ocimum sanctum linn,"All India Institute of Medical Sciences, Bhubaneswar",OTHER,Effect of Tulsi (Ocimum Sanctum) on Biochemical Parameters in Young Overweight and Obese Subjects,PHASE2,COMPLETED,,tulsi ocimum sanctum linn,,,,,,,,UNMAPPED,,,,False,UNMAPPED,UNCLASSIFIED_LONG_TAIL,Unclassified long tail,Not individually reviewed,False,False,True
NCT02692040,g3215,Imperial College London,OTHER,Study of the Gut Hormone Analogue G3215 in Adult Subjects,PHASE1,COMPLETED,g3215,G3215,Incretin-based,GLP-1/glucagon,GLP1R; GCGR,Dual GLP-1/glucagon receptor agonism,peptide,dual,True,VERIFIED,high,https://pubmed.ncbi.nlm.nih.gov/38229453/,GLP-1/glucagon co-agonist evaluated by adaptive continuous infusion.,False,VERIFIED,VERIFIED,Incretin-based,GLP-1/glucagon,True,False,False
NCT02692781,mod-6031,"OPKO Health, Inc.",INDUSTRY,"A Single-dose, Dose-escalation Study of a Long-acting MOD-6031 in Healthy Overweight or Obese Subjects",PHASE1,COMPLETED,,mod-6031,,,,,,,,UNMAPPED,,,,False,UNMAPPED,UNCLASSIFIED_LONG_TAIL,Unclassified long tail,Not individually reviewed,False,False,True
NCT02696148,liraglutide,Novo Nordisk A/S,INDUSTRY,"A Trial to Assess Safety, Tolerability, Pharmacokinetics and Pharmacodynamics of Liraglutide in Obese Children Aged 7 to 11 Years",PHASE1,COMPLETED,liraglutide,liraglutide,Incretin-based,GLP-1,GLP1R,GLP-1 receptor agonist,peptide,mono,True,VERIFIED,high,https://pubmed.ncbi.nlm.nih.gov/41054801/,GLP-1 analogue.,False,VERIFIED,VERIFIED,Incretin-based,GLP-1,True,False,False
NCT02708576,ngm313,"NGM Biopharmaceuticals, Inc",INDUSTRY,Phase 1 Study of NGM313 in Healthy Adult Participants,PHASE1,COMPLETED,ngm313,MK-3655,Metabolic/FGF21 pathway,FGFR1c/beta-Klotho,FGFR1c; KLB,Agonistic antibody selectively activating the beta-Klotho/FGFR1c complex,monoclonal antibody,,False,VERIFIED_ALIAS,high,https://www.ngmbio.com/news/release/merck-exercises-option-ngm-bios-investigational-insulin,NGM313 was renamed MK-3655.,False,VERIFIED_ALIAS,VERIFIED_ALIAS,Metabolic/FGF21 pathway,FGFR1c/beta-Klotho,True,False,False
NCT02714062,phentermine + topiramate,VIVUS LLC,INDUSTRY,A Pharmacokinetic Study Comparing VI-0521 With Placebo in Obese Adolescents,PHASE4,COMPLETED,phentermine + topiramate,phentermine + topiramate,CNS/appetite,sympathomimetic + anticonvulsant,monoaminergic pathways; GABA/glutamate pathways,Appetite suppression through complementary CNS mechanisms,small-molecule combination,,False,VERIFIED,high,,Approved anti-obesity combination; established pharmacology.,False,VERIFIED,VERIFIED,CNS/appetite,sympathomimetic + anticonvulsant,True,False,False
NCT02717858,liraglutide,Novo Nordisk A/S,INDUSTRY,A Trial to Assess the Effects of Liraglutide on Gallbladder Emptying in Overweight and Obese Subjects.,PHASE1,COMPLETED,liraglutide,liraglutide,Incretin-based,GLP-1,GLP1R,GLP-1 receptor agonist,peptide,mono,True,VERIFIED,high,https://pubmed.ncbi.nlm.nih.gov/41054801/,GLP-1 analogue.,False,VERIFIED,VERIFIED,Incretin-based,GLP-1,True,False,False
NCT02718950,liraglutide,"University of Campinas, Brazil",OTHER,"Influence of Liraglutide, a GLP-1 Receptor Agonist, on Brown Adipose Tissue (BAT) Activity in Humans",PHASE3,UNKNOWN,liraglutide,liraglutide,Incretin-based,GLP-1,GLP1R,GLP-1 receptor agonist,peptide,mono,True,VERIFIED,high,https://pubmed.ncbi.nlm.nih.gov/41054801/,GLP-1 analogue.,False,VERIFIED,VERIFIED,Incretin-based,GLP-1,True,False,False
NCT02736474,bupropion,Shanghai Mental Health Center,OTHER,"Naltrexone and Bupropion Combination on Obese,Smoking Patients With Schizophrenia",PHASE4,COMPLETED,bupropion,bupropion,CNS/appetite,catecholaminergic,NET; DAT,Norepinephrine/dopamine reuptake inhibition,small molecule,,False,VERIFIED,high,,Repurposed CNS agent.,False,VERIFIED,VERIFIED,CNS/appetite,catecholaminergic,True,False,False
NCT02736474,naltrexone,Shanghai Mental Health Center,OTHER,"Naltrexone and Bupropion Combination on Obese,Smoking Patients With Schizophrenia",PHASE4,COMPLETED,naltrexone,naltrexone,CNS/appetite,opioid,OPRM1,Opioid receptor antagonism,small molecule,,False,VERIFIED,high,,Established pharmacology.,False,VERIFIED,VERIFIED,CNS/appetite,opioid,True,False,False
NCT02740660,caffeine / albuterol,Pennington Biomedical Research Center,OTHER,Body Composition Changes With Albuterol and Caffeine Versus Placebo in Adolescents,,COMPLETED,caffeine / albuterol,caffeine + albuterol,Metabolic/energy expenditure,thermogenic/sympathomimetic combination,ADORA1/ADORA2A pathways; ADRB2,Caffeine plus beta2-adrenergic agonism to increase energy expenditure and improve body composition,small-molecule combination,combination,False,VERIFIED,high,https://clinicaltrials.gov/study/NCT02740660,Pediatric-obesity body-composition programme.,False,VERIFIED,VERIFIED,Metabolic/energy expenditure,thermogenic/sympathomimetic combination,True,False,False
NCT02743598,liraglutide,Temple University,OTHER,Liraglutide for HIV-associated Neurocognitive Disorder,PHASE4,TERMINATED,liraglutide,liraglutide,Incretin-based,GLP-1,GLP1R,GLP-1 receptor agonist,peptide,mono,True,VERIFIED,high,https://pubmed.ncbi.nlm.nih.gov/41054801/,GLP-1 analogue.,False,VERIFIED,VERIFIED,Incretin-based,GLP-1,True,False,False
NCT02754258,mph,Children's Hospital of Eastern Ontario,OTHER,The Effects of Methylphenidate on Energy Intake and Energy Expenditure,PHASE3,UNKNOWN,,mph,,,,,,,,UNMAPPED,,,,False,UNMAPPED,UNCLASSIFIED_LONG_TAIL,Unclassified long tail,Not individually reviewed,False,False,True
NCT02777489,perindopril,Gene PreDiT,INDUSTRY,Influence of Carboxypeptidase D (CPD) Gene on Body Weight and Fat Mass Reduction by Perindopril in Obese Subjects,PHASE2,TERMINATED,,perindopril,,,,,,,,UNMAPPED,,,,False,UNMAPPED,UNCLASSIFIED_LONG_TAIL,Unclassified long tail,Not individually reviewed,False,False,True
NCT02784275,cyclo-z,"NovMetaPharma Co., Ltd.",INDUSTRY,A Study to Evaluate the Efficacy and Safety of Cyclo-Z in Patients With Obese Type 2 Diabetes,PHASE2,COMPLETED,cyclo-z,Cyclo-Z,Metabolic/insulin-leptin sensitisation,insulin/leptin sensitisation,direct molecular target not established,Cyclo(His-Pro) plus zinc formulation intended to improve insulin and leptin sensitivity,cyclic dipeptide + zinc combination,,False,VERIFIED,medium,https://diabetesjournals.org/diabetes/article/68/Supplement_1/1174-P/58999/,Phase 2a combination of cyclo(His-Pro) and zinc; direct molecular target is not established.,False,VERIFIED,VERIFIED,Metabolic/insulin-leptin sensitisation,insulin/leptin sensitisation,True,False,False
NCT02794402,exenatide,Uppsala University,OTHER,"Double-blinded, 6 Months Study With Bydureon® or Placebo in Adolescents With Obesity to Explore Changes in BMI",PHASE2,COMPLETED,exenatide,exenatide,Incretin-based,GLP-1,GLP1R,GLP-1 receptor agonist,peptide,mono,True,VERIFIED,high,https://pubmed.ncbi.nlm.nih.gov/41054801/,Exendin-4 based GLP-1RA.,False,VERIFIED,VERIFIED,Incretin-based,GLP-1,True,False,False
NCT02796144,lorcaserin,"University of North Carolina, Chapel Hill",OTHER,MEtformin and Lorcaserin for WeighT Loss in Schizophrenia,PHASE4,TERMINATED,lorcaserin,lorcaserin,CNS/appetite,serotonergic appetite,HTR2C (5-HT2C),5-HT2C receptor agonist,small molecule,mono,False,VERIFIED,high,,Serotonergic appetite suppressant; historically marketed.,False,VERIFIED,VERIFIED,CNS/appetite,serotonergic appetite,True,False,False
NCT02796144,metformin,"University of North Carolina, Chapel Hill",OTHER,MEtformin and Lorcaserin for WeighT Loss in Schizophrenia,PHASE4,TERMINATED,metformin,metformin,Metabolic/energy expenditure,insulin sensitisation/metabolic,mitochondrial complex I; AMPK-associated pathways,Pleiotropic insulin-sensitising and metabolic effects,small molecule,,False,VERIFIED,medium,,Mechanism is pleiotropic; no single receptor target adequately describes metformin.,False,VERIFIED,VERIFIED,Metabolic/energy expenditure,insulin sensitisation/metabolic,True,False,False
NCT02819934,kd101,Seoul National University Hospital,OTHER,A Phase I Study to Investigate the ADME of KD101,PHASE1,COMPLETED,kd101,KD101,Metabolic/energy expenditure,energy metabolism,direct molecular target not publicly established,Promotes energy metabolism without primary appetite suppression,small molecule / purified natural-product-derived compound,,False,VERIFIED,medium,https://pmc.ncbi.nlm.nih.gov/articles/PMC7877834/,(-)-alpha-cedrene single isomer; exact molecular target remains unclear.,False,VERIFIED,VERIFIED,Metabolic/energy expenditure,energy metabolism,True,False,False
NCT02828228,vitamin d 1200 iu,"University Clinical Centre, Gdansk",OTHER,Vitamin D Supplementation in Vitamin D Deficient Obese Children During Weight-loss Program,,UNKNOWN,,vitamin d 1200 iu,,,,,,,,UNMAPPED,,,,False,UNMAPPED,UNCLASSIFIED_LONG_TAIL,Unclassified long tail,Not individually reviewed,False,False,True
NCT02835235,nnc9204-0530,Novo Nordisk A/S,INDUSTRY,"A Trial Investigating Safety, Tolerability, PK and PD for Multiple Doses of NNC9204-0530 in Male and Female Subjects Being Overweight or With Obesity",PHASE1,COMPLETED,nnc9204-0530,NNC9204-0530,Glucagon pathway,glucagon,GCGR,Glucagon receptor agonist,peptide,mono,False,VERIFIED,high,https://pmc.ncbi.nlm.nih.gov/articles/PMC10304508/,Also known as NN9030.,False,VERIFIED,VERIFIED,Glucagon pathway,glucagon,True,False,False
NCT02849743,syntocinon,"Shana McCormack, MD",OTHER,Intranasal Oxytocin in Hypothalamic Obesity,PHASE2,COMPLETED,syntocinon,oxytocin,Oxytocin,oxytocin receptor,OXTR,Oxytocin receptor agonist,peptide,mono,False,VERIFIED_ALIAS,high,https://clinicaltrials.gov/study/NCT02849743,Syntocinon is intranasal oxytocin; collapse into oxytocin identity.,False,VERIFIED_ALIAS,VERIFIED_ALIAS,Oxytocin,oxytocin receptor,True,False,False
NCT02860923,exenatide,"University Hospital, Bordeaux",OTHER,Efficacy and Safety of Exenatide in the Treatment of Hypothalamic Obesity After Craniopharyngioma Therapy,PHASE3,COMPLETED,exenatide,exenatide,Incretin-based,GLP-1,GLP1R,GLP-1 receptor agonist,peptide,mono,True,VERIFIED,high,https://pubmed.ncbi.nlm.nih.gov/41054801/,Exendin-4 based GLP-1RA.,False,VERIFIED,VERIFIED,Incretin-based,GLP-1,True,False,False
NCT02870231,liraglutide,Novo Nordisk A/S,INDUSTRY,"Investigating Safety, Tolerability, PK and PD for Multiple Doses of NNC9204-0530 in Combination With Liraglutide in Male and Female Subjects Being Overweight or With Obesity",PHASE1,COMPLETED,liraglutide,liraglutide,Incretin-based,GLP-1,GLP1R,GLP-1 receptor agonist,peptide,mono,True,VERIFIED,high,https://pubmed.ncbi.nlm.nih.gov/41054801/,GLP-1 analogue.,False,VERIFIED,VERIFIED,Incretin-based,GLP-1,True,False,False
NCT02870231,nnc9204-0530,Novo Nordisk A/S,INDUSTRY,"Investigating Safety, Tolerability, PK and PD for Multiple Doses of NNC9204-0530 in Combination With Liraglutide in Male and Female Subjects Being Overweight or With Obesity",PHASE1,COMPLETED,nnc9204-0530,NNC9204-0530,Glucagon pathway,glucagon,GCGR,Glucagon receptor agonist,peptide,mono,False,VERIFIED,high,https://pmc.ncbi.nlm.nih.gov/articles/PMC10304508/,Also known as NN9030.,False,VERIFIED,VERIFIED,Glucagon pathway,glucagon,True,False,False
NCT02896192,setmelanotide,"Rhythm Pharmaceuticals, Inc.",INDUSTRY,Setmelanotide for the Treatment of Early-Onset Pro-Opiomelanocortin (POMC) Deficiency Obesity,PHASE3,COMPLETED,setmelanotide,setmelanotide,Melanocortin,MC4R,MC4R,Melanocortin-4 receptor agonist,peptide,mono,False,VERIFIED,high,https://www.accessdata.fda.gov/drugsatfda_docs/label/2026/213793s009lbl.pdf,Cyclic peptide MC4R agonist used in genetic/syndromic obesity.,False,VERIFIED,VERIFIED,Melanocortin,MC4R,True,False,False
NCT02905864,liraglutide,Henrik Gudbergsen,OTHER,Liraglutide 3 mg for Knee Osteoarthritis,PHASE4,COMPLETED,liraglutide,liraglutide,Incretin-based,GLP-1,GLP1R,GLP-1 receptor agonist,peptide,mono,True,VERIFIED,high,https://pubmed.ncbi.nlm.nih.gov/41054801/,GLP-1 analogue.,False,VERIFIED,VERIFIED,Incretin-based,GLP-1,True,False,False
NCT02909933,liraglutide,University Medical Centre Ljubljana,OTHER,Low Dose Liraglutide and Metformin vs. High Dose Liraglutide Alone in Treatment of Obesity,PHASE4,COMPLETED,liraglutide,liraglutide,Incretin-based,GLP-1,GLP1R,GLP-1 receptor agonist,peptide,mono,True,VERIFIED,high,https://pubmed.ncbi.nlm.nih.gov/41054801/,GLP-1 analogue.,False,VERIFIED,VERIFIED,Incretin-based,GLP-1,True,False,False
NCT02911818,liraglutide,University of Pennsylvania,OTHER,Lifestyle Modification and Liraglutide,PHASE4,COMPLETED,liraglutide,liraglutide,Incretin-based,GLP-1,GLP1R,GLP-1 receptor agonist,peptide,mono,True,VERIFIED,high,https://pubmed.ncbi.nlm.nih.gov/41054801/,GLP-1 analogue.,False,VERIFIED,VERIFIED,Incretin-based,GLP-1,True,False,False
NCT02911818,phentermine,University of Pennsylvania,OTHER,Lifestyle Modification and Liraglutide,PHASE4,COMPLETED,phentermine,phentermine,CNS/appetite,sympathomimetic,noradrenergic/monoaminergic pathways,Sympathomimetic appetite suppression,small molecule,,False,VERIFIED,high,,Established appetite suppressant.,False,VERIFIED,VERIFIED,CNS/appetite,sympathomimetic,True,False,False
NCT02918279,liraglutide,Novo Nordisk A/S,INDUSTRY,Effect of Liraglutide for Weight Management in Pubertal Adolescent Subjects With Obesity,PHASE3,COMPLETED,liraglutide,liraglutide,Incretin-based,GLP-1,GLP1R,GLP-1 receptor agonist,peptide,mono,True,VERIFIED,high,https://pubmed.ncbi.nlm.nih.gov/41054801/,GLP-1 analogue.,False,VERIFIED,VERIFIED,Incretin-based,GLP-1,True,False,False
NCT02920190,liraglutide,University of Miami,OTHER,Antigen-Lipid-Driven Monoclonal Gammopathies Targeting Epicardial Fat,PHASE4,WITHDRAWN,liraglutide,liraglutide,Incretin-based,GLP-1,GLP1R,GLP-1 receptor agonist,peptide,mono,True,VERIFIED,high,https://pubmed.ncbi.nlm.nih.gov/41054801/,GLP-1 analogue.,False,VERIFIED,VERIFIED,Incretin-based,GLP-1,True,False,False
NCT02941042,nnc9204-1177,Novo Nordisk A/S,INDUSTRY,"A First Human Dose Trial Investigating Safety, Tolerability and Pharmacokinetics for Single Doses of NNC9204-1177 in Subjects Being Overweight or With Obesity.",PHASE1,COMPLETED,nnc9204-1177,NNC9204-1177,Incretin-based,GLP-1/glucagon,GLP1R; GCGR,Dual GLP-1/glucagon receptor agonist,peptide,dual,True,VERIFIED,high,https://pubmed.ncbi.nlm.nih.gov/37690519/,Also called NN1177; development stopped after Phase 1 safety findings.,False,VERIFIED,VERIFIED,Incretin-based,GLP-1/glucagon,True,False,False
NCT02958085,cagrilintide,Novo Nordisk A/S,INDUSTRY,"Investigation of Safety, Tolerability, Pharmacokinetics and Pharmacodynamics of Multiple Dosing of NNC0174-0833 in Subjects With Obesity or Overweight",PHASE1,COMPLETED,cagrilintide,cagrilintide,Amylin-based,amylin,AMY1R; AMY2R; AMY3R; CTR,Long-acting amylin/calcitonin receptor agonist,peptide,multi,False,VERIFIED,high,https://pubmed.ncbi.nlm.nih.gov/42452898/,Long-acting amylin analogue with activity across amylin receptors and CTR.,False,VERIFIED,VERIFIED,Amylin-based,amylin,True,False,False
NCT02963922,liraglutide,Novo Nordisk A/S,INDUSTRY,Effect and Safety of Liraglutide 3.0 mg in Subjects With Overweight or Obesity and Type 2 Diabetes Mellitus Treated With Basal Insulin,PHASE3,COMPLETED,liraglutide,liraglutide,Incretin-based,GLP-1,GLP1R,GLP-1 receptor agonist,peptide,mono,True,VERIFIED,high,https://pubmed.ncbi.nlm.nih.gov/41054801/,GLP-1 analogue.,False,VERIFIED,VERIFIED,Incretin-based,GLP-1,True,False,False
NCT02963935,liraglutide,Novo Nordisk A/S,INDUSTRY,Effect and Safety of Liraglutide 3.0 mg as an Adjunct to Intensive Behaviour Therapy for Obesity in a Non-specialist Setting,PHASE3,COMPLETED,liraglutide,liraglutide,Incretin-based,GLP-1,GLP1R,GLP-1 receptor agonist,peptide,mono,True,VERIFIED,high,https://pubmed.ncbi.nlm.nih.gov/41054801/,GLP-1 analogue.,False,VERIFIED,VERIFIED,Incretin-based,GLP-1,True,False,False
NCT02999841,acarbose,Peking University,OTHER,Effect of Acarbose and Vildagliptin on Visceral Fat Distribution in Newly Diagnosed Type 2 Diabetes Patients,PHASE4,UNKNOWN,acarbose,acarbose,GI nutrient absorption,alpha-glucosidase inhibition,intestinal alpha-glucosidases,Delays intestinal carbohydrate digestion and absorption,small molecule,,False,VERIFIED,high,,Established alpha-glucosidase inhibitor.,False,VERIFIED,VERIFIED,GI nutrient absorption,alpha-glucosidase inhibition,True,False,False
NCT02999841,vildagliptin,Peking University,OTHER,Effect of Acarbose and Vildagliptin on Visceral Fat Distribution in Newly Diagnosed Type 2 Diabetes Patients,PHASE4,UNKNOWN,,vildagliptin,,,,,,,,UNMAPPED,,,,False,UNMAPPED,UNCLASSIFIED_LONG_TAIL,Unclassified long tail,Not individually reviewed,False,False,True
NCT03013543,setmelanotide,"Rhythm Pharmaceuticals, Inc.",INDUSTRY,Setmelanotide Phase 2 Treatment Trial in Participants With Rare Genetic Disorders of Obesity,PHASE2,COMPLETED,setmelanotide,setmelanotide,Melanocortin,MC4R,MC4R,Melanocortin-4 receptor agonist,peptide,mono,False,VERIFIED,high,https://www.accessdata.fda.gov/drugsatfda_docs/label/2026/213793s009lbl.pdf,Cyclic peptide MC4R agonist used in genetic/syndromic obesity.,False,VERIFIED,VERIFIED,Melanocortin,MC4R,True,False,False
NCT03015207,nnc0194-0499,Novo Nordisk A/S,INDUSTRY,"First Human Dose Trial Investigating Safety, Tolerability and Pharmacokinetics of NNC0194-0499 in Male Subjects With Overweight or Obesity",PHASE1,COMPLETED,nnc0194-0499,zalfermin,Metabolic/FGF21 pathway,FGF21,FGFR1c/FGFR3c + KLB,Long-acting FGF21-receptor agonist analogue,peptide/protein analogue,,False,VERIFIED_ALIAS,high,https://pubmed.ncbi.nlm.nih.gov/39013015/,NNC0194-0499 is zalfermin.,False,VERIFIED_ALIAS,VERIFIED_ALIAS,Metabolic/FGF21 pathway,FGF21,True,False,False
NCT03036800,liraglutide,University of Leicester,OTHER,Saxenda in Obesity Services (STRIVE Study),PHASE4,COMPLETED,liraglutide,liraglutide,Incretin-based,GLP-1,GLP1R,GLP-1 receptor agonist,peptide,mono,True,VERIFIED,high,https://pubmed.ncbi.nlm.nih.gov/41054801/,GLP-1 analogue.,False,VERIFIED,VERIFIED,Incretin-based,GLP-1,True,False,False
NCT03041792,liraglutide,Pfizer,INDUSTRY,Methodology Study To Examine 6-Week Food Intake With Liraglutide In Obese Subjects,PHASE1,COMPLETED,liraglutide,liraglutide,Incretin-based,GLP-1,GLP1R,GLP-1 receptor agonist,peptide,mono,True,VERIFIED,high,https://pubmed.ncbi.nlm.nih.gov/41054801/,GLP-1 analogue.,False,VERIFIED,VERIFIED,Incretin-based,GLP-1,True,False,False
NCT03043053,oxytocin,Massachusetts General Hospital,OTHER,The Effects of Oxytocin in Obese Adults,PHASE2,COMPLETED,oxytocin,oxytocin,Oxytocin,oxytocin receptor,OXTR,Oxytocin receptor agonist,peptide,mono,False,VERIFIED,high,,Repurposed satiety/appetite pathway.,False,VERIFIED,VERIFIED,Oxytocin,oxytocin receptor,True,False,False
NCT03045341,naltrexone + bupropion,Yale University,OTHER,Behavioral and Pharmacologic Treatment of Binge Eating and Obesity: Acute Treatment,PHASE2; PHASE3,COMPLETED,naltrexone + bupropion,naltrexone + bupropion,CNS/appetite,opioid + catecholamine,OPRM1; NET/DAT pathways,Opioid receptor antagonism plus noradrenergic/dopaminergic appetite modulation,small-molecule combination,,False,VERIFIED,high,,Approved anti-obesity combination; established pharmacology.,False,VERIFIED,VERIFIED,CNS/appetite,opioid + catecholamine,True,False,False
NCT03047005,naltrexone + bupropion,Yale University,OTHER,Behavioral and Pharmacologic Treatment of Binge Eating and Obesity: Maintenance Therapy,PHASE2; PHASE3,COMPLETED,naltrexone + bupropion,naltrexone + bupropion,CNS/appetite,opioid + catecholamine,OPRM1; NET/DAT pathways,Opioid receptor antagonism plus noradrenergic/dopaminergic appetite modulation,small-molecule combination,,False,VERIFIED,high,,Approved anti-obesity combination; established pharmacology.,False,VERIFIED,VERIFIED,CNS/appetite,opioid + catecholamine,True,False,False
NCT03048578,liraglutide,NYU Langone Health,OTHER,Clinical Efficacy and Safety of Using 3.0mg Liraglutide to Treat Weight Regain After Roux-en-Y Gastric Bypass Surgery,PHASE4,COMPLETED,liraglutide,liraglutide,Incretin-based,GLP-1,GLP1R,GLP-1 receptor agonist,peptide,mono,True,VERIFIED,high,https://pubmed.ncbi.nlm.nih.gov/41054801/,GLP-1 analogue.,False,VERIFIED,VERIFIED,Incretin-based,GLP-1,True,False,False
NCT03063606,nb on-going from acute treatment,Yale University,OTHER,Behavioral and Pharmacologic Treatment of Binge Eating and Obesity: Specialist Treatment,PHASE2; PHASE3,COMPLETED,,nb on-going from acute treatment,,,,,,,,UNMAPPED,,,,False,UNMAPPED,UNCLASSIFIED_LONG_TAIL,Unclassified long tail,Not individually reviewed,False,False,True
NCT03079557,intragastric botulinum toxin type a,St. Olavs Hospital,OTHER,Feasibility Pilot for the ReBOO-trial,PHASE2,COMPLETED,,intragastric botulinum toxin type a,,,,,,,,UNMAPPED,,,,False,UNMAPPED,UNCLASSIFIED_LONG_TAIL,Unclassified long tail,Not individually reviewed,False,False,True
NCT03087032,insulin glargine,The First Affiliated Hospital of Xiamen University,OTHER,Liraglutide-bolus vs Glargine-bolus Therapy in Overweight/Obese Type 2 Diabetes Patients (LiraGooD),PHASE4,RECRUITING,,insulin glargine,,,,,,,,UNMAPPED,,,,False,UNMAPPED,UNCLASSIFIED_LONG_TAIL,Unclassified long tail,Not individually reviewed,False,False,True
NCT03087032,liraglutide,The First Affiliated Hospital of Xiamen University,OTHER,Liraglutide-bolus vs Glargine-bolus Therapy in Overweight/Obese Type 2 Diabetes Patients (LiraGooD),PHASE4,RECRUITING,liraglutide,liraglutide,Incretin-based,GLP-1,GLP1R,GLP-1 receptor agonist,peptide,mono,True,VERIFIED,high,https://pubmed.ncbi.nlm.nih.gov/41054801/,GLP-1 analogue.,False,VERIFIED,VERIFIED,Incretin-based,GLP-1,True,False,False
NCT03095807,nnc9204-1706 a,Novo Nordisk A/S,INDUSTRY,Investigation of Single Ascending Doses of NNC9204-1706 in Male Subjects Being Overweight or With Obesity,PHASE1,COMPLETED,,nnc9204-1706 a,,,,,,,,UNMAPPED,,,,False,UNMAPPED,UNCLASSIFIED_LONG_TAIL,Unclassified long tail,Not individually reviewed,False,False,True
NCT03100058,licogliflozin,Novartis Pharmaceuticals,INDUSTRY,A Study to Evaluate the Change in Weight After 24 Weeks Treatment With LIK066 in Obese or Overweight Adults,PHASE2,COMPLETED,licogliflozin,licogliflozin,Renal/glucose transport,SGLT1/2,SLC5A1 (SGLT1); SLC5A2 (SGLT2),Dual sodium-glucose cotransporter 1/2 inhibitor,small molecule,,False,VERIFIED,high,https://pubmed.ncbi.nlm.nih.gov/32187881/,Dual SGLT1/2 inhibitor.,False,VERIFIED,VERIFIED,Renal/glucose transport,SGLT1/2,True,False,False
NCT03119610,oxytocin,Sara Espinoza,OTHER,The Physiologic Effects of Intranasal Oxytocin on Sarcopenic Obesity,PHASE1; PHASE2,COMPLETED,oxytocin,oxytocin,Oxytocin,oxytocin receptor,OXTR,Oxytocin receptor agonist,peptide,mono,False,VERIFIED,high,,Repurposed satiety/appetite pathway.,False,VERIFIED,VERIFIED,Oxytocin,oxytocin receptor,True,False,False
NCT03132571,bupropion,Yale University,OTHER,Naltrexone-Bupropion Versus Placebo-Bupropion for Weight Loss in Schizophrenia,PHASE2,TERMINATED,bupropion,bupropion,CNS/appetite,catecholaminergic,NET; DAT,Norepinephrine/dopamine reuptake inhibition,small molecule,,False,VERIFIED,high,,Repurposed CNS agent.,False,VERIFIED,VERIFIED,CNS/appetite,catecholaminergic,True,False,False
NCT03132571,naltrexone,Yale University,OTHER,Naltrexone-Bupropion Versus Placebo-Bupropion for Weight Loss in Schizophrenia,PHASE2,TERMINATED,naltrexone,naltrexone,CNS/appetite,opioid,OPRM1,Opioid receptor antagonism,small molecule,,False,VERIFIED,high,,Established pharmacology.,False,VERIFIED,VERIFIED,CNS/appetite,opioid,True,False,False
NCT03151005,metformin-glp-1 receptor agonist,Xinqiao Hospital of Chongqing,OTHER,The Effect of GLP-1 Agonists Versus OCs on Reproductive Disorders and Cardiovascular Risks in Overweight PCOS,PHASE4,COMPLETED,,metformin-glp-1 receptor agonist,,,,,,,,UNMAPPED,,,,False,UNMAPPED,UNCLASSIFIED_LONG_TAIL,Unclassified long tail,Not individually reviewed,False,False,True
NCT03158805,liraglutide,Lindner Center of HOPE,OTHER,Saxenda® in Obese or Overweight Patients With Stable Bipolar Disorder (Investigator Initiated),PHASE2,COMPLETED,liraglutide,liraglutide,Incretin-based,GLP-1,GLP1R,GLP-1 receptor agonist,peptide,mono,True,VERIFIED,high,https://pubmed.ncbi.nlm.nih.gov/41054801/,GLP-1 analogue.,False,VERIFIED,VERIFIED,Incretin-based,GLP-1,True,False,False
NCT03171415,rzl-012,Raziel Therapeutics Ltd.,INDUSTRY,"Evaluation of Safety, Efficacy and Thermogenesis-induction of RZL-012 in Overweight and Obese Volunteers",PHASE2,COMPLETED,,rzl-012,,,,,,,,UNMAPPED,,,,False,UNMAPPED,UNCLASSIFIED_LONG_TAIL,Unclassified long tail,Not individually reviewed,False,False,True
NCT03198767,licogliflozin,Novartis Pharmaceuticals,INDUSTRY,Effects of Carbohydrate in Diet and Supplements on the Gastrointestinal Tolerability of LIK066,PHASE2,COMPLETED,licogliflozin,licogliflozin,Renal/glucose transport,SGLT1/2,SLC5A1 (SGLT1); SLC5A2 (SGLT2),Dual sodium-glucose cotransporter 1/2 inhibitor,small molecule,,False,VERIFIED,high,https://pubmed.ncbi.nlm.nih.gov/32187881/,Dual SGLT1/2 inhibitor.,False,VERIFIED,VERIFIED,Renal/glucose transport,SGLT1/2,True,False,False
NCT03205150,licogliflozin,Novartis Pharmaceuticals,INDUSTRY,Effect of LIK066 on Reduction of Fatty Content in Livers of Obese Patients,PHASE2,COMPLETED,licogliflozin,licogliflozin,Renal/glucose transport,SGLT1/2,SLC5A1 (SGLT1); SLC5A2 (SGLT2),Dual sodium-glucose cotransporter 1/2 inhibitor,small molecule,,False,VERIFIED,high,https://pubmed.ncbi.nlm.nih.gov/32187881/,Dual SGLT1/2 inhibitor.,False,VERIFIED,VERIFIED,Renal/glucose transport,SGLT1/2,True,False,False
NCT03254368,zgn-1061,"Zafgen, Inc.",INDUSTRY,Study to Assess the Effects and Safety of ZGN-1061 in Overweight and Obese Participants With Type 2 Diabetes,PHASE2,COMPLETED,,zgn-1061,,,,,,,,UNMAPPED,,,,False,UNMAPPED,UNCLASSIFIED_LONG_TAIL,Unclassified long tail,Not individually reviewed,False,False,True
NCT03262610,setmelanotide,"Rhythm Pharmaceuticals, Inc.",INDUSTRY,Setmelanotide in a Single Patient With Partial Lipodystrophy,PHASE2,COMPLETED,setmelanotide,setmelanotide,Melanocortin,MC4R,MC4R,Melanocortin-4 receptor agonist,peptide,mono,False,VERIFIED,high,https://www.accessdata.fda.gov/drugsatfda_docs/label/2026/213793s009lbl.pdf,Cyclic peptide MC4R agonist used in genetic/syndromic obesity.,False,VERIFIED,VERIFIED,Melanocortin,MC4R,True,False,False
NCT03287960,setmelanotide,"Rhythm Pharmaceuticals, Inc.",INDUSTRY,Setmelanotide for the Treatment of Leptin Receptor (LEPR) Deficiency Obesity,PHASE3,COMPLETED,setmelanotide,setmelanotide,Melanocortin,MC4R,MC4R,Melanocortin-4 receptor agonist,peptide,mono,False,VERIFIED,high,https://www.accessdata.fda.gov/drugsatfda_docs/label/2026/213793s009lbl.pdf,Cyclic peptide MC4R agonist used in genetic/syndromic obesity.,False,VERIFIED,VERIFIED,Melanocortin,MC4R,True,False,False
NCT03292315,semaglutide,James J. Peters Veterans Affairs Medical Center,FED,Once Weekly GLP-1 in Persons With Spinal Cord Injury,PHASE4,COMPLETED,semaglutide,semaglutide,Incretin-based,GLP-1,GLP1R,GLP-1 receptor agonist,peptide,mono,True,VERIFIED,high,https://pubmed.ncbi.nlm.nih.gov/41054801/,Long-acting GLP-1 analogue.,False,VERIFIED,VERIFIED,Incretin-based,GLP-1,True,False,False
NCT03298464,ngm313,"NGM Biopharmaceuticals, Inc",INDUSTRY,Study of NGM313 in Obese Participants,PHASE1,COMPLETED,ngm313,MK-3655,Metabolic/FGF21 pathway,FGFR1c/beta-Klotho,FGFR1c; KLB,Agonistic antibody selectively activating the beta-Klotho/FGFR1c complex,monoclonal antibody,,False,VERIFIED_ALIAS,high,https://www.ngmbio.com/news/release/merck-exercises-option-ngm-bios-investigational-insulin,NGM313 was renamed MK-3655.,False,VERIFIED_ALIAS,VERIFIED_ALIAS,Metabolic/FGF21 pathway,FGFR1c/beta-Klotho,True,False,False
NCT03298464,pioglitazone,"NGM Biopharmaceuticals, Inc",INDUSTRY,Study of NGM313 in Obese Participants,PHASE1,COMPLETED,pioglitazone,pioglitazone,Metabolic/insulin sensitisation,PPAR-gamma,PPARG,PPAR-gamma agonist,small molecule,mono,False,VERIFIED,high,,Thiazolidinedione insulin sensitiser.,False,VERIFIED,VERIFIED,Metabolic/insulin sensitisation,PPAR-gamma,True,False,False
NCT03308721,nnc9204-1177 a,Novo Nordisk A/S,INDUSTRY,Research Study Investigating Study Medicine (NNC9204-1177) for Weight Management in People With Overweight or Obesity,PHASE1,COMPLETED,,nnc9204-1177 a,,,,,,,,UNMAPPED,,,,False,UNMAPPED,UNCLASSIFIED_LONG_TAIL,Unclassified long tail,Not individually reviewed,False,False,True
NCT03320941,licogliflozin,Novartis Pharmaceuticals,INDUSTRY,A Dose-finding Study to Evaluate the Change in Weight After Treatment With LIK066 in Japanese Patients With Obesity,PHASE2,COMPLETED,licogliflozin,licogliflozin,Renal/glucose transport,SGLT1/2,SLC5A1 (SGLT1); SLC5A2 (SGLT2),Dual sodium-glucose cotransporter 1/2 inhibitor,small molecule,,False,VERIFIED,high,https://pubmed.ncbi.nlm.nih.gov/32187881/,Dual SGLT1/2 inhibitor.,False,VERIFIED,VERIFIED,Renal/glucose transport,SGLT1/2,True,False,False
NCT03338296,lorcaserin hydrochloride xr,Eisai Inc.,INDUSTRY,"Study to Evaluate the Efficacy and Safety of Belviq XR® in Conjunction With Lifestyle Modification for Weight Loss in Obese Adolescents, Age 12 to 17 Years",PHASE4,TERMINATED,,lorcaserin hydrochloride xr,,,,,,,,UNMAPPED,,,,False,UNMAPPED,UNCLASSIFIED_LONG_TAIL,Unclassified long tail,Not individually reviewed,False,False,True
NCT03341429,liraglutide,"University College, London",OTHER,Evaluation of Liraglutide 3.0mg in Patients With Poor Weight-loss and a Suboptimal Glucagon-like Peptide-1 Response,PHASE4,COMPLETED,liraglutide,liraglutide,Incretin-based,GLP-1,GLP1R,GLP-1 receptor agonist,peptide,mono,True,VERIFIED,high,https://pubmed.ncbi.nlm.nih.gov/41054801/,GLP-1 analogue.,False,VERIFIED,VERIFIED,Incretin-based,GLP-1,True,False,False
NCT03353220,lorcaserin,Columbia University,OTHER,Predictors of Lorcaserin-Induced Weight Loss,PHASE4,TERMINATED,lorcaserin,lorcaserin,CNS/appetite,serotonergic appetite,HTR2C (5-HT2C),5-HT2C receptor agonist,small molecule,mono,False,VERIFIED,high,,Serotonergic appetite suppressant; historically marketed.,False,VERIFIED,VERIFIED,CNS/appetite,serotonergic appetite,True,False,False
NCT03364335,leu met sil,NuSirt Biopharma,INDUSTRY,The Effect Of NS-0200 and NS-0300 Versus Placebo on Weight In Obesity,PHASE2,COMPLETED,,leu met sil,,,,,,,,UNMAPPED,,,,False,UNMAPPED,UNCLASSIFIED_LONG_TAIL,Unclassified long tail,Not individually reviewed,False,False,True
NCT03364335,leu sil,NuSirt Biopharma,INDUSTRY,The Effect Of NS-0200 and NS-0300 Versus Placebo on Weight In Obesity,PHASE2,COMPLETED,,leu sil,,,,,,,,UNMAPPED,,,,False,UNMAPPED,UNCLASSIFIED_LONG_TAIL,Unclassified long tail,Not individually reviewed,False,False,True
NCT03374241,efocipegtrutide,Hanmi Pharmaceutical Company Limited,INDUSTRY,"A First-in-human Study to Evaluate the Safety, Tolerability, Pharmacokinetics and Pharmacodynamics of HM15211(Efocipegtrutide)",PHASE1,COMPLETED,efocipegtrutide,efocipegtrutide,Incretin-based,GLP-1/GIP/glucagon,GLP1R; GIPR; GCGR,Triple GLP-1/GIP/glucagon receptor agonism,Fc-fusion peptide/protein,triple,True,VERIFIED,high,https://precision.fda.gov/ginas/app/ui/substances/TUI1MDD9F6,HM15211; long-acting GLP-1/GIP/glucagon triple agonist.,False,VERIFIED,VERIFIED,Incretin-based,GLP-1/GIP/glucagon,True,False,False
NCT03374956,liraglutide,Mayo Clinic,OTHER,Individualized Obesity Pharmacotherapy,PHASE3,COMPLETED,liraglutide,liraglutide,Incretin-based,GLP-1,GLP1R,GLP-1 receptor agonist,peptide,mono,True,VERIFIED,high,https://pubmed.ncbi.nlm.nih.gov/41054801/,GLP-1 analogue.,False,VERIFIED,VERIFIED,Incretin-based,GLP-1,True,False,False
NCT03374956,naltrexone + bupropion,Mayo Clinic,OTHER,Individualized Obesity Pharmacotherapy,PHASE3,COMPLETED,naltrexone + bupropion,naltrexone + bupropion,CNS/appetite,opioid + catecholamine,OPRM1; NET/DAT pathways,Opioid receptor antagonism plus noradrenergic/dopaminergic appetite modulation,small-molecule combination,,False,VERIFIED,high,,Approved anti-obesity combination; established pharmacology.,False,VERIFIED,VERIFIED,CNS/appetite,opioid + catecholamine,True,False,False
NCT03374956,phentermine,Mayo Clinic,OTHER,Individualized Obesity Pharmacotherapy,PHASE3,COMPLETED,phentermine,phentermine,CNS/appetite,sympathomimetic,noradrenergic/monoaminergic pathways,Sympathomimetic appetite suppression,small molecule,,False,VERIFIED,high,,Established appetite suppressant.,False,VERIFIED,VERIFIED,CNS/appetite,sympathomimetic,True,False,False
NCT03374956,phentermine + topiramate,Mayo Clinic,OTHER,Individualized Obesity Pharmacotherapy,PHASE3,COMPLETED,phentermine + topiramate,phentermine + topiramate,CNS/appetite,sympathomimetic + anticonvulsant,monoaminergic pathways; GABA/glutamate pathways,Appetite suppression through complementary CNS mechanisms,small-molecule combination,,False,VERIFIED,high,,Approved anti-obesity combination; established pharmacology.,False,VERIFIED,VERIFIED,CNS/appetite,sympathomimetic + anticonvulsant,True,False,False
NCT03414333,glp-1,University of Pisa,OTHER,"To Determine the Effect of GLP1 on Cognitive Function, Brain Glucose Metabolism and Neuroplasticity.",,COMPLETED,glp-1,unspecified GLP-1 receptor agonist,Incretin-based,GLP-1,GLP1R,GLP-1 receptor agonism,unspecified,mono,True,VERIFIED,medium,,Generic GLP-1 class label rather than a named molecule.,False,VERIFIED,VERIFIED,Incretin-based,GLP-1,True,False,False
NCT03431831,naltrexone + bupropion,University of Nebraska,OTHER,Assessment of and Treatment Applied to Food Addiction in a Rural Healthy Behaviors Clinic,PHASE4,COMPLETED,naltrexone + bupropion,naltrexone + bupropion,CNS/appetite,opioid + catecholamine,OPRM1; NET/DAT pathways,Opioid receptor antagonism plus noradrenergic/dopaminergic appetite modulation,small-molecule combination,,False,VERIFIED,high,,Approved anti-obesity combination; established pharmacology.,False,VERIFIED,VERIFIED,CNS/appetite,opioid + catecholamine,True,False,False
NCT03466203,llf580,Novartis Pharmaceuticals,INDUSTRY,Safety Study of LLF580 in Obese Volunteers,PHASE1,COMPLETED,,llf580,,,,,,,,UNMAPPED,,,,False,UNMAPPED,UNCLASSIFIED_LONG_TAIL,Unclassified long tail,Not individually reviewed,False,False,True
NCT03479892,nnc0194-0499,Novo Nordisk A/S,INDUSTRY,A Research Study Looking at a New Study Medicine (NNC0194-0499) for Weight Control in People With Overweight or Obesity,PHASE1,COMPLETED,nnc0194-0499,zalfermin,Metabolic/FGF21 pathway,FGF21,FGFR1c/FGFR3c + KLB,Long-acting FGF21-receptor agonist analogue,peptide/protein analogue,,False,VERIFIED_ALIAS,high,https://pubmed.ncbi.nlm.nih.gov/39013015/,NNC0194-0499 is zalfermin.,False,VERIFIED_ALIAS,VERIFIED_ALIAS,Metabolic/FGF21 pathway,FGF21,True,False,False
NCT03480022,liraglutide,Woman's,OTHER,"Liraglutide 3mg (Saxenda) on Weight, Body Composition, Hormonal and Metabolic Parameters in Obese Women With PCOS",PHASE3,COMPLETED,liraglutide,liraglutide,Incretin-based,GLP-1,GLP1R,GLP-1 receptor agonist,peptide,mono,True,VERIFIED,high,https://pubmed.ncbi.nlm.nih.gov/41054801/,GLP-1 analogue.,False,VERIFIED,VERIFIED,Incretin-based,GLP-1,True,False,False
NCT03486392,jnj-64565111 dose level 1,"Janssen Research & Development, LLC",INDUSTRY,A Study to Evaluate the Safety and Efficacy of JNJ-64565111 in Non-diabetic Severely Obese Participants,PHASE2,COMPLETED,jnj-64565111 dose level 1,jnj-64565111,Incretin-based,GLP-1/glucagon,GLP1R; GCGR,Dual GLP-1/glucagon receptor agonist,peptide,dual,True,VERIFIED_ALIAS,high,https://pubmed.ncbi.nlm.nih.gov/33475255/,Dose-level registry label; collapse to JNJ-64565111.,False,VERIFIED_ALIAS,VERIFIED_ALIAS,Incretin-based,GLP-1/glucagon,True,False,False
NCT03486392,jnj-64565111 dose level 2,"Janssen Research & Development, LLC",INDUSTRY,A Study to Evaluate the Safety and Efficacy of JNJ-64565111 in Non-diabetic Severely Obese Participants,PHASE2,COMPLETED,jnj-64565111 dose level 2,jnj-64565111,Incretin-based,GLP-1/glucagon,GLP1R; GCGR,Dual GLP-1/glucagon receptor agonist,peptide,dual,True,VERIFIED_ALIAS,high,https://pubmed.ncbi.nlm.nih.gov/33475255/,Dose-level registry label; collapse to JNJ-64565111.,False,VERIFIED_ALIAS,VERIFIED_ALIAS,Incretin-based,GLP-1/glucagon,True,False,False
NCT03486392,jnj-64565111 dose level 3,"Janssen Research & Development, LLC",INDUSTRY,A Study to Evaluate the Safety and Efficacy of JNJ-64565111 in Non-diabetic Severely Obese Participants,PHASE2,COMPLETED,jnj-64565111 dose level 3,jnj-64565111,Incretin-based,GLP-1/glucagon,GLP1R; GCGR,Dual GLP-1/glucagon receptor agonist,peptide,dual,True,VERIFIED_ALIAS,high,https://pubmed.ncbi.nlm.nih.gov/33475255/,Dose-level registry label; collapse to JNJ-64565111.,False,VERIFIED_ALIAS,VERIFIED_ALIAS,Incretin-based,GLP-1/glucagon,True,False,False
NCT03486392,liraglutide,"Janssen Research & Development, LLC",INDUSTRY,A Study to Evaluate the Safety and Efficacy of JNJ-64565111 in Non-diabetic Severely Obese Participants,PHASE2,COMPLETED,liraglutide,liraglutide,Incretin-based,GLP-1,GLP1R,GLP-1 receptor agonist,peptide,mono,True,VERIFIED,high,https://pubmed.ncbi.nlm.nih.gov/41054801/,GLP-1 analogue.,False,VERIFIED,VERIFIED,Incretin-based,GLP-1,True,False,False
NCT03497988,syntocinon,"Shana McCormack, MD",OTHER,Intranasal Oxytocin and Food Intake in Obese Adolescents,PHASE2,WITHDRAWN,syntocinon,oxytocin,Oxytocin,oxytocin receptor,OXTR,Oxytocin receptor agonist,peptide,mono,False,VERIFIED_ALIAS,high,https://clinicaltrials.gov/study/NCT02849743,Syntocinon is intranasal oxytocin; collapse into oxytocin identity.,False,VERIFIED_ALIAS,VERIFIED_ALIAS,Oxytocin,oxytocin receptor,True,False,False
NCT03523273,liraglutide,"Michael Camilleri, MD",OTHER,Pilot Study of the Effect of Liraglutide 3.0 mg on Weight Loss and Gastric Functions in Obesity,PHASE2,COMPLETED,liraglutide,liraglutide,Incretin-based,GLP-1,GLP1R,GLP-1 receptor agonist,peptide,mono,True,VERIFIED,high,https://pubmed.ncbi.nlm.nih.gov/41054801/,GLP-1 analogue.,False,VERIFIED,VERIFIED,Incretin-based,GLP-1,True,False,False
NCT03525002,bromocriptine,University Hospital Tuebingen,OTHER,Dopamine Action on Metabolism in Relation to Genotype,PHASE2,COMPLETED,bromocriptine,bromocriptine,CNS/appetite,dopaminergic,DRD2,Dopamine D2 receptor agonism,small molecule,mono,False,VERIFIED,high,https://clinicaltrials.gov/study/NCT03525002,Directly studied for genotype-dependent weight loss in obesity.,False,VERIFIED,VERIFIED,CNS/appetite,dopaminergic,True,False,False
NCT03534310,liraglutide,Catholic University of the Sacred Heart,OTHER,Weight Loss With Intensive Lifestyle Modifications Plus Bariatric Surgery Versus Liraglutide 3 mg,,COMPLETED,liraglutide,liraglutide,Incretin-based,GLP-1,GLP1R,GLP-1 receptor agonist,peptide,mono,True,VERIFIED,high,https://pubmed.ncbi.nlm.nih.gov/41054801/,GLP-1 analogue.,False,VERIFIED,VERIFIED,Incretin-based,GLP-1,True,False,False
NCT03548935,semaglutide,Novo Nordisk A/S,INDUSTRY,STEP 1: Research Study Investigating How Well Semaglutide Works in People Suffering From Overweight or Obesity,PHASE3,COMPLETED,semaglutide,semaglutide,Incretin-based,GLP-1,GLP1R,GLP-1 receptor agonist,peptide,mono,True,VERIFIED,high,https://pubmed.ncbi.nlm.nih.gov/41054801/,Long-acting GLP-1 analogue.,False,VERIFIED,VERIFIED,Incretin-based,GLP-1,True,False,False
NCT03548987,semaglutide,Novo Nordisk A/S,INDUSTRY,Research Study Investigating How Well Semaglutide Works in People Suffering From Overweight or Obesity,PHASE3,COMPLETED,semaglutide,semaglutide,Incretin-based,GLP-1,GLP1R,GLP-1 receptor agonist,peptide,mono,True,VERIFIED,high,https://pubmed.ncbi.nlm.nih.gov/41054801/,Long-acting GLP-1 analogue.,False,VERIFIED,VERIFIED,Incretin-based,GLP-1,True,False,False
NCT03552757,semaglutide,Novo Nordisk A/S,INDUSTRY,Research Study Investigating How Well Semaglutide Works in People With Type 2 Diabetes Suffering From Overweight or Obesity,PHASE3,COMPLETED,semaglutide,semaglutide,Incretin-based,GLP-1,GLP1R,GLP-1 receptor agonist,peptide,mono,True,VERIFIED,high,https://pubmed.ncbi.nlm.nih.gov/41054801/,Long-acting GLP-1 analogue.,False,VERIFIED,VERIFIED,Incretin-based,GLP-1,True,False,False
NCT03557424,polyglucosamine glucomannan high dose verum,Heilpflanzenwohl AG,INDUSTRY,"BEFORE Study, Efficacy of Refigura",PHASE4,COMPLETED,,polyglucosamine glucomannan high dose verum,,,,,,,,UNMAPPED,,,,False,UNMAPPED,UNCLASSIFIED_LONG_TAIL,Unclassified long tail,Not individually reviewed,False,False,True
NCT03557424,polyglucosamine glucomannan normal dose verum,Heilpflanzenwohl AG,INDUSTRY,"BEFORE Study, Efficacy of Refigura",PHASE4,COMPLETED,,polyglucosamine glucomannan normal dose verum,,,,,,,,UNMAPPED,,,,False,UNMAPPED,UNCLASSIFIED_LONG_TAIL,Unclassified long tail,Not individually reviewed,False,False,True
NCT03574584,nnc0165-1562,Novo Nordisk A/S,INDUSTRY,A Research Study of NNC0165-1562 and Semaglutide in People Who Are Overweight or Obese,PHASE1,COMPLETED,nnc0165-1562,NNC0165-1562,CNS/appetite,PYY,NPY2R-dominant PYY pathway,Long-acting peptide YY analogue,peptide,mono,False,VERIFIED,high,https://pmc.ncbi.nlm.nih.gov/articles/PMC13376848/,Long-acting PYY analogue investigated alone and with semaglutide.,False,VERIFIED,VERIFIED,CNS/appetite,PYY,True,False,False
NCT03574584,semaglutide,Novo Nordisk A/S,INDUSTRY,A Research Study of NNC0165-1562 and Semaglutide in People Who Are Overweight or Obese,PHASE1,COMPLETED,semaglutide,semaglutide,Incretin-based,GLP-1,GLP1R,GLP-1 receptor agonist,peptide,mono,True,VERIFIED,high,https://pubmed.ncbi.nlm.nih.gov/41054801/,Long-acting GLP-1 analogue.,False,VERIFIED,VERIFIED,Incretin-based,GLP-1,True,False,False
NCT03581630,naltrexone + bupropion,Gangnam Severance Hospital,OTHER,Effects of Mediterranean Diet and Naltrexone/Bupropion Treatment in Obese Breast Cancer Patients,,COMPLETED,naltrexone + bupropion,naltrexone + bupropion,CNS/appetite,opioid + catecholamine,OPRM1; NET/DAT pathways,Opioid receptor antagonism plus noradrenergic/dopaminergic appetite modulation,small-molecule combination,,False,VERIFIED,high,,Approved anti-obesity combination; established pharmacology.,False,VERIFIED,VERIFIED,CNS/appetite,opioid + catecholamine,True,False,False
NCT03586830,jnj-64565111 dose level 1,"Janssen Research & Development, LLC",INDUSTRY,A Study to Evaluate the Safety and Efficacy of JNJ-64565111 in Severely Obese Participants With Type 2 Diabetes Mellitus,PHASE2,COMPLETED,jnj-64565111 dose level 1,jnj-64565111,Incretin-based,GLP-1/glucagon,GLP1R; GCGR,Dual GLP-1/glucagon receptor agonist,peptide,dual,True,VERIFIED_ALIAS,high,https://pubmed.ncbi.nlm.nih.gov/33475255/,Dose-level registry label; collapse to JNJ-64565111.,False,VERIFIED_ALIAS,VERIFIED_ALIAS,Incretin-based,GLP-1/glucagon,True,False,False
NCT03586830,jnj-64565111 dose level 2,"Janssen Research & Development, LLC",INDUSTRY,A Study to Evaluate the Safety and Efficacy of JNJ-64565111 in Severely Obese Participants With Type 2 Diabetes Mellitus,PHASE2,COMPLETED,jnj-64565111 dose level 2,jnj-64565111,Incretin-based,GLP-1/glucagon,GLP1R; GCGR,Dual GLP-1/glucagon receptor agonist,peptide,dual,True,VERIFIED_ALIAS,high,https://pubmed.ncbi.nlm.nih.gov/33475255/,Dose-level registry label; collapse to JNJ-64565111.,False,VERIFIED_ALIAS,VERIFIED_ALIAS,Incretin-based,GLP-1/glucagon,True,False,False
NCT03586830,jnj-64565111 dose level 3,"Janssen Research & Development, LLC",INDUSTRY,A Study to Evaluate the Safety and Efficacy of JNJ-64565111 in Severely Obese Participants With Type 2 Diabetes Mellitus,PHASE2,COMPLETED,jnj-64565111 dose level 3,jnj-64565111,Incretin-based,GLP-1/glucagon,GLP1R; GCGR,Dual GLP-1/glucagon receptor agonist,peptide,dual,True,VERIFIED_ALIAS,high,https://pubmed.ncbi.nlm.nih.gov/33475255/,Dose-level registry label; collapse to JNJ-64565111.,False,VERIFIED_ALIAS,VERIFIED_ALIAS,Incretin-based,GLP-1/glucagon,True,False,False
NCT03586843,jnj-64565111,"Janssen Research & Development, LLC",INDUSTRY,A Study of JNJ-64565111 After Single Subcutaneous Administration at Different Injection Sites in Otherwise Healthy Overweight/Obese Adult Participants and a Study of JNJ-6456511 in Otherwise Healthy Obese Adult Participants After Multiple Dose,PHASE1,COMPLETED,,jnj-64565111,,,,,,,,UNMAPPED,,,,False,UNMAPPED,UNCLASSIFIED_LONG_TAIL,Unclassified long tail,Not individually reviewed,False,False,True
NCT03591718,survodutide,Boehringer Ingelheim,INDUSTRY,A Study to Test Different Doses of BI 456906 in Patients With Obesity,PHASE1,COMPLETED,survodutide,survodutide,Incretin-based,GLP-1/glucagon,GLP1R; GCGR,Dual GLP-1/glucagon receptor agonist,peptide,dual,True,VERIFIED,high,https://pubmed.ncbi.nlm.nih.gov/41054801/,Former development code BI 456906.,False,VERIFIED,VERIFIED,Incretin-based,GLP-1/glucagon,True,False,False
NCT03593668,benaglutide,The Affiliated Nanjing Drum Tower Hospital of Nanjing University Medical School,OTHER,Effect and Safety of Benaglutide or Metformin in Patients With Simple Obesity Who Have Inadequate Weight Control,PHASE4,UNKNOWN,benaglutide,benaglutide,Incretin-based,GLP-1,GLP1R,GLP-1 receptor agonist,peptide,mono,True,VERIFIED,high,,Short-acting recombinant human GLP-1 analogue.,False,VERIFIED,VERIFIED,Incretin-based,GLP-1,True,False,False
NCT03593668,metformin,The Affiliated Nanjing Drum Tower Hospital of Nanjing University Medical School,OTHER,Effect and Safety of Benaglutide or Metformin in Patients With Simple Obesity Who Have Inadequate Weight Control,PHASE4,UNKNOWN,metformin,metformin,Metabolic/energy expenditure,insulin sensitisation/metabolic,mitochondrial complex I; AMPK-associated pathways,Pleiotropic insulin-sensitising and metabolic effects,small molecule,,False,VERIFIED,medium,,Mechanism is pleiotropic; no single receptor target adequately describes metformin.,False,VERIFIED,VERIFIED,Metabolic/energy expenditure,insulin sensitisation/metabolic,True,False,False
NCT03596177,cotadutide,MedImmune LLC,INDUSTRY,A Study to Evaluate the Effect of MEDI0382 on Energy Balance in Overweight and Obese Participants With Type 2 Diabetes Mellitus,PHASE2,COMPLETED,cotadutide,cotadutide,Incretin-based,GLP-1/glucagon,GLP1R; GCGR,Dual GLP-1/glucagon receptor agonist,peptide,dual,True,VERIFIED,high,https://pubmed.ncbi.nlm.nih.gov/41054801/,Dual GLP-1/glucagon co-agonist.,False,VERIFIED,VERIFIED,Incretin-based,GLP-1/glucagon,True,False,False
NCT03600480,cagrilintide,Novo Nordisk A/S,INDUSTRY,A Research Study of How NNC0174-0833 Taken With Semaglutide Works in People Who Are Overweight or Obese,PHASE1,COMPLETED,cagrilintide,cagrilintide,Amylin-based,amylin,AMY1R; AMY2R; AMY3R; CTR,Long-acting amylin/calcitonin receptor agonist,peptide,multi,False,VERIFIED,high,https://pubmed.ncbi.nlm.nih.gov/42452898/,Long-acting amylin analogue with activity across amylin receptors and CTR.,False,VERIFIED,VERIFIED,Amylin-based,amylin,True,False,False
NCT03600480,semaglutide,Novo Nordisk A/S,INDUSTRY,A Research Study of How NNC0174-0833 Taken With Semaglutide Works in People Who Are Overweight or Obese,PHASE1,COMPLETED,semaglutide,semaglutide,Incretin-based,GLP-1,GLP1R,GLP-1 receptor agonist,peptide,mono,True,VERIFIED,high,https://pubmed.ncbi.nlm.nih.gov/41054801/,Long-acting GLP-1 analogue.,False,VERIFIED,VERIFIED,Incretin-based,GLP-1,True,False,False
NCT03603080,administration of weight loss drug metformin or topiramate,Hartford Hospital,OTHER,Efficacy of Pharmacotherapy to Enhance Weight Loss Following Sleeve Gastrectomy,PHASE4,TERMINATED,administration of weight loss drug metformin or topiramate,metformin or topiramate,Mixed/unspecified,mixed established pharmacotherapy,AMPK-associated metabolic pathways; CNS/GABA-glutamate pathways,Registry label allows either metformin or topiramate,mixed small-molecule class label,mixed,False,VERIFIED,medium,,Do not collapse to one molecule.,False,VERIFIED,VERIFIED,Mixed/unspecified,mixed established pharmacotherapy,True,False,False
NCT03611582,semaglutide,Novo Nordisk A/S,INDUSTRY,Research Study to Look at How Well Semaglutide is at Lowering Weight When Taken Together With an Intensive Lifestyle Program,PHASE3,COMPLETED,semaglutide,semaglutide,Incretin-based,GLP-1,GLP1R,GLP-1 receptor agonist,peptide,mono,True,VERIFIED,high,https://pubmed.ncbi.nlm.nih.gov/41054801/,Long-acting GLP-1 analogue.,False,VERIFIED,VERIFIED,Incretin-based,GLP-1,True,False,False
NCT03625778,cotadutide,MedImmune LLC,INDUSTRY,"A Study to Assess Safety, Tolerability, and Pharmacokinetics of MEDI0382 in Non-diabetic Obese Participants",PHASE1,COMPLETED,cotadutide,cotadutide,Incretin-based,GLP-1/glucagon,GLP1R; GCGR,Dual GLP-1/glucagon receptor agonist,peptide,dual,True,VERIFIED,high,https://pubmed.ncbi.nlm.nih.gov/41054801/,Dual GLP-1/glucagon co-agonist.,False,VERIFIED,VERIFIED,Incretin-based,GLP-1/glucagon,True,False,False
NCT03642600,liraglutide,Universitaire Ziekenhuizen KU Leuven,OTHER,The Gut Microbiome in Women With Polycystic Ovary Syndrome,PHASE4,COMPLETED,liraglutide,liraglutide,Incretin-based,GLP-1,GLP1R,GLP-1 receptor agonist,peptide,mono,True,VERIFIED,high,https://pubmed.ncbi.nlm.nih.gov/41054801/,GLP-1 analogue.,False,VERIFIED,VERIFIED,Incretin-based,GLP-1,True,False,False
NCT03651765,setmelanotide,"Rhythm Pharmaceuticals, Inc.",INDUSTRY,Long Term Extension Trial of Setmelanotide,PHASE2; PHASE3,COMPLETED,setmelanotide,setmelanotide,Melanocortin,MC4R,MC4R,Melanocortin-4 receptor agonist,peptide,mono,False,VERIFIED,high,https://www.accessdata.fda.gov/drugsatfda_docs/label/2026/213793s009lbl.pdf,Cyclic peptide MC4R agonist used in genetic/syndromic obesity.,False,VERIFIED,VERIFIED,Melanocortin,MC4R,True,False,False
NCT03661879,nnc9204-1706,Novo Nordisk A/S,INDUSTRY,Research Study of a New Medicine (NNC9204-1706) in People With Overweight or Obesity,PHASE1,COMPLETED,,nnc9204-1706,,,,,,,,UNMAPPED,,,,False,UNMAPPED,UNCLASSIFIED_LONG_TAIL,Unclassified long tail,Not individually reviewed,False,False,True
NCT03671733,exenatide,Xiangya Hospital of Central South University,OTHER,Effects of GLP-1 RAs on Weight and Metabolic Indicators in Obese Patients,PHASE3,UNKNOWN,exenatide,exenatide,Incretin-based,GLP-1,GLP1R,GLP-1 receptor agonist,peptide,mono,True,VERIFIED,high,https://pubmed.ncbi.nlm.nih.gov/41054801/,Exendin-4 based GLP-1RA.,False,VERIFIED,VERIFIED,Incretin-based,GLP-1,True,False,False
NCT03671733,exenatide microspheres for,Xiangya Hospital of Central South University,OTHER,Effects of GLP-1 RAs on Weight and Metabolic Indicators in Obese Patients,PHASE3,UNKNOWN,exenatide microspheres for,exenatide,Incretin-based,GLP-1,GLP1R,GLP-1 receptor agonism,peptide,mono,True,VERIFIED_ALIAS,high,,Long-acting/formulation wording; collapse to exenatide.,False,VERIFIED_ALIAS,VERIFIED_ALIAS,Incretin-based,GLP-1,True,False,False
NCT03671733,liraglutide,Xiangya Hospital of Central South University,OTHER,Effects of GLP-1 RAs on Weight and Metabolic Indicators in Obese Patients,PHASE3,UNKNOWN,liraglutide,liraglutide,Incretin-based,GLP-1,GLP1R,GLP-1 receptor agonist,peptide,mono,True,VERIFIED,high,https://pubmed.ncbi.nlm.nih.gov/41054801/,GLP-1 analogue.,False,VERIFIED,VERIFIED,Incretin-based,GLP-1,True,False,False
NCT03673111,y14,Imperial College London,OTHER,Study of the Gut Hormone Analogue Y14 in Adult Subjects,PHASE1,COMPLETED,,y14,,,,,,,,UNMAPPED,,,,False,UNMAPPED,UNCLASSIFIED_LONG_TAIL,Unclassified long tail,Not individually reviewed,False,False,True
NCT03675191,orlistat cap,Gangnam Severance Hospital,OTHER,Orlistat/Phentermine Versus Placebo/Phentermine,,COMPLETED,,orlistat cap,,,,,,,,UNMAPPED,,,,False,UNMAPPED,UNCLASSIFIED_LONG_TAIL,Unclassified long tail,Not individually reviewed,False,False,True
NCT03675191,phentermine,Gangnam Severance Hospital,OTHER,Orlistat/Phentermine Versus Placebo/Phentermine,,COMPLETED,phentermine,phentermine,CNS/appetite,sympathomimetic,noradrenergic/monoaminergic pathways,Sympathomimetic appetite suppression,small molecule,,False,VERIFIED,high,,Established appetite suppressant.,False,VERIFIED,VERIFIED,CNS/appetite,sympathomimetic,True,False,False
NCT03693430,semaglutide,Novo Nordisk A/S,INDUSTRY,Two-year Research Study Investigating How Well Semaglutide Works in People Suffering From Overweight or Obesity,PHASE3,COMPLETED,semaglutide,semaglutide,Incretin-based,GLP-1,GLP1R,GLP-1 receptor agonist,peptide,mono,True,VERIFIED,high,https://pubmed.ncbi.nlm.nih.gov/41054801/,Long-acting GLP-1 analogue.,False,VERIFIED,VERIFIED,Incretin-based,GLP-1,True,False,False
NCT03707990,nnc0165-1875,Novo Nordisk A/S,INDUSTRY,A Research Study of NNC0165-1875 Alone or Together With Semaglutide in People Who Are Overweight or Obese,PHASE1,COMPLETED,,nnc0165-1875,,,,,,,,UNMAPPED,,,,False,UNMAPPED,UNCLASSIFIED_LONG_TAIL,Unclassified long tail,Not individually reviewed,False,False,True
NCT03707990,semaglutide,Novo Nordisk A/S,INDUSTRY,A Research Study of NNC0165-1875 Alone or Together With Semaglutide in People Who Are Overweight or Obese,PHASE1,COMPLETED,semaglutide,semaglutide,Incretin-based,GLP-1,GLP1R,GLP-1 receptor agonist,peptide,mono,True,VERIFIED,high,https://pubmed.ncbi.nlm.nih.gov/41054801/,Long-acting GLP-1 analogue.,False,VERIFIED,VERIFIED,Incretin-based,GLP-1,True,False,False
NCT03710460,dapagliflozin,University of Guadalajara,OTHER,Effect of Dapagliflozin/Metformin XR vs Monotherapies on Anthropometric Indicators in Obesity,PHASE4,UNKNOWN,dapagliflozin,dapagliflozin,Renal/glucose transport,SGLT2,SLC5A2 (SGLT2),SGLT2 inhibition increases urinary glucose excretion,small molecule,,False,VERIFIED,high,,Established SGLT2 inhibitor.,False,VERIFIED,VERIFIED,Renal/glucose transport,SGLT2,True,False,False
NCT03710460,dapagliflozin plus metformin xr,University of Guadalajara,OTHER,Effect of Dapagliflozin/Metformin XR vs Monotherapies on Anthropometric Indicators in Obesity,PHASE4,UNKNOWN,dapagliflozin plus metformin xr,dapagliflozin + metformin,Metabolic combination,SGLT2 + biguanide,SLC5A2 (SGLT2); mitochondrial/AMPK-associated metformin pathways,Combined SGLT2 inhibition and metformin insulin-sensitising/metabolic effects,small-molecule combination,combination,False,VERIFIED_ALIAS,high,,Registry/formulation wording for dapagliflozin + metformin combination.,False,VERIFIED_ALIAS,VERIFIED_ALIAS,Metabolic combination,SGLT2 + biguanide,True,False,False
NCT03710460,metformin xr,University of Guadalajara,OTHER,Effect of Dapagliflozin/Metformin XR vs Monotherapies on Anthropometric Indicators in Obesity,PHASE4,UNKNOWN,,metformin xr,,,,,,,,UNMAPPED,,,,False,UNMAPPED,UNCLASSIFIED_LONG_TAIL,Unclassified long tail,Not individually reviewed,False,False,True
NCT03720574,lorcaserin bid,"Kanion & Huawe Medicine Co.,Ltd",INDUSTRY,Lorcaserin and Behavioral Modification for Overweight and Obesity Management in Chinese Obese Patients,PHASE3,TERMINATED,,lorcaserin bid,,,,,,,,UNMAPPED,,,,False,UNMAPPED,UNCLASSIFIED_LONG_TAIL,Unclassified long tail,Not individually reviewed,False,False,True
NCT03757130,amg 598,Amgen,INDUSTRY,Multiple Ascending Dose Study of AMG 598 in Adults With Obesity,PHASE1,COMPLETED,amg 598,AMG 598,Undisclosed,undisclosed,,,undisclosed,,,RESEARCH_REQUIRED,low,https://clinicaltrials.gov/study/NCT03757130,Amgen obesity Phase 1 programme; public molecular mechanism not identified.,False,RESEARCH_REQUIRED,UNRESOLVED_PUBLIC_INFO,Undisclosed / insufficient public information,Undisclosed,False,True,False
NCT03757130,liraglutide,Amgen,INDUSTRY,Multiple Ascending Dose Study of AMG 598 in Adults With Obesity,PHASE1,COMPLETED,liraglutide,liraglutide,Incretin-based,GLP-1,GLP1R,GLP-1 receptor agonist,peptide,mono,True,VERIFIED,high,https://pubmed.ncbi.nlm.nih.gov/41054801/,GLP-1 analogue.,False,VERIFIED,VERIFIED,Incretin-based,GLP-1,True,False,False
NCT03775278,php-303,pH Pharma,INDUSTRY,"A Study of Safety, Tolerability, and Pharmacokinetics of Multiple-Ascending Doses of PHP-303 in Otherwise Healthy Overweight or Obese Subjects",PHASE1,COMPLETED,,php-303,,,,,,,,UNMAPPED,,,,False,UNMAPPED,UNCLASSIFIED_LONG_TAIL,Unclassified long tail,Not individually reviewed,False,False,True
NCT03779048,phentermine,University of Pennsylvania,OTHER,Use of Medication to Improve Weight Loss in Suboptimal Early Responders to Behavioral Treatment,PHASE4,COMPLETED,phentermine,phentermine,CNS/appetite,sympathomimetic,noradrenergic/monoaminergic pathways,Sympathomimetic appetite suppression,small molecule,,False,VERIFIED,high,,Established appetite suppressant.,False,VERIFIED,VERIFIED,CNS/appetite,sympathomimetic,True,False,False
NCT03787225,cagrilintide,Novo Nordisk A/S,INDUSTRY,"A Research Study of How NNC0174-0833 Behaves in Japanese and Caucasian Volunteers Who Are Normal Weight, Overweight or With Obesity",PHASE1,COMPLETED,cagrilintide,cagrilintide,Amylin-based,amylin,AMY1R; AMY2R; AMY3R; CTR,Long-acting amylin/calcitonin receptor agonist,peptide,multi,False,VERIFIED,high,https://pubmed.ncbi.nlm.nih.gov/42452898/,Long-acting amylin analogue with activity across amylin receptors and CTR.,False,VERIFIED,VERIFIED,Amylin-based,amylin,True,False,False
NCT03795701,liraglutide,Texas Tech University,OTHER,"To Predict Weight Loss Response to Liraglutide (Saxenda®), From fMRI-based Determination of Food Cue Reactivity",,COMPLETED,liraglutide,liraglutide,Incretin-based,GLP-1,GLP1R,GLP-1 receptor agonist,peptide,mono,True,VERIFIED,high,https://pubmed.ncbi.nlm.nih.gov/41054801/,GLP-1 analogue.,False,VERIFIED,VERIFIED,Incretin-based,GLP-1,True,False,False
NCT03799198,for chronic weight management rx,Novo Nordisk A/S,INDUSTRY,Real World Effectiveness of Combining an Employer-based Weight Management Program With Medication for Chronic Weight Management in Employees With Obesity,PHASE4,COMPLETED,for chronic weight management rx,approved chronic weight-management medication class,Mixed/unspecified,mixed approved anti-obesity pharmacotherapy,,Pragmatic class label covering approved chronic weight-management drugs,mixed class,mixed,,VERIFIED,medium,https://clinicaltrials.gov/study/NCT03799198,"Class label includes orlistat, lorcaserin, phentermine/topiramate, naltrexone/bupropion and liraglutide.",False,VERIFIED,VERIFIED,Mixed/unspecified,mixed approved anti-obesity pharmacotherapy,True,False,False
NCT03811574,semaglutide,Novo Nordisk A/S,INDUSTRY,STEP 6: Research Study Investigating How Well Semaglutide Works in People Living With Overweight or Obesity,PHASE3,COMPLETED,semaglutide,semaglutide,Incretin-based,GLP-1,GLP1R,GLP-1 receptor agonist,peptide,mono,True,VERIFIED,high,https://pubmed.ncbi.nlm.nih.gov/41054801/,Long-acting GLP-1 analogue.,False,VERIFIED,VERIFIED,Incretin-based,GLP-1,True,False,False
NCT03842202,semaglutide,Novo Nordisk A/S,INDUSTRY,A Research Study to Look at How Semaglutide Affects Gastric Emptying in People With Obesity,PHASE1,COMPLETED,semaglutide,semaglutide,Incretin-based,GLP-1,GLP1R,GLP-1 receptor agonist,peptide,mono,True,VERIFIED,high,https://pubmed.ncbi.nlm.nih.gov/41054801/,Long-acting GLP-1 analogue.,False,VERIFIED,VERIFIED,Incretin-based,GLP-1,True,False,False
NCT03845075,tesofensine/metoprolol,Saniona,INDUSTRY,"48 Weeks, Study to Evaluate Overall Safety and Tolerability of Co-administration of Tesofensine and Metoprolol in Subjects With Hypothalamic Injury-induced Obesity (HIO)",PHASE2,COMPLETED,,tesofensine/metoprolol,,,,,,,,UNMAPPED,,,,False,UNMAPPED,UNCLASSIFIED_LONG_TAIL,Unclassified long tail,Not individually reviewed,False,False,True
NCT03849729,phentermine,Hospital Juarez de Mexico,OTHER_GOV,Effectiveness and Tolerability of Phentermine in Patients Under Bariatric Surgery,PHASE4,COMPLETED,phentermine,phentermine,CNS/appetite,sympathomimetic,noradrenergic/monoaminergic pathways,Sympathomimetic appetite suppression,small molecule,,False,VERIFIED,high,,Established appetite suppressant.,False,VERIFIED,VERIFIED,CNS/appetite,sympathomimetic,True,False,False
NCT03856047,cagrilintide,Novo Nordisk A/S,INDUSTRY,Research Study Investigating How Well NNC0174-0833 Works in People Suffering From Overweight or Obesity.,PHASE2,COMPLETED,cagrilintide,cagrilintide,Amylin-based,amylin,AMY1R; AMY2R; AMY3R; CTR,Long-acting amylin/calcitonin receptor agonist,peptide,multi,False,VERIFIED,high,https://pubmed.ncbi.nlm.nih.gov/42452898/,Long-acting amylin analogue with activity across amylin receptors and CTR.,False,VERIFIED,VERIFIED,Amylin-based,amylin,True,False,False
NCT03856047,liraglutide,Novo Nordisk A/S,INDUSTRY,Research Study Investigating How Well NNC0174-0833 Works in People Suffering From Overweight or Obesity.,PHASE2,COMPLETED,liraglutide,liraglutide,Incretin-based,GLP-1,GLP1R,GLP-1 receptor agonist,peptide,mono,True,VERIFIED,high,https://pubmed.ncbi.nlm.nih.gov/41054801/,GLP-1 analogue.,False,VERIFIED,VERIFIED,Incretin-based,GLP-1,True,False,False
NCT03866408,pioglitazone,Mayo Clinic,OTHER,Insulin Regulation of Lipolysis and Lipolysis Proteins,EARLY_PHASE1,RECRUITING,pioglitazone,pioglitazone,Metabolic/insulin sensitisation,PPAR-gamma,PPARG,PPAR-gamma agonist,small molecule,mono,False,VERIFIED,high,,Thiazolidinedione insulin sensitiser.,False,VERIFIED,VERIFIED,Metabolic/insulin sensitisation,PPAR-gamma,True,False,False
NCT03919929,semaglutide,"University of Colorado, Denver",OTHER,Treating PCOS With Semaglutide vs Active Lifestyle Intervention,PHASE2; PHASE3,COMPLETED,semaglutide,semaglutide,Incretin-based,GLP-1,GLP1R,GLP-1 receptor agonist,peptide,mono,True,VERIFIED,high,https://pubmed.ncbi.nlm.nih.gov/41054801/,Long-acting GLP-1 analogue.,False,VERIFIED,VERIFIED,Incretin-based,GLP-1,True,False,False
NCT03922945,vi-0521,VIVUS LLC,INDUSTRY,A Phase IV Safety and Efficacy Study of VI-0521 in Adolescents With Obesity,PHASE4,COMPLETED,,vi-0521,,,,,,,,UNMAPPED,,,,False,UNMAPPED,UNCLASSIFIED_LONG_TAIL,Unclassified long tail,Not individually reviewed,False,False,True
NCT03924193,lisdexamfetamine,Yale University,OTHER,Cognitive-Behavioral and Pharmacologic (LDX) Treatment of Binge-Eating Disorder and Obesity: Acute Treatment,PHASE3,COMPLETED,lisdexamfetamine,lisdexamfetamine,CNS/appetite,catecholaminergic,DAT/NET pathways via dextroamphetamine,Prodrug stimulant increasing central catecholaminergic signalling,small molecule,,False,VERIFIED,high,,Repurposed CNS agent rather than a dedicated obesity asset.,False,VERIFIED,VERIFIED,CNS/appetite,catecholaminergic,True,False,False
NCT03926052,lisdexamfetamine,Yale University,OTHER,Cognitive-Behavioral and Pharmacologic (LDX) Treatment of Binge-Eating Disorder and Obesity: Maintenance Treatment,PHASE3,COMPLETED,lisdexamfetamine,lisdexamfetamine,CNS/appetite,catecholaminergic,DAT/NET pathways via dextroamphetamine,Prodrug stimulant increasing central catecholaminergic signalling,small molecule,,False,VERIFIED,high,,Repurposed CNS agent rather than a dedicated obesity asset.,False,VERIFIED,VERIFIED,CNS/appetite,catecholaminergic,True,False,False
NCT03946111,naltrexone + bupropion,Yale University,OTHER,Cognitive-Behavioral and Pharmacologic (LDX) Treatment of Binge-Eating Disorder and Obesity: Medication Change for Non-Responders,PHASE2; PHASE3,COMPLETED,naltrexone + bupropion,naltrexone + bupropion,CNS/appetite,opioid + catecholamine,OPRM1; NET/DAT pathways,Opioid receptor antagonism plus noradrenergic/dopaminergic appetite modulation,small-molecule combination,,False,VERIFIED,high,,Approved anti-obesity combination; established pharmacology.,False,VERIFIED,VERIFIED,CNS/appetite,opioid + catecholamine,True,False,False
NCT03968224,dapagliflozin/metformin,Centro Medico Nacional Siglo XXI IMSS,OTHER,Effectiveness of Dapagliflozin for Weight Loss,PHASE2; PHASE3,COMPLETED,dapagliflozin/metformin,dapagliflozin + metformin,Metabolic combination,SGLT2 + biguanide,SLC5A2 (SGLT2); mitochondrial/AMPK-associated metformin pathways,Combined SGLT2 inhibition and metformin insulin-sensitising/metabolic effects,small-molecule combination,combination,False,VERIFIED_ALIAS,high,,Registry/formulation wording for dapagliflozin + metformin combination.,False,VERIFIED_ALIAS,VERIFIED_ALIAS,Metabolic combination,SGLT2 + biguanide,True,False,False
NCT03968224,metformin,Centro Medico Nacional Siglo XXI IMSS,OTHER,Effectiveness of Dapagliflozin for Weight Loss,PHASE2; PHASE3,COMPLETED,metformin,metformin,Metabolic/energy expenditure,insulin sensitisation/metabolic,mitochondrial complex I; AMPK-associated pathways,Pleiotropic insulin-sensitising and metabolic effects,small molecule,,False,VERIFIED,medium,,Mechanism is pleiotropic; no single receptor target adequately describes metformin.,False,VERIFIED,VERIFIED,Metabolic/energy expenditure,insulin sensitisation/metabolic,True,False,False
NCT03986008,benaglutide,Xiangya Hospital of Central South University,OTHER,Effects of Benaglutide on Weight and Gut Microbiota in Obese Patients,PHASE3,UNKNOWN,benaglutide,benaglutide,Incretin-based,GLP-1,GLP1R,GLP-1 receptor agonist,peptide,mono,True,VERIFIED,high,,Short-acting recombinant human GLP-1 analogue.,False,VERIFIED,VERIFIED,Incretin-based,GLP-1,True,False,False
NCT03991299,botox 200 unt,Vanderbilt University Medical Center,OTHER,"Investigating Effects of BOTOX on Weight Loss and Glucose Tolerance in Obese, Type 2 Diabetic Subjects",PHASE1; PHASE2,TERMINATED,botox 200 unt,onabotulinumtoxinA,GI motility/appetite,cholinergic neuromuscular blockade,SNAP25 / acetylcholine-release machinery,"Botulinum toxin-mediated inhibition of acetylcholine release, used intragastrically to alter gastric motility/satiety",protein toxin biologic,,False,VERIFIED_ALIAS,high,https://clinicaltrials.gov/study/NCT04274608,Collapse Botox/Botulinum toxin A labels to onabotulinumtoxinA.,False,VERIFIED_ALIAS,VERIFIED_ALIAS,GI motility/appetite,cholinergic neuromuscular blockade,True,False,False
NCT04007107,semaglutide,Novo Nordisk A/S,INDUSTRY,"A Study Comparing the Injection Site Pain Experience After the Injection of 2 Different Solutions of Semaglutide With 2 Different Injection Pens, a Compound for the Treatment of Type 2 Diabetes and Obesity",PHASE2,COMPLETED,semaglutide,semaglutide,Incretin-based,GLP-1,GLP1R,GLP-1 receptor agonist,peptide,mono,True,VERIFIED,high,https://pubmed.ncbi.nlm.nih.gov/41054801/,Long-acting GLP-1 analogue.,False,VERIFIED,VERIFIED,Incretin-based,GLP-1,True,False,False
NCT04007393,phentermine,University of Minnesota,OTHER,SMART Use of Medication for the Treatment of Adolescent Severe Obesity,PHASE2,COMPLETED,phentermine,phentermine,CNS/appetite,sympathomimetic,noradrenergic/monoaminergic pathways,Sympathomimetic appetite suppression,small molecule,,False,VERIFIED,high,,Established appetite suppressant.,False,VERIFIED,VERIFIED,CNS/appetite,sympathomimetic,True,False,False
NCT04007393,topiramate pill,University of Minnesota,OTHER,SMART Use of Medication for the Treatment of Adolescent Severe Obesity,PHASE2,COMPLETED,,topiramate pill,,,,,,,,UNMAPPED,,,,False,UNMAPPED,UNCLASSIFIED_LONG_TAIL,Unclassified long tail,Not individually reviewed,False,False,True
NCT04010786,nnc0247-0829,Novo Nordisk A/S,INDUSTRY,A Research Study Investigating NNC0247-0829 for Weight Management in People With Overweight or Obesity,PHASE1,COMPLETED,,nnc0247-0829,,,,,,,,UNMAPPED,,,,False,UNMAPPED,UNCLASSIFIED_LONG_TAIL,Unclassified long tail,Not individually reviewed,False,False,True
NCT04012255,semaglutide,Novo Nordisk A/S,INDUSTRY,A Research Study to Compare Two Forms of Semaglutide in Two Different Pen-injectors in People With Overweight or Obesity,PHASE1,TERMINATED,semaglutide,semaglutide,Incretin-based,GLP-1,GLP1R,GLP-1 receptor agonist,peptide,mono,True,VERIFIED,high,https://pubmed.ncbi.nlm.nih.gov/41054801/,Long-acting GLP-1 analogue.,False,VERIFIED,VERIFIED,Incretin-based,GLP-1,True,False,False
NCT04018339,bardoxolone methyl,"Kyowa Kirin Co., Ltd.",INDUSTRY,A Study of RTA 402 in Obese Adults,PHASE1,COMPLETED,bardoxolone methyl,bardoxolone methyl,Metabolic/oxidative stress,Nrf2 activation,KEAP1-NRF2 pathway,Electrophilic KEAP1 modulation leading to NRF2 pathway activation,small molecule,,False,VERIFIED,high,https://clinicaltrials.gov/study/NCT04018339,RTA 402; directly studied for body-weight/body-composition change in obese adults.,False,VERIFIED,VERIFIED,Metabolic/oxidative stress,Nrf2 activation,True,False,False
NCT04019197,semaglutide,Case Western Reserve University,OTHER,Effects of Semaglutide in HIV-Associated Lipohypertrophy,PHASE2,ACTIVE_NOT_RECRUITING,semaglutide,semaglutide,Incretin-based,GLP-1,GLP1R,GLP-1 receptor agonist,peptide,mono,True,VERIFIED,high,https://pubmed.ncbi.nlm.nih.gov/41054801/,Long-acting GLP-1 analogue.,False,VERIFIED,VERIFIED,Incretin-based,GLP-1,True,False,False
NCT04059367,nnc9204-1177,Novo Nordisk A/S,INDUSTRY,Research Study to Investigate How a Study Medicine (NNC9204- 1177) Affects Blood Levels of Other Medicines in Healthy People,PHASE1,COMPLETED,nnc9204-1177,NNC9204-1177,Incretin-based,GLP-1/glucagon,GLP1R; GCGR,Dual GLP-1/glucagon receptor agonist,peptide,dual,True,VERIFIED,high,https://pubmed.ncbi.nlm.nih.gov/37690519/,Also called NN1177; development stopped after Phase 1 safety findings.,False,VERIFIED,VERIFIED,Incretin-based,GLP-1/glucagon,True,False,False
NCT04074161,liraglutide,Novo Nordisk A/S,INDUSTRY,Research Study to Investigate How Well Semaglutide Works Compared to Liraglutide in People Living With Overweight or Obesity,PHASE3,COMPLETED,liraglutide,liraglutide,Incretin-based,GLP-1,GLP1R,GLP-1 receptor agonist,peptide,mono,True,VERIFIED,high,https://pubmed.ncbi.nlm.nih.gov/41054801/,GLP-1 analogue.,False,VERIFIED,VERIFIED,Incretin-based,GLP-1,True,False,False
NCT04074161,semaglutide,Novo Nordisk A/S,INDUSTRY,Research Study to Investigate How Well Semaglutide Works Compared to Liraglutide in People Living With Overweight or Obesity,PHASE3,COMPLETED,semaglutide,semaglutide,Incretin-based,GLP-1,GLP1R,GLP-1 receptor agonist,peptide,mono,True,VERIFIED,high,https://pubmed.ncbi.nlm.nih.gov/41054801/,Long-acting GLP-1 analogue.,False,VERIFIED,VERIFIED,Incretin-based,GLP-1,True,False,False
NCT04074174,cagrilintide,Novo Nordisk A/S,INDUSTRY,Research Study to Investigate the Effect of NNC0174-0833 on a Birth Control Pill in Women Who Are Not Able to Become Pregnant,PHASE1,COMPLETED,cagrilintide,cagrilintide,Amylin-based,amylin,AMY1R; AMY2R; AMY3R; CTR,Long-acting amylin/calcitonin receptor agonist,peptide,multi,False,VERIFIED,high,https://pubmed.ncbi.nlm.nih.gov/42452898/,Long-acting amylin analogue with activity across amylin receptors and CTR.,False,VERIFIED,VERIFIED,Amylin-based,amylin,True,False,False
NCT04075110,montelukast,Sadat City University,OTHER,"Investigation the Safety and Efficacy of The Antileukotriene Agents, Montelukast, as Adjuvant Therapy in Obese Patients With Type 2 Diabetes Mellitus",EARLY_PHASE1,COMPLETED,,montelukast,,,,,,,,UNMAPPED,,,,False,UNMAPPED,UNCLASSIFIED_LONG_TAIL,Unclassified long tail,Not individually reviewed,False,False,True
NCT04081337,tirzepatide,Eli Lilly and Company,INDUSTRY,A Study to Measure Energy Expenditure and Food Intake in Participants With Obesity Using Tirzepatide,PHASE1,COMPLETED,tirzepatide,tirzepatide,Incretin-based,GLP-1/GIP,GLP1R; GIPR,Dual GLP-1/GIP receptor agonist,peptide,dual,True,VERIFIED,high,https://pubmed.ncbi.nlm.nih.gov/41054801/,Dual incretin agonist.,False,VERIFIED,VERIFIED,Incretin-based,GLP-1/GIP,True,False,False
NCT04095104,immediate release topiramate,"University of Colorado, Denver",OTHER,Adjunct Phentermine + Topiramate After Bariatric Surgery in 12-24 Year Olds,PHASE2,COMPLETED,,immediate release topiramate,,,,,,,,UNMAPPED,,,,False,UNMAPPED,UNCLASSIFIED_LONG_TAIL,Unclassified long tail,Not individually reviewed,False,False,True
NCT04095104,phentermine,"University of Colorado, Denver",OTHER,Adjunct Phentermine + Topiramate After Bariatric Surgery in 12-24 Year Olds,PHASE2,COMPLETED,phentermine,phentermine,CNS/appetite,sympathomimetic,noradrenergic/monoaminergic pathways,Sympathomimetic appetite suppression,small molecule,,False,VERIFIED,high,,Established appetite suppressant.,False,VERIFIED,VERIFIED,CNS/appetite,sympathomimetic,True,False,False
NCT04102189,semaglutide,Novo Nordisk A/S,INDUSTRY,A Research Study on How Well Semaglutide Works in Adolescents With Overweight or Obesity,PHASE3,COMPLETED,semaglutide,semaglutide,Incretin-based,GLP-1,GLP1R,GLP-1 receptor agonist,peptide,mono,True,VERIFIED,high,https://pubmed.ncbi.nlm.nih.gov/41054801/,Long-acting GLP-1 analogue.,False,VERIFIED,VERIFIED,Incretin-based,GLP-1,True,False,False
NCT04116632,bms-963272,Bristol-Myers Squibb,INDUSTRY,A Multiple Dose Study to Assess the Safety and Tolerability of BMS-963272 in Obese But Otherwise Healthy Adults,PHASE1,COMPLETED,bms-963272,BMS-963272,GI nutrient absorption/metabolism,MGAT2 inhibition,MOGAT2 (MGAT2),Monoacylglycerol acyltransferase-2 inhibition,small molecule,,False,VERIFIED,high,https://pubmed.ncbi.nlm.nih.gov/34613725/,Selective MGAT2 inhibitor with human obesity Phase 1 data.,False,VERIFIED,VERIFIED,GI nutrient absorption/metabolism,MGAT2 inhibition,True,False,False
NCT04122716,liraglutide,Signe Torekov,OTHER,Combined Effects of GLP-1 Analogue and Exercise on Maintenance of Weight Loss and Health After Very-low Calorie Diet,PHASE4,UNKNOWN,liraglutide,liraglutide,Incretin-based,GLP-1,GLP1R,GLP-1 receptor agonist,peptide,mono,True,VERIFIED,high,https://pubmed.ncbi.nlm.nih.gov/41054801/,GLP-1 analogue.,False,VERIFIED,VERIFIED,Incretin-based,GLP-1,True,False,False
NCT04143945,semaglutide,Novo Nordisk A/S,INDUSTRY,"A Study Comparing the Injection Site Pain Experience After the Injection of Semaglutide B and Semaglutide D With 2 Different Injection Pens, a Compound for the Treatment of Type 2 Diabetes and Obesity",PHASE2,COMPLETED,semaglutide,semaglutide,Incretin-based,GLP-1,GLP1R,GLP-1 receptor agonist,peptide,mono,True,VERIFIED,high,https://pubmed.ncbi.nlm.nih.gov/41054801/,Long-acting GLP-1 analogue.,False,VERIFIED,VERIFIED,Incretin-based,GLP-1,True,False,False
NCT04167553,hm15136,Hanmi Pharmaceutical Company Limited,INDUSTRY,Study for Multiple Doses of HM15136(Efpegerglucagon) in Obese or Overweight Subjects With Comorbidities,PHASE1,COMPLETED,hm15136,HM15136,Glucagon pathway,glucagon,GCGR,Long-acting glucagon receptor agonism,peptide,mono,False,VERIFIED,high,https://diabetesjournals.org/diabetes/article/68/Supplement_1/109-LB/58576/,Long-acting glucagon analogue developed for weight loss through increased energy expenditure.,False,VERIFIED,VERIFIED,Glucagon pathway,glucagon,True,False,False
NCT04174755,semaglutide,University College Dublin,OTHER,Semaglutide's Efficacy in Achieving Weight Loss for Those With HIV,,RECRUITING,semaglutide,semaglutide,Incretin-based,GLP-1,GLP1R,GLP-1 receptor agonist,peptide,mono,True,VERIFIED,high,https://pubmed.ncbi.nlm.nih.gov/41054801/,Long-acting GLP-1 analogue.,False,VERIFIED,VERIFIED,Incretin-based,GLP-1,True,False,False
NCT04184622,tirzepatide,Eli Lilly and Company,INDUSTRY,A Study of Tirzepatide (LY3298176) in Participants With Obesity or Overweight,PHASE3,COMPLETED,tirzepatide,tirzepatide,Incretin-based,GLP-1/GIP,GLP1R; GIPR,Dual GLP-1/GIP receptor agonist,peptide,dual,True,VERIFIED,high,https://pubmed.ncbi.nlm.nih.gov/41054801/,Dual incretin agonist.,False,VERIFIED,VERIFIED,Incretin-based,GLP-1/GIP,True,False,False
NCT04187300,semaglutide,Novo Nordisk A/S,INDUSTRY,A Research Study Looking at the Comparability (Bioequivalence) of Two Forms of Semaglutide in Two Different Pen-injectors in People With Overweight or Obesity,PHASE1,COMPLETED,semaglutide,semaglutide,Incretin-based,GLP-1,GLP1R,GLP-1 receptor agonist,peptide,mono,True,VERIFIED,high,https://pubmed.ncbi.nlm.nih.gov/41054801/,Long-acting GLP-1 analogue.,False,VERIFIED,VERIFIED,Incretin-based,GLP-1,True,False,False
NCT04187339,ngm395,"NGM Biopharmaceuticals, Inc",INDUSTRY,Study of NGM395 in Adult Participants,PHASE1,COMPLETED,,ngm395,,,,,,,,UNMAPPED,,,,False,UNMAPPED,UNCLASSIFIED_LONG_TAIL,Unclassified long tail,Not individually reviewed,False,False,True
NCT04189848,dulaglutide,Novo Nordisk A/S,INDUSTRY,Comparison of Injection Site Pain Experience for Semaglutide and Dulaglutide sc,PHASE4,COMPLETED,dulaglutide,dulaglutide,Incretin-based,GLP-1,GLP1R,GLP-1 receptor agonist,Fc-fusion protein,mono,True,VERIFIED,high,https://pubmed.ncbi.nlm.nih.gov/41054801/,Long-acting GLP-1RA.,False,VERIFIED,VERIFIED,Incretin-based,GLP-1,True,False,False
NCT04189848,semaglutide,Novo Nordisk A/S,INDUSTRY,Comparison of Injection Site Pain Experience for Semaglutide and Dulaglutide sc,PHASE4,COMPLETED,semaglutide,semaglutide,Incretin-based,GLP-1,GLP1R,GLP-1 receptor agonist,peptide,mono,True,VERIFIED,high,https://pubmed.ncbi.nlm.nih.gov/41054801/,Long-acting GLP-1 analogue.,False,VERIFIED,VERIFIED,Incretin-based,GLP-1,True,False,False
NCT04194424,metformin hcl tab,American University of Beirut Medical Center,OTHER,A Multidisciplinary Weight Loss Program at AUB-MC,,ACTIVE_NOT_RECRUITING,,metformin hcl tab,,,,,,,,UNMAPPED,,,,False,UNMAPPED,UNCLASSIFIED_LONG_TAIL,Unclassified long tail,Not individually reviewed,False,False,True
NCT04199351,amg 171,Amgen,INDUSTRY,Single and Multiple Ascending Dose Study of AMG 171 in Subjects With Obesity,PHASE1,TERMINATED,amg 171,AMG 171,CNS/appetite,GDF15/GFRAL,GDF15; GFRAL/RET pathway,Long-acting GDF15 agonism suppressing food intake via GFRAL/RET,GDF15-Fc fusion protein,mono,False,VERIFIED,high,https://pmc.ncbi.nlm.nih.gov/articles/PMC12361751/,GDF15-Fc fusion programme; discontinued after Phase 1.,False,VERIFIED,VERIFIED,CNS/appetite,GDF15/GFRAL,True,False,False
NCT04209049,cagrilintide,Novo Nordisk A/S,INDUSTRY,A Research Study Looking Into Blood Levels of NNC0174-0833 in People With Normal and Impaired Kidney Function,PHASE1,COMPLETED,cagrilintide,cagrilintide,Amylin-based,amylin,AMY1R; AMY2R; AMY3R; CTR,Long-acting amylin/calcitonin receptor agonist,peptide,multi,False,VERIFIED,high,https://pubmed.ncbi.nlm.nih.gov/42452898/,Long-acting amylin analogue with activity across amylin receptors and CTR.,False,VERIFIED,VERIFIED,Amylin-based,amylin,True,False,False
NCT04228354,semaglutide,Novo Nordisk A/S,INDUSTRY,A Research Study Looking at the Comparability (Bioequivalence) of Two Versions of Semaglutide,PHASE1,COMPLETED,semaglutide,semaglutide,Incretin-based,GLP-1,GLP1R,GLP-1 receptor agonist,peptide,mono,True,VERIFIED,high,https://pubmed.ncbi.nlm.nih.gov/41054801/,Long-acting GLP-1 analogue.,False,VERIFIED,VERIFIED,Incretin-based,GLP-1,True,False,False
NCT04238962,semaglutide,Novo Nordisk A/S,INDUSTRY,A Research Study to Compare Two Different Forms of Once-weekly Semaglutide in Two Different Injection Pens,PHASE1,COMPLETED,semaglutide,semaglutide,Incretin-based,GLP-1,GLP1R,GLP-1 receptor agonist,peptide,mono,True,VERIFIED,high,https://pubmed.ncbi.nlm.nih.gov/41054801/,Long-acting GLP-1 analogue.,False,VERIFIED,VERIFIED,Incretin-based,GLP-1,True,False,False
NCT04251156,semaglutide,Novo Nordisk A/S,INDUSTRY,Research Study of How Well Semaglutide Works in People Living With Overweight or Obesity.,PHASE3,COMPLETED,semaglutide,semaglutide,Incretin-based,GLP-1,GLP1R,GLP-1 receptor agonist,peptide,mono,True,VERIFIED,high,https://pubmed.ncbi.nlm.nih.gov/41054801/,Long-acting GLP-1 analogue.,False,VERIFIED,VERIFIED,Incretin-based,GLP-1,True,False,False
NCT04259801,nnc0480-0389,Novo Nordisk A/S,INDUSTRY,"First Research Study to Look at How Two Medicines, NNC0480-0389 and Semaglutide, Work Together in Healthy People, in People With High Body Weight and in People With Diabetes",PHASE1,COMPLETED,,nnc0480-0389,,,,,,,,UNMAPPED,,,,False,UNMAPPED,UNCLASSIFIED_LONG_TAIL,Unclassified long tail,Not individually reviewed,False,False,True
NCT04259801,semaglutide,Novo Nordisk A/S,INDUSTRY,"First Research Study to Look at How Two Medicines, NNC0480-0389 and Semaglutide, Work Together in Healthy People, in People With High Body Weight and in People With Diabetes",PHASE1,COMPLETED,semaglutide,semaglutide,Incretin-based,GLP-1,GLP1R,GLP-1 receptor agonist,peptide,mono,True,VERIFIED,high,https://pubmed.ncbi.nlm.nih.gov/41054801/,Long-acting GLP-1 analogue.,False,VERIFIED,VERIFIED,Incretin-based,GLP-1,True,False,False
NCT04274608,botulinum toxin type a,Tan Tock Seng Hospital,OTHER,"Intra-gastric Fundal and Body Injection of Botulinum Toxin A for Weight Loss, a Randomized Controlled Trial",PHASE2; PHASE3,UNKNOWN,botulinum toxin type a,onabotulinumtoxinA,GI motility/appetite,cholinergic neuromuscular blockade,SNAP25 / acetylcholine-release machinery,"Botulinum toxin-mediated inhibition of acetylcholine release, used intragastrically to alter gastric motility/satiety",protein toxin biologic,,False,VERIFIED_ALIAS,high,https://clinicaltrials.gov/study/NCT04274608,Collapse Botox/Botulinum toxin A labels to onabotulinumtoxinA.,False,VERIFIED_ALIAS,VERIFIED_ALIAS,GI motility/appetite,cholinergic neuromuscular blockade,True,False,False
NCT04298203,phentermine + topiramate,University of Minnesota,OTHER,Role of Pharmacotherapy in Counteracting Weight Regain in Adolescents With Severe Obesity,PHASE2,COMPLETED,phentermine + topiramate,phentermine + topiramate,CNS/appetite,sympathomimetic + anticonvulsant,monoaminergic pathways; GABA/glutamate pathways,Appetite suppression through complementary CNS mechanisms,small-molecule combination,,False,VERIFIED,high,,Approved anti-obesity combination; established pharmacology.,False,VERIFIED,VERIFIED,CNS/appetite,sympathomimetic + anticonvulsant,True,False,False
NCT04311411,tirzepatide,Eli Lilly and Company,INDUSTRY,A Study of Tirzepatide in Overweight and Very Overweight Participants,PHASE1,COMPLETED,tirzepatide,tirzepatide,Incretin-based,GLP-1/GIP,GLP1R; GIPR,Dual GLP-1/GIP receptor agonist,peptide,dual,True,VERIFIED,high,https://pubmed.ncbi.nlm.nih.gov/41054801/,Dual incretin agonist.,False,VERIFIED,VERIFIED,Incretin-based,GLP-1/GIP,True,False,False
NCT04389775,ecnoglutide,Sciwind Biosciences APAC CO Pty. Ltd.,INDUSTRY,"To Evaluate the Safety, Tolerability, PK, and PD of XW003 Injection in Healthy Adult Participants",PHASE1,COMPLETED,ecnoglutide,ecnoglutide,Incretin-based,GLP-1,GLP1R,cAMP-biased GLP-1 receptor agonist,peptide,mono,True,VERIFIED,high,https://pubmed.ncbi.nlm.nih.gov/37364710/,XW003; long-acting GLP-1 analogue.,False,VERIFIED,VERIFIED,Incretin-based,GLP-1,True,False,False
NCT04399395,naltrexone + bupropion,Oslo University Hospital,OTHER,Naltrexone/Bupropion (Mysimba) to Optimize Weight Outcomes After Obesity Surgery,PHASE4,WITHDRAWN,naltrexone + bupropion,naltrexone + bupropion,CNS/appetite,opioid + catecholamine,OPRM1; NET/DAT pathways,Opioid receptor antagonism plus noradrenergic/dopaminergic appetite modulation,small-molecule combination,,False,VERIFIED,high,,Approved anti-obesity combination; established pharmacology.,False,VERIFIED,VERIFIED,CNS/appetite,opioid + catecholamine,True,False,False
NCT04407234,tirzepatide,Eli Lilly and Company,INDUSTRY,A Study to Measure Stomach Emptying in Overweight Non-diabetic and Diabetic Participants Using Tirzepatide,PHASE1,COMPLETED,tirzepatide,tirzepatide,Incretin-based,GLP-1/GIP,GLP1R; GIPR,Dual GLP-1/GIP receptor agonist,peptide,dual,True,VERIFIED,high,https://pubmed.ncbi.nlm.nih.gov/41054801/,Dual incretin agonist.,False,VERIFIED,VERIFIED,Incretin-based,GLP-1/GIP,True,False,False
NCT04408586,phentermine + topiramate,Mayo Clinic,OTHER,Anti-Obesity Phentermine-Topiramate Extended Release Pharmacotherapy vs Placebo Among Patients Using a Wearable Activity Tracker,PHASE4,COMPLETED,phentermine + topiramate,phentermine + topiramate,CNS/appetite,sympathomimetic + anticonvulsant,monoaminergic pathways; GABA/glutamate pathways,Appetite suppression through complementary CNS mechanisms,small-molecule combination,,False,VERIFIED,high,,Approved anti-obesity combination; established pharmacology.,False,VERIFIED,VERIFIED,CNS/appetite,sympathomimetic + anticonvulsant,True,False,False
NCT04440345,mazdutide,Innovent Biologics (Suzhou) Co. Ltd.,INDUSTRY,"Evaluate the Safety, Tolerability, Pharmacokinetics, and Pharmacodynamics of IBI362 in Overweight or Obesity Subjects",PHASE1; PHASE2,COMPLETED,mazdutide,mazdutide,Incretin-based,GLP-1/glucagon,GLP1R; GCGR,Dual GLP-1/glucagon receptor agonist,peptide,dual,True,VERIFIED,high,https://pubmed.ncbi.nlm.nih.gov/41054801/,Former development code IBI362/LY3305677.,False,VERIFIED,VERIFIED,Incretin-based,GLP-1/glucagon,True,False,False
NCT04443790,leptin human,Hafiz Muhammad Asif,OTHER,Clinical Evaluation of Polyherbal Coded Formulation Obesecure for Leptin Regulation and Obesity Management,PHASE2,COMPLETED,,leptin human,,,,,,,,UNMAPPED,,,,False,UNMAPPED,UNCLASSIFIED_LONG_TAIL,Unclassified long tail,Not individually reviewed,False,False,True
NCT04447261,bi 1356225,Boehringer Ingelheim,INDUSTRY,A Study to Test How Well Different Doses of BI 1356225 Are Tolerated by Men and Women With Obesity or Overweight,PHASE1,COMPLETED,bi 1356225,BI 1356225,CNS/appetite,ghrelin/GOAT,MBOAT4 (GOAT),Ghrelin-O-acyltransferase inhibition reduces formation of active acylated ghrelin,small molecule,,False,VERIFIED,high,https://pubmed.ncbi.nlm.nih.gov/36958671/,Oral GOAT inhibitor studied in overweight/obesity.,False,VERIFIED,VERIFIED,CNS/appetite,ghrelin/GOAT,True,False,False
NCT04449536,mesna,University of Oslo,OTHER,Cysteine-lowering Treatment With Mesna,PHASE1,COMPLETED,,mesna,,,,,,,,UNMAPPED,,,,False,UNMAPPED,UNCLASSIFIED_LONG_TAIL,Unclassified long tail,Not individually reviewed,False,False,True
NCT04478708,maridebart cafraglutide,Amgen,INDUSTRY,Single and Multiple Ascending Dose Study of AMG 133 in Participants With Obesity,PHASE1,COMPLETED,maridebart cafraglutide,maridebart cafraglutide,Incretin-based,GLP-1 agonism + GIP antagonism,GLP1R; GIPR,GLP-1 receptor agonism plus GIP receptor antagonism,antibody-peptide conjugate,,True,VERIFIED,high,https://pubmed.ncbi.nlm.nih.gov/38316982/,Anti-GIPR antibody conjugated to GLP-1 agonist peptides.,False,VERIFIED,VERIFIED,Incretin-based,GLP-1 agonism + GIP antagonism,True,False,False
NCT04487743,liraglutide,Xiangya Hospital of Central South University,OTHER,Efficacy and Safety of Liraglutide on Body Weight in Obese Subjects or Overweight Subjects With Co-morbidities,PHASE3,UNKNOWN,liraglutide,liraglutide,Incretin-based,GLP-1,GLP1R,GLP-1 receptor agonist,peptide,mono,True,VERIFIED,high,https://pubmed.ncbi.nlm.nih.gov/41054801/,GLP-1 analogue.,False,VERIFIED,VERIFIED,Incretin-based,GLP-1,True,False,False
NCT04499950,naltrexone + bupropion,Sidney Kimmel Comprehensive Cancer Center at Johns Hopkins,OTHER,Adaptive Nutrition and Exercise Weight Loss (A-NEW) Study,PHASE2,COMPLETED,naltrexone + bupropion,naltrexone + bupropion,CNS/appetite,opioid + catecholamine,OPRM1; NET/DAT pathways,Opioid receptor antagonism plus noradrenergic/dopaminergic appetite modulation,small-molecule combination,,False,VERIFIED,high,,Approved anti-obesity combination; established pharmacology.,False,VERIFIED,VERIFIED,CNS/appetite,opioid + catecholamine,True,False,False
NCT04520490,exenatide,Seattle Children's Hospital,OTHER,Brain Activation and Satiety in Children 2,PHASE3,ACTIVE_NOT_RECRUITING,exenatide,exenatide,Incretin-based,GLP-1,GLP1R,GLP-1 receptor agonist,peptide,mono,True,VERIFIED,high,https://pubmed.ncbi.nlm.nih.gov/41054801/,Exendin-4 based GLP-1RA.,False,VERIFIED,VERIFIED,Incretin-based,GLP-1,True,False,False
NCT04521738,sar441255,Sanofi,INDUSTRY,First-in-human Study to Assess Safety and Tolerability of a Single Subcutaneous Dose of SAR441255 in Lean to Overweight Subjects,PHASE1,COMPLETED,,sar441255,,,,,,,,UNMAPPED,,,,False,UNMAPPED,UNCLASSIFIED_LONG_TAIL,Unclassified long tail,Not individually reviewed,False,False,True
NCT04521751,emp16-02 orlistat/ acarbose,Empros Pharma AB,INDUSTRY,"A Proof of Concept Trial in Overweight and Obese Patients, Investigating Effect of EMP16-02 on Body Weight (Primary)",PHASE1; PHASE2,COMPLETED,emp16-02 orlistat/ acarbose,EMP16 (orlistat + acarbose),GI nutrient absorption,lipase + carbohydrate-digestion inhibition,gastric/pancreatic lipases; intestinal alpha-glucosidases/amylase,Modified-release combination reduces fat absorption and delays carbohydrate digestion,small-molecule combination/formulation,,False,VERIFIED_ALIAS,high,https://pubmed.ncbi.nlm.nih.gov/36123783/,EMP16 is modified-release orlistat + acarbose.,False,VERIFIED_ALIAS,VERIFIED_ALIAS,GI nutrient absorption,lipase + carbohydrate-digestion inhibition,True,False,False
NCT04525300,liraglutide,Xiangya Hospital of Central South University,OTHER,Gut Microbiome Changes Following Liraglutide Treatment in Obese Subjects or Overweight Subjects With Co-morbidities,PHASE3,UNKNOWN,liraglutide,liraglutide,Incretin-based,GLP-1,GLP1R,GLP-1 receptor agonist,peptide,mono,True,VERIFIED,high,https://pubmed.ncbi.nlm.nih.gov/41054801/,GLP-1 analogue.,False,VERIFIED,VERIFIED,Incretin-based,GLP-1,True,False,False
NCT04529278,liraglutide,Fondation Hôpital Saint-Joseph,OTHER,Efficacy and Tolerance of Liraglutide for Weight Loss in Obese Type 2 Diabetic Hemodialysis Patients,PHASE2,UNKNOWN,liraglutide,liraglutide,Incretin-based,GLP-1,GLP1R,GLP-1 receptor agonist,peptide,mono,True,VERIFIED,high,https://pubmed.ncbi.nlm.nih.gov/41054801/,GLP-1 analogue.,False,VERIFIED,VERIFIED,Incretin-based,GLP-1,True,False,False
NCT04531176,liraglutide,The Cleveland Clinic,OTHER,EMI-EHP Weight Management and Type 2 Diabetes Pragmatic Trial,PHASE4,TERMINATED,liraglutide,liraglutide,Incretin-based,GLP-1,GLP1R,GLP-1 receptor agonist,peptide,mono,True,VERIFIED,high,https://pubmed.ncbi.nlm.nih.gov/41054801/,GLP-1 analogue.,False,VERIFIED,VERIFIED,Incretin-based,GLP-1,True,False,False
NCT04531176,naltrexone + bupropion,The Cleveland Clinic,OTHER,EMI-EHP Weight Management and Type 2 Diabetes Pragmatic Trial,PHASE4,TERMINATED,naltrexone + bupropion,naltrexone + bupropion,CNS/appetite,opioid + catecholamine,OPRM1; NET/DAT pathways,Opioid receptor antagonism plus noradrenergic/dopaminergic appetite modulation,small-molecule combination,,False,VERIFIED,high,,Approved anti-obesity combination; established pharmacology.,False,VERIFIED,VERIFIED,CNS/appetite,opioid + catecholamine,True,False,False
NCT04531176,orlistat,The Cleveland Clinic,OTHER,EMI-EHP Weight Management and Type 2 Diabetes Pragmatic Trial,PHASE4,TERMINATED,orlistat,orlistat,GI nutrient absorption,lipase inhibition,gastric and pancreatic lipases,Gastrointestinal lipase inhibitor reducing dietary fat absorption,small molecule,,False,VERIFIED,high,,Peripheral gastrointestinal mechanism.,False,VERIFIED,VERIFIED,GI nutrient absorption,lipase inhibition,True,False,False
NCT04531176,phentermine + topiramate,The Cleveland Clinic,OTHER,EMI-EHP Weight Management and Type 2 Diabetes Pragmatic Trial,PHASE4,TERMINATED,phentermine + topiramate,phentermine + topiramate,CNS/appetite,sympathomimetic + anticonvulsant,monoaminergic pathways; GABA/glutamate pathways,Appetite suppression through complementary CNS mechanisms,small-molecule combination,,False,VERIFIED,high,,Approved anti-obesity combination; established pharmacology.,False,VERIFIED,VERIFIED,CNS/appetite,sympathomimetic + anticonvulsant,True,False,False
NCT04551482,oxytocin,Massachusetts General Hospital,OTHER,Oxytocin for Weight Loss in Adolescents,PHASE2,RECRUITING,oxytocin,oxytocin,Oxytocin,oxytocin receptor,OXTR,Oxytocin receptor agonist,peptide,mono,False,VERIFIED,high,,Repurposed satiety/appetite pathway.,False,VERIFIED,VERIFIED,Oxytocin,oxytocin receptor,True,False,False
NCT04561245,alt-801,"Altimmune, Inc.",INDUSTRY,ALT-801 (Pemvidutide) in Healthy Overweight and Obese Volunteers to Study Safety and Tolerability,PHASE1,COMPLETED,alt-801,pemvidutide,Incretin-based,GLP-1/glucagon,GLP1R; GCGR,Dual GLP-1/glucagon receptor agonist,peptide,dual,True,VERIFIED_ALIAS,high,https://diabetesjournals.org/diabetes/article/71/Supplement_1/334-OR/146219/,ALT-801 is pemvidutide.,False,VERIFIED_ALIAS,VERIFIED_ALIAS,Incretin-based,GLP-1/glucagon,True,False,False
NCT04572217,phentermine,Janey Pratt,OTHER,Medications After Adolescent Bariatric Surgery,PHASE2,WITHDRAWN,phentermine,phentermine,CNS/appetite,sympathomimetic,noradrenergic/monoaminergic pathways,Sympathomimetic appetite suppression,small molecule,,False,VERIFIED,high,,Established appetite suppressant.,False,VERIFIED,VERIFIED,CNS/appetite,sympathomimetic,True,False,False
NCT04572217,topiramate,Janey Pratt,OTHER,Medications After Adolescent Bariatric Surgery,PHASE2,WITHDRAWN,topiramate,topiramate,CNS/appetite,anticonvulsant/appetite,GABA-A; AMPA/kainate; carbonic anhydrase (pleiotropic),Pleiotropic CNS appetite-modulating effects,small molecule,,False,VERIFIED,medium,,Mechanism relevant to weight loss is multifactorial.,False,VERIFIED,VERIFIED,CNS/appetite,anticonvulsant/appetite,True,False,False
NCT04575194,liraglutide,National and Kapodistrian University of Athens,OTHER,Study of the Cardiometabolic Effects of Obesity Pharmacotherapy,PHASE4,UNKNOWN,liraglutide,liraglutide,Incretin-based,GLP-1,GLP1R,GLP-1 receptor agonist,peptide,mono,True,VERIFIED,high,https://pubmed.ncbi.nlm.nih.gov/41054801/,GLP-1 analogue.,False,VERIFIED,VERIFIED,Incretin-based,GLP-1,True,False,False
NCT04575194,naltrexone + bupropion,National and Kapodistrian University of Athens,OTHER,Study of the Cardiometabolic Effects of Obesity Pharmacotherapy,PHASE4,UNKNOWN,naltrexone + bupropion,naltrexone + bupropion,CNS/appetite,opioid + catecholamine,OPRM1; NET/DAT pathways,Opioid receptor antagonism plus noradrenergic/dopaminergic appetite modulation,small-molecule combination,,False,VERIFIED,high,,Approved anti-obesity combination; established pharmacology.,False,VERIFIED,VERIFIED,CNS/appetite,opioid + catecholamine,True,False,False
NCT04578652,metformin bid,University of Alberta,OTHER,Fiber and Metformin Combination Therapy in Adolescents With Severe Obesity and Insulin Resistance,PHASE3,RECRUITING,,metformin bid,,,,,,,,UNMAPPED,,,,False,UNMAPPED,UNCLASSIFIED_LONG_TAIL,Unclassified long tail,Not individually reviewed,False,False,True
NCT04587843,naltrexone + bupropion,St. Joseph's Healthcare Hamilton,OTHER,A Trial Evaluating the Effectiveness of Contrave in Patients Who Have Weight Recidivism Following Bariatric Surgery,PHASE4,UNKNOWN,naltrexone + bupropion,naltrexone + bupropion,CNS/appetite,opioid + catecholamine,OPRM1; NET/DAT pathways,Opioid receptor antagonism plus noradrenergic/dopaminergic appetite modulation,small-molecule combination,,False,VERIFIED,high,,Approved anti-obesity combination; established pharmacology.,False,VERIFIED,VERIFIED,CNS/appetite,opioid + catecholamine,True,False,False
NCT04589130,naltrexone + bupropion,St. Joseph's Healthcare Hamilton,OTHER,"Evaluating Contrave for Weight Maintenance in Adults With BMI >= 27 Kg/m2, After 6 Month Behaviour Modification Program.",PHASE4,UNKNOWN,naltrexone + bupropion,naltrexone + bupropion,CNS/appetite,opioid + catecholamine,OPRM1; NET/DAT pathways,Opioid receptor antagonism plus noradrenergic/dopaminergic appetite modulation,small-molecule combination,,False,VERIFIED,high,,Approved anti-obesity combination; established pharmacology.,False,VERIFIED,VERIFIED,CNS/appetite,opioid + catecholamine,True,False,False
NCT04599478,naltrexone + bupropion,Yale University,OTHER,Pharmacological and Behavioral Treatment After Bariatric Surgery: Acute (Stage 1),PHASE2; PHASE3,COMPLETED,naltrexone + bupropion,naltrexone + bupropion,CNS/appetite,opioid + catecholamine,OPRM1; NET/DAT pathways,Opioid receptor antagonism plus noradrenergic/dopaminergic appetite modulation,small-molecule combination,,False,VERIFIED,high,,Approved anti-obesity combination; established pharmacology.,False,VERIFIED,VERIFIED,CNS/appetite,opioid + catecholamine,True,False,False
NCT04599504,lisdexamfetamine,Yale University,OTHER,Pharmacological and Behavioral Treatment After Bariatric Surgery: Medication Change for Non-Responders (Stage 2b),PHASE2; PHASE3,COMPLETED,lisdexamfetamine,lisdexamfetamine,CNS/appetite,catecholaminergic,DAT/NET pathways via dextroamphetamine,Prodrug stimulant increasing central catecholaminergic signalling,small molecule,,False,VERIFIED,high,,Repurposed CNS agent rather than a dedicated obesity asset.,False,VERIFIED,VERIFIED,CNS/appetite,catecholaminergic,True,False,False
NCT04605081,naltrexone + bupropion,Yale University,OTHER,Pharmacological and Behavioral Treatments After Bariatric Surgery: Maintenance Treatment (Stage 2a),PHASE2; PHASE3,COMPLETED,naltrexone + bupropion,naltrexone + bupropion,CNS/appetite,opioid + catecholamine,OPRM1; NET/DAT pathways,Opioid receptor antagonism plus noradrenergic/dopaminergic appetite modulation,small-molecule combination,,False,VERIFIED,high,,Approved anti-obesity combination; established pharmacology.,False,VERIFIED,VERIFIED,CNS/appetite,opioid + catecholamine,True,False,False
NCT04605861,liraglutide,Shanghai Zhongshan Hospital,OTHER,The Efficacy and Safety of Liraglutide on Body Weight Loss in Obese and Overweight Patients,PHASE3,COMPLETED,liraglutide,liraglutide,Incretin-based,GLP-1,GLP1R,GLP-1 receptor agonist,peptide,mono,True,VERIFIED,high,https://pubmed.ncbi.nlm.nih.gov/41054801/,GLP-1 analogue.,False,VERIFIED,VERIFIED,Incretin-based,GLP-1,True,False,False
NCT04614545,phentermine,The Cleveland Clinic,OTHER,Comparing a Virtual vs. Face to Face Weight Management Program Using Phentermine for Patients With Overweight or Obesity,PHASE4,COMPLETED,phentermine,phentermine,CNS/appetite,sympathomimetic,noradrenergic/monoaminergic pathways,Sympathomimetic appetite suppression,small molecule,,False,VERIFIED,high,,Established appetite suppressant.,False,VERIFIED,VERIFIED,CNS/appetite,sympathomimetic,True,False,False
NCT04616339,danuglipron,Pfizer,INDUSTRY,STUDY TO COMPARE PHARMACOKINETICS (PK) OF SINGLE ORAL DOSES OF DIFFERENT PF-06882961 FORMULATIONS IN PARTICIPANTS WHO ARE OVERWEIGHT OR HAVE OBESITY,PHASE1,COMPLETED,danuglipron,danuglipron,Incretin-based,GLP-1,GLP1R,GLP-1 receptor agonist,small molecule,mono,True,VERIFIED,high,https://pubmed.ncbi.nlm.nih.gov/41054801/,Oral nonpeptide GLP-1RA.,False,VERIFIED,VERIFIED,Incretin-based,GLP-1,True,False,False
NCT04617275,danuglipron,Pfizer,INDUSTRY,"A 12-WEEK TITRATE STUDY TO EVALUATE SAFETY, TOLERABILITY AND PHARMACODYNAMICS OF PF-06882961 IN ADULTS WITH TYPE 2 DIABETES MELLITUS AND IN NON-DIABETIC ADULTS WITH OBESITY",PHASE2,COMPLETED,danuglipron,danuglipron,Incretin-based,GLP-1,GLP1R,GLP-1 receptor agonist,small molecule,mono,True,VERIFIED,high,https://pubmed.ncbi.nlm.nih.gov/41054801/,Oral nonpeptide GLP-1RA.,False,VERIFIED,VERIFIED,Incretin-based,GLP-1,True,False,False
NCT04621227,danuglipron,Pfizer,INDUSTRY,Study To Evaluate The Effect Of Two Steady State Doses of PF 06882961 On Rosuvastatin And Midazolam Pharmacokinetics In Otherwise Healthy Adult Participants With Obesity,PHASE1,COMPLETED,danuglipron,danuglipron,Incretin-based,GLP-1,GLP1R,GLP-1 receptor agonist,small molecule,mono,True,VERIFIED,high,https://pubmed.ncbi.nlm.nih.gov/41054801/,Oral nonpeptide GLP-1RA.,False,VERIFIED,VERIFIED,Incretin-based,GLP-1,True,False,False
NCT04621929,phentermine + topiramate,University of Florida,OTHER,Phentermine/Topiramate for Uric Acid Stones,PHASE2,COMPLETED,phentermine + topiramate,phentermine + topiramate,CNS/appetite,sympathomimetic + anticonvulsant,monoaminergic pathways; GABA/glutamate pathways,Appetite suppression through complementary CNS mechanisms,small-molecule combination,,False,VERIFIED,high,,Approved anti-obesity combination; established pharmacology.,False,VERIFIED,VERIFIED,CNS/appetite,sympathomimetic + anticonvulsant,True,False,False
NCT04657003,tirzepatide,Eli Lilly and Company,INDUSTRY,A Study of Tirzepatide (LY3298176) in Participants With Type 2 Diabetes Who Have Obesity or Are Overweight,PHASE3,COMPLETED,tirzepatide,tirzepatide,Incretin-based,GLP-1/GIP,GLP1R; GIPR,Dual GLP-1/GIP receptor agonist,peptide,dual,True,VERIFIED,high,https://pubmed.ncbi.nlm.nih.gov/41054801/,Dual incretin agonist.,False,VERIFIED,VERIFIED,Incretin-based,GLP-1/GIP,True,False,False
NCT04657016,tirzepatide,Eli Lilly and Company,INDUSTRY,A Study of Tirzepatide (LY3298176) In Participants After A Lifestyle Weight Loss Program,PHASE3,COMPLETED,tirzepatide,tirzepatide,Incretin-based,GLP-1/GIP,GLP1R; GIPR,Dual GLP-1/GIP receptor agonist,peptide,dual,True,VERIFIED,high,https://pubmed.ncbi.nlm.nih.gov/41054801/,Dual incretin agonist.,False,VERIFIED,VERIFIED,Incretin-based,GLP-1/GIP,True,False,False
NCT04660643,tirzepatide,Eli Lilly and Company,INDUSTRY,A Study of Tirzepatide (LY3298176) in Participants With Obesity or Overweight for the Maintenance of Weight Loss,PHASE3,COMPLETED,tirzepatide,tirzepatide,Incretin-based,GLP-1/GIP,GLP1R; GIPR,Dual GLP-1/GIP receptor agonist,peptide,dual,True,VERIFIED,high,https://pubmed.ncbi.nlm.nih.gov/41054801/,Dual incretin agonist.,False,VERIFIED,VERIFIED,Incretin-based,GLP-1/GIP,True,False,False
NCT04663139,xla1,YSOPIA Bioscience,INDUSTRY,"Xla1 Christensenella Minuta, Phase I, Randomized, Partially Placebo-controlled Double-blind Protocol, Evaluating Safety, Tolerability and Impact on the Gut Microbiota in Healthy Volunteers, Overweight and Obese Adults",PHASE1,COMPLETED,,xla1,,,,,,,,UNMAPPED,,,,False,UNMAPPED,UNCLASSIFIED_LONG_TAIL,Unclassified long tail,Not individually reviewed,False,False,True
NCT04667377,survodutide,Boehringer Ingelheim,INDUSTRY,A Study to Test Whether Different Doses of BI 456906 Help People With Overweight or Obesity to Lose Weight,PHASE2,COMPLETED,survodutide,survodutide,Incretin-based,GLP-1/glucagon,GLP1R; GCGR,Dual GLP-1/glucagon receptor agonist,peptide,dual,True,VERIFIED,high,https://pubmed.ncbi.nlm.nih.gov/41054801/,Former development code BI 456906.,False,VERIFIED,VERIFIED,Incretin-based,GLP-1/glucagon,True,False,False
NCT04678323,lifestyle management,University of Minnesota,OTHER,Pharmacotherapy for Pediatric Obesity: A Phentermine Clinical Trial,PHASE3,WITHDRAWN,,lifestyle management,,,,,,,,UNMAPPED,,,,False,UNMAPPED,UNCLASSIFIED_LONG_TAIL,Unclassified long tail,Not individually reviewed,False,False,True
NCT04683237,liraglutide,Xiaojun Chen,OTHER,Liraglutide Plus Megestrol Acetate in Endometrial Atypical Hyperplasia,PHASE2; PHASE3,WITHDRAWN,liraglutide,liraglutide,Incretin-based,GLP-1,GLP1R,GLP-1 receptor agonist,peptide,mono,True,VERIFIED,high,https://pubmed.ncbi.nlm.nih.gov/41054801/,GLP-1 analogue.,False,VERIFIED,VERIFIED,Incretin-based,GLP-1,True,False,False
NCT04683237,megestrol acetate,Xiaojun Chen,OTHER,Liraglutide Plus Megestrol Acetate in Endometrial Atypical Hyperplasia,PHASE2; PHASE3,WITHDRAWN,,megestrol acetate,,,,,,,,UNMAPPED,,,,False,UNMAPPED,UNCLASSIFIED_LONG_TAIL,Unclassified long tail,Not individually reviewed,False,False,True
NCT04703764,hsg4112,Glaceum,INDUSTRY,A Study to Investigate the Safety and Pharmacokinetic/Pharmacodynamic Characteristics of HSG4112,PHASE1,COMPLETED,hsg4112,hsg4112,Metabolic/energy expenditure,energy expenditure,molecular target not established,Increases energy expenditure with secondary reduction in food intake,small molecule,,False,VERIFIED,medium,https://pubmed.ncbi.nlm.nih.gov/32943760/,Synthetic glabridin structural analogue; exact molecular target remains incompletely defined.,False,VERIFIED,VERIFIED,Metabolic/energy expenditure,energy expenditure,True,False,False
NCT04707313,danuglipron,Pfizer,INDUSTRY,A Study to Evaluate the Efficacy and Safety of PF-06882961 in Adults With Obesity,PHASE2,COMPLETED,danuglipron,danuglipron,Incretin-based,GLP-1,GLP1R,GLP-1 receptor agonist,small molecule,mono,True,VERIFIED,high,https://pubmed.ncbi.nlm.nih.gov/41054801/,Oral nonpeptide GLP-1RA.,False,VERIFIED,VERIFIED,Incretin-based,GLP-1,True,False,False
NCT04721873,phentermine + topiramate,"University of California, San Diego",OTHER,Pharmacologic Weight Loss as Adjunct Therapy for Ulcerative Colitis in Obese Patients,PHASE2,RECRUITING,phentermine + topiramate,phentermine + topiramate,CNS/appetite,sympathomimetic + anticonvulsant,monoaminergic pathways; GABA/glutamate pathways,Appetite suppression through complementary CNS mechanisms,small-molecule combination,,False,VERIFIED,high,,Approved anti-obesity combination; established pharmacology.,False,VERIFIED,VERIFIED,CNS/appetite,sympathomimetic + anticonvulsant,True,False,False
NCT04725240,setmelanotide,"Rhythm Pharmaceuticals, Inc.",INDUSTRY,Open-Label Study of Setmelanotide in Hypothalamic Obesity,PHASE2,COMPLETED,setmelanotide,setmelanotide,Melanocortin,MC4R,MC4R,Melanocortin-4 receptor agonist,peptide,mono,False,VERIFIED,high,https://www.accessdata.fda.gov/drugsatfda_docs/label/2026/213793s009lbl.pdf,Cyclic peptide MC4R agonist used in genetic/syndromic obesity.,False,VERIFIED,VERIFIED,Melanocortin,MC4R,True,False,False
NCT04732988,hsg4112,Glaceum,INDUSTRY,"A Study to Investigate the Safety, Tolerability, Pharmacokinetic/Pharmacodynamic Characteristics, and Food Effect of HSG4112",PHASE1,COMPLETED,hsg4112,hsg4112,Metabolic/energy expenditure,energy expenditure,molecular target not established,Increases energy expenditure with secondary reduction in food intake,small molecule,,False,VERIFIED,medium,https://pubmed.ncbi.nlm.nih.gov/32943760/,Synthetic glabridin structural analogue; exact molecular target remains incompletely defined.,False,VERIFIED,VERIFIED,Metabolic/energy expenditure,energy expenditure,True,False,False
NCT04733001,hsg4112,Glaceum,INDUSTRY,A Study to Investigate the Effect of Food on the Pharmacokinetics of HSG4112,PHASE1,COMPLETED,hsg4112,hsg4112,Metabolic/energy expenditure,energy expenditure,molecular target not established,Increases energy expenditure with secondary reduction in food intake,small molecule,,False,VERIFIED,medium,https://pubmed.ncbi.nlm.nih.gov/32943760/,Synthetic glabridin structural analogue; exact molecular target remains incompletely defined.,False,VERIFIED,VERIFIED,Metabolic/energy expenditure,energy expenditure,True,False,False
NCT04741074,semaglutide,Geisinger Clinic,OTHER,Effect of Subcutaneous Semaglutide on Kidney Transplant Candidacy,PHASE3,TERMINATED,semaglutide,semaglutide,Incretin-based,GLP-1,GLP1R,GLP-1 receptor agonist,peptide,mono,True,VERIFIED,high,https://pubmed.ncbi.nlm.nih.gov/41054801/,Long-acting GLP-1 analogue.,False,VERIFIED,VERIFIED,Incretin-based,GLP-1,True,False,False
NCT04773977,mazdutide,Innovent Biologics (Suzhou) Co. Ltd.,INDUSTRY,Clinical Study of IBI362 in Healthy Chinese Male Subjects,PHASE1,COMPLETED,mazdutide,mazdutide,Incretin-based,GLP-1/glucagon,GLP1R; GCGR,Dual GLP-1/glucagon receptor agonist,peptide,dual,True,VERIFIED,high,https://pubmed.ncbi.nlm.nih.gov/41054801/,Former development code IBI362/LY3305677.,False,VERIFIED,VERIFIED,Incretin-based,GLP-1/glucagon,True,False,False
NCT04775082,liraglutide,Novo Nordisk A/S,INDUSTRY,SCALE KIDS: Research Study to Look at How Well a New Medicine is at Lowering Weight in Children With Obesity,PHASE3,ACTIVE_NOT_RECRUITING,liraglutide,liraglutide,Incretin-based,GLP-1,GLP1R,GLP-1 receptor agonist,peptide,mono,True,VERIFIED,high,https://pubmed.ncbi.nlm.nih.gov/41054801/,GLP-1 analogue.,False,VERIFIED,VERIFIED,Incretin-based,GLP-1,True,False,False
NCT04779697,semaglutide,Yale University,OTHER,"GLP-1 Analogue Effects on Food Cues, Stress, Motivation for Highly Palatable Foods, and Weight",PHASE1,COMPLETED,semaglutide,semaglutide,Incretin-based,GLP-1,GLP1R,GLP-1 receptor agonist,peptide,mono,True,VERIFIED,high,https://pubmed.ncbi.nlm.nih.gov/41054801/,Long-acting GLP-1 analogue.,False,VERIFIED,VERIFIED,Incretin-based,GLP-1,True,False,False
NCT04781998,liraglutide,"Anders Fink-Jensen, MD, DMSci",OTHER,Is Saxenda® a Viable Treatment of Obese Patients in Forensic Psychiatry?,PHASE4,COMPLETED,liraglutide,liraglutide,Incretin-based,GLP-1,GLP1R,GLP-1 receptor agonist,peptide,mono,True,VERIFIED,high,https://pubmed.ncbi.nlm.nih.gov/41054801/,GLP-1 analogue.,False,VERIFIED,VERIFIED,Incretin-based,GLP-1,True,False,False
NCT04788511,semaglutide,Novo Nordisk A/S,INDUSTRY,Research Study to Investigate How Well Semaglutide Works in People Living With Heart Failure and Obesity,PHASE3,COMPLETED,semaglutide,semaglutide,Incretin-based,GLP-1,GLP1R,GLP-1 receptor agonist,peptide,mono,True,VERIFIED,high,https://pubmed.ncbi.nlm.nih.gov/41054801/,Long-acting GLP-1 analogue.,False,VERIFIED,VERIFIED,Incretin-based,GLP-1,True,False,False
NCT04797442,wst01 strain product,Shanghai Jiao Tong University School of Medicine,OTHER,Effect of Akkermansia Muciniphila WST01 Strain in Overweight or Obese Patients With Type 2 Diabetes,PHASE2,UNKNOWN,,wst01 strain product,,,,,,,,UNMAPPED,,,,False,UNMAPPED,UNCLASSIFIED_LONG_TAIL,Unclassified long tail,Not individually reviewed,False,False,True
NCT04799327,shr20004,"Jiangsu HengRui Medicine Co., Ltd.",INDUSTRY,The Effect of SHR20004（Noiiglutide ） on Body Weight in Obese Subjects Without Diabetes,PHASE2,UNKNOWN,,shr20004,,,,,,,,UNMAPPED,,,,False,UNMAPPED,UNCLASSIFIED_LONG_TAIL,Unclassified long tail,Not individually reviewed,False,False,True
NCT04800172,roflumilast,Tanta University,OTHER,The Possible Effects of Roflumilast on Obesity Related Disorders,PHASE3,COMPLETED,,roflumilast,,,,,,,,UNMAPPED,,,,False,UNMAPPED,UNCLASSIFIED_LONG_TAIL,Unclassified long tail,Not individually reviewed,False,False,True
NCT04801641,nabilone,Centre for Addiction and Mental Health,OTHER,A Pilot Trial of Nabilone for the Treatment of Obesity,PHASE2,TERMINATED,,nabilone,,,,,,,,UNMAPPED,,,,False,UNMAPPED,UNCLASSIFIED_LONG_TAIL,Unclassified long tail,Not individually reviewed,False,False,True
NCT04829903,dulaglutide,Corporacion Parc Tauli,OTHER,Dulaglutide Versus Liraglutide in Obese Type 2 Diabetic Adolescents Using Metformin,,COMPLETED,dulaglutide,dulaglutide,Incretin-based,GLP-1,GLP1R,GLP-1 receptor agonist,Fc-fusion protein,mono,True,VERIFIED,high,https://pubmed.ncbi.nlm.nih.gov/41054801/,Long-acting GLP-1RA.,False,VERIFIED,VERIFIED,Incretin-based,GLP-1,True,False,False
NCT04829903,liraglutide,Corporacion Parc Tauli,OTHER,Dulaglutide Versus Liraglutide in Obese Type 2 Diabetic Adolescents Using Metformin,,COMPLETED,liraglutide,liraglutide,Incretin-based,GLP-1,GLP1R,GLP-1 receptor agonist,peptide,mono,True,VERIFIED,high,https://pubmed.ncbi.nlm.nih.gov/41054801/,GLP-1 analogue.,False,VERIFIED,VERIFIED,Incretin-based,GLP-1,True,False,False
NCT04838639,no-13065,"Otsuka Pharmaceutical Factory, Inc.",INDUSTRY,"Study to Evaluate the Safety, Tolerability, Pharmacokinetics, and Food Effect of NO-13065 in Healthy and Obese Adult Subjects",PHASE1,COMPLETED,,no-13065,,,,,,,,UNMAPPED,,,,False,UNMAPPED,UNCLASSIFIED_LONG_TAIL,Unclassified long tail,Not individually reviewed,False,False,True
NCT04839237,liraglutide,Xiangya Hospital of Central South University,OTHER,The Effect and the Pharmacogenomics Study of Liraglutide in Obese Patients,PHASE2,WITHDRAWN,liraglutide,liraglutide,Incretin-based,GLP-1,GLP1R,GLP-1 receptor agonist,peptide,mono,True,VERIFIED,high,https://pubmed.ncbi.nlm.nih.gov/41054801/,GLP-1 analogue.,False,VERIFIED,VERIFIED,Incretin-based,GLP-1,True,False,False
NCT04839237,metformin,Xiangya Hospital of Central South University,OTHER,The Effect and the Pharmacogenomics Study of Liraglutide in Obese Patients,PHASE2,WITHDRAWN,metformin,metformin,Metabolic/energy expenditure,insulin sensitisation/metabolic,mitochondrial complex I; AMPK-associated pathways,Pleiotropic insulin-sensitising and metabolic effects,small molecule,,False,VERIFIED,medium,,Mechanism is pleiotropic; no single receptor target adequately describes metformin.,False,VERIFIED,VERIFIED,Metabolic/energy expenditure,insulin sensitisation/metabolic,True,False,False
NCT04844918,tirzepatide,Eli Lilly and Company,INDUSTRY,A Study of Tirzepatide (LY3298176) in Participants With Obesity Disease,PHASE3,COMPLETED,tirzepatide,tirzepatide,Incretin-based,GLP-1/GIP,GLP1R; GIPR,Dual GLP-1/GIP receptor agonist,peptide,dual,True,VERIFIED,high,https://pubmed.ncbi.nlm.nih.gov/41054801/,Dual incretin agonist.,False,VERIFIED,VERIFIED,Incretin-based,GLP-1/GIP,True,False,False
NCT04847557,tirzepatide,Eli Lilly and Company,INDUSTRY,A Study of Tirzepatide (LY3298176) in Participants With Heart Failure With Preserved Ejection Fraction (HFpEF) and Obesity: The SUMMIT Trial,PHASE3,COMPLETED,tirzepatide,tirzepatide,Incretin-based,GLP-1/GIP,GLP1R; GIPR,Dual GLP-1/GIP receptor agonist,peptide,dual,True,VERIFIED,high,https://pubmed.ncbi.nlm.nih.gov/41054801/,Dual incretin agonist.,False,VERIFIED,VERIFIED,Incretin-based,GLP-1/GIP,True,False,False
NCT04855565,aly688-sr,Allysta Pharmaceutical,INDUSTRY,ALY688-SR in Generally Healthy Overweight or Obese Adults,PHASE1,TERMINATED,aly688-sr,ALY688-SR,Adiponectin pathway,adiponectin receptor,ADIPOR1; ADIPOR2,Adiponectin-derived peptide agonising adiponectin-receptor signalling,peptidomimetic peptide,,False,VERIFIED,high,https://www.allysta.com/_files/ugd/4c3d43_9c71891413e54c7d9419289a557e1d6f.pdf,Sustained-release adiponectin analogue/agonist; Phase 1 conducted in overweight/obese adults.,False,VERIFIED,VERIFIED,Adiponectin pathway,adiponectin receptor,True,False,False
NCT04873245,semaglutide and behavioral program,University of Minnesota,OTHER,Lifestyle Counseling and Medication for Adolescent Weight Management,PHASE2,COMPLETED,,semaglutide and behavioral program,,,,,,,,UNMAPPED,,,,False,UNMAPPED,UNCLASSIFIED_LONG_TAIL,Unclassified long tail,Not individually reviewed,False,False,True
NCT04881760,retatrutide,Eli Lilly and Company,INDUSTRY,A Study of LY3437943 in Participants Who Have Obesity or Are Overweight,PHASE2,COMPLETED,retatrutide,retatrutide,Incretin-based,GLP-1/GIP/glucagon,GLP1R; GIPR; GCGR,Triple GLP-1/GIP/glucagon receptor agonist,peptide,triple,True,VERIFIED,high,https://pubmed.ncbi.nlm.nih.gov/41054801/,Triple incretin/glucagon agonist.,False,VERIFIED,VERIFIED,Incretin-based,GLP-1/GIP/glucagon,True,False,False
NCT04881799,phentermine + topiramate,University of Minnesota,OTHER,Phentermine/Topiramate in Adolescents With Type 2 Diabetes and Obesity,EARLY_PHASE1,ACTIVE_NOT_RECRUITING,phentermine + topiramate,phentermine + topiramate,CNS/appetite,sympathomimetic + anticonvulsant,monoaminergic pathways; GABA/glutamate pathways,Appetite suppression through complementary CNS mechanisms,small-molecule combination,,False,VERIFIED,high,,Approved anti-obesity combination; established pharmacology.,False,VERIFIED,VERIFIED,CNS/appetite,sympathomimetic + anticonvulsant,True,False,False
NCT04883346,liraglutide,Eunice Kennedy Shriver National Institute of Child Health and Human Development (NICHD),NIH,Liraglutide (Saxenda(R)) in Adolescents With Obesity After Sleeve Gastrectomy,PHASE2,COMPLETED,liraglutide,liraglutide,Incretin-based,GLP-1,GLP1R,GLP-1 receptor agonist,peptide,mono,True,VERIFIED,high,https://pubmed.ncbi.nlm.nih.gov/41054801/,GLP-1 analogue.,False,VERIFIED,VERIFIED,Incretin-based,GLP-1,True,False,False
NCT04889183,semaglutide,University Medical Center Groningen,OTHER,SeMaglutide and Albuminuria Reduction Trial in Obese Individuals Without Diabetes,PHASE3,COMPLETED,semaglutide,semaglutide,Incretin-based,GLP-1,GLP1R,GLP-1 receptor agonist,peptide,mono,True,VERIFIED,high,https://pubmed.ncbi.nlm.nih.gov/41054801/,Long-acting GLP-1 analogue.,False,VERIFIED,VERIFIED,Incretin-based,GLP-1,True,False,False
NCT04890873,erx1000,ERX Pharmaceuticals,INDUSTRY,"ERX1000 - Safety, Tolerability, Pharmacokinetic, and Pharmacodynamic Study in Male and Female Subjects With Obesity",PHASE1,COMPLETED,erx1000,erx1000,CNS/appetite,leptin sensitisation,leptin signalling pathway (direct molecular target undisclosed),Restores leptin sensitivity to reduce appetite and defend energy expenditure,small molecule,,False,VERIFIED,medium,https://www.erxpharmaceuticals.com/research-development/erx-1000-for-obesity/,First-in-class oral leptin sensitizer; direct binding target not publicly specified.,False,VERIFIED,VERIFIED,CNS/appetite,leptin sensitisation,True,False,False
NCT04902625,naltrexone + bupropion,Zuyderland Medisch Centrum,OTHER,Use of Mysimba in Patients With Weight Regain After Bariatric Surgery,PHASE4,UNKNOWN,naltrexone + bupropion,naltrexone + bupropion,CNS/appetite,opioid + catecholamine,OPRM1; NET/DAT pathways,Opioid receptor antagonism plus noradrenergic/dopaminergic appetite modulation,small-molecule combination,,False,VERIFIED,high,,Approved anti-obesity combination; established pharmacology.,False,VERIFIED,VERIFIED,CNS/appetite,opioid + catecholamine,True,False,False
NCT04904913,mazdutide,Innovent Biologics (Suzhou) Co. Ltd.,INDUSTRY,A Study of IBI362 Evaluating Weight Loss in Obese and Overweight Chinese Subjects,PHASE2,COMPLETED,mazdutide,mazdutide,Incretin-based,GLP-1/glucagon,GLP1R; GCGR,Dual GLP-1/glucagon receptor agonist,peptide,dual,True,VERIFIED,high,https://pubmed.ncbi.nlm.nih.gov/41054801/,Former development code IBI362/LY3305677.,False,VERIFIED,VERIFIED,Incretin-based,GLP-1/glucagon,True,False,False
NCT04940078,cagrilintide,Novo Nordisk A/S,INDUSTRY,A Research Study to Compare Blood Levels of Cagrilintide and Semaglutide After Combined Versus Separate Injections in People With Overweight or Obesity,PHASE1,COMPLETED,cagrilintide,cagrilintide,Amylin-based,amylin,AMY1R; AMY2R; AMY3R; CTR,Long-acting amylin/calcitonin receptor agonist,peptide,multi,False,VERIFIED,high,https://pubmed.ncbi.nlm.nih.gov/42452898/,Long-acting amylin analogue with activity across amylin receptors and CTR.,False,VERIFIED,VERIFIED,Amylin-based,amylin,True,False,False
NCT04940078,cagrilintide + semaglutide,Novo Nordisk A/S,INDUSTRY,A Research Study to Compare Blood Levels of Cagrilintide and Semaglutide After Combined Versus Separate Injections in People With Overweight or Obesity,PHASE1,COMPLETED,cagrilintide + semaglutide,cagrilintide + semaglutide,Incretin + amylin,amylin + GLP-1 combination,AMY1R/AMY2R/AMY3R; CTR; GLP1R,Combination of amylin-receptor agonism and GLP-1 receptor agonism,peptide combination,combination,True,VERIFIED,high,https://pubmed.ncbi.nlm.nih.gov/41054801/,CagriSema.,False,VERIFIED,VERIFIED,Incretin + amylin,amylin + GLP-1 combination,True,False,False
NCT04940078,semaglutide,Novo Nordisk A/S,INDUSTRY,A Research Study to Compare Blood Levels of Cagrilintide and Semaglutide After Combined Versus Separate Injections in People With Overweight or Obesity,PHASE1,COMPLETED,semaglutide,semaglutide,Incretin-based,GLP-1,GLP1R,GLP-1 receptor agonist,peptide,mono,True,VERIFIED,high,https://pubmed.ncbi.nlm.nih.gov/41054801/,Long-acting GLP-1 analogue.,False,VERIFIED,VERIFIED,Incretin-based,GLP-1,True,False,False
NCT04963231,setmelanotide,"Rhythm Pharmaceuticals, Inc.",INDUSTRY,DAYBREAK: A Study of Setmelanotide in Participants With Specific Gene Variants in the Melanocortin-4 Receptor (MC4R) Pathway,PHASE2,COMPLETED,setmelanotide,setmelanotide,Melanocortin,MC4R,MC4R,Melanocortin-4 receptor agonist,peptide,mono,False,VERIFIED,high,https://www.accessdata.fda.gov/drugsatfda_docs/label/2026/213793s009lbl.pdf,Cyclic peptide MC4R agonist used in genetic/syndromic obesity.,False,VERIFIED,VERIFIED,Melanocortin,MC4R,True,False,False
NCT04966741,setmelanotide,"Rhythm Pharmaceuticals, Inc.",INDUSTRY,Setmelanotide in Pediatric Participants With Rare Genetic Diseases of Obesity,PHASE3,COMPLETED,setmelanotide,setmelanotide,Melanocortin,MC4R,MC4R,Melanocortin-4 receptor agonist,peptide,mono,False,VERIFIED,high,https://www.accessdata.fda.gov/drugsatfda_docs/label/2026/213793s009lbl.pdf,Cyclic peptide MC4R agonist used in genetic/syndromic obesity.,False,VERIFIED,VERIFIED,Melanocortin,MC4R,True,False,False
NCT04969939,semaglutide and nnc0165-1875,Novo Nordisk A/S,INDUSTRY,A Research Study to Investigate How Well NNC0165-1875 in Combination With Semaglutide Works in People With Obesity,PHASE2,COMPLETED,,semaglutide and nnc0165-1875,,,,,,,,UNMAPPED,,,,False,UNMAPPED,UNCLASSIFIED_LONG_TAIL,Unclassified long tail,Not individually reviewed,False,False,True
NCT04986631,topiramate,University of Minnesota,OTHER,Pharmacokinetics and Pharmacodynamics of Topiramate for Weight Loss in Youth: PHARMATOP,EARLY_PHASE1,COMPLETED,topiramate,topiramate,CNS/appetite,anticonvulsant/appetite,GABA-A; AMPA/kainate; carbonic anhydrase (pleiotropic),Pleiotropic CNS appetite-modulating effects,small molecule,,False,VERIFIED,medium,,Mechanism relevant to weight loss is multifactorial.,False,VERIFIED,VERIFIED,CNS/appetite,anticonvulsant/appetite,True,False,False
NCT04998136,semaglutide,Novo Nordisk A/S,INDUSTRY,Research Study Investigating How Well Semaglutide Works in People From Thailand and South Korea Living With Obesity,PHASE3,COMPLETED,semaglutide,semaglutide,Incretin-based,GLP-1,GLP1R,GLP-1 receptor agonist,peptide,mono,True,VERIFIED,high,https://pubmed.ncbi.nlm.nih.gov/41054801/,Long-acting GLP-1 analogue.,False,VERIFIED,VERIFIED,Incretin-based,GLP-1,True,False,False
NCT05005741,beinaglutide,Second Xiangya Hospital of Central South University,OTHER,The Effects of Glucose Control and Weight Loss Between Beinaglutide and Dulaglutide in Type 2 Diabetes With Overweight or Obesity.,PHASE4,UNKNOWN,beinaglutide,benaglutide,Incretin-based,GLP-1,GLP1R,GLP-1 receptor agonist,peptide,mono,True,VERIFIED_ALIAS,high,,Spelling variant of benaglutide.,False,VERIFIED_ALIAS,VERIFIED_ALIAS,Incretin-based,GLP-1,True,False,False
NCT05005741,dulaglutide,Second Xiangya Hospital of Central South University,OTHER,The Effects of Glucose Control and Weight Loss Between Beinaglutide and Dulaglutide in Type 2 Diabetes With Overweight or Obesity.,PHASE4,UNKNOWN,dulaglutide,dulaglutide,Incretin-based,GLP-1,GLP1R,GLP-1 receptor agonist,Fc-fusion protein,mono,True,VERIFIED,high,https://pubmed.ncbi.nlm.nih.gov/41054801/,Long-acting GLP-1RA.,False,VERIFIED,VERIFIED,Incretin-based,GLP-1,True,False,False
NCT05024032,tirzepatide,Eli Lilly and Company,INDUSTRY,A Study of Tirzepatide (LY3298176) in Chinese Participants Without Type 2 Diabetes Who Have Obesity or Overweight (SURMOUNT-CN),PHASE3,COMPLETED,tirzepatide,tirzepatide,Incretin-based,GLP-1/GIP,GLP1R; GIPR,Dual GLP-1/GIP receptor agonist,peptide,dual,True,VERIFIED,high,https://pubmed.ncbi.nlm.nih.gov/41054801/,Dual incretin agonist.,False,VERIFIED,VERIFIED,Incretin-based,GLP-1/GIP,True,False,False
NCT05032001,biguanide dpp4 inhibitors sglt2 inhibitors,Metabolic Research Unit,INDUSTRY,ORAL ANTIDIABETICS EFFECT ON VISCERAL FAT,,UNKNOWN,biguanide dpp4 inhibitors sglt2 inhibitors,mixed diabetes pharmacotherapy classes,Mixed/unspecified,mixed metabolic drug classes,AMPK-associated pathways; DPP4; SLC5A2,"Registry class label spanning biguanide, DPP-4 inhibitor and SGLT2 inhibitor treatments",mixed small-molecule class label,mixed,False,VERIFIED,low,,Class-level registry label; unsuitable for molecule-specific charts.,False,VERIFIED,VERIFIED,Mixed/unspecified,mixed metabolic drug classes,True,False,False
NCT05035095,semaglutide,Novo Nordisk A/S,INDUSTRY,Research Study to Investigate How Well Semaglutide Tablets Taken Once Daily Work in People Who Are Overweight or Living With Obesity (OASIS 1),PHASE3,COMPLETED,semaglutide,semaglutide,Incretin-based,GLP-1,GLP1R,GLP-1 receptor agonist,peptide,mono,True,VERIFIED,high,https://pubmed.ncbi.nlm.nih.gov/41054801/,Long-acting GLP-1 analogue.,False,VERIFIED,VERIFIED,Incretin-based,GLP-1,True,False,False
NCT05040971,semaglutide,Novo Nordisk A/S,INDUSTRY,Research Study Looking at How Well Semaglutide Works in People Living With Obesity and Prediabetes,PHASE3,COMPLETED,semaglutide,semaglutide,Incretin-based,GLP-1,GLP1R,GLP-1 receptor agonist,peptide,mono,True,VERIFIED,high,https://pubmed.ncbi.nlm.nih.gov/41054801/,Long-acting GLP-1 analogue.,False,VERIFIED,VERIFIED,Incretin-based,GLP-1,True,False,False
NCT05051579,orforglipron,Eli Lilly and Company,INDUSTRY,A Study of LY3502970 in Participants With Obesity or Overweight With Weight-related Comorbidities,PHASE2,COMPLETED,orforglipron,orforglipron,Incretin-based,GLP-1,GLP1R,GLP-1 receptor agonist,small molecule,mono,True,VERIFIED,high,https://pubmed.ncbi.nlm.nih.gov/41054801/,Oral nonpeptide GLP-1RA.,False,VERIFIED,VERIFIED,Incretin-based,GLP-1,True,False,False
NCT05054530,gma106,Gmax Biopharm Australia Pty Ltd.,INDUSTRY,"Assessment of the Safety, Tolerability, and Pharmacokinetic of GMA106",PHASE1,COMPLETED,gma106,GMA106,Incretin-based,GLP-1 agonism + GIP antagonism,GLP1R; GIPR,GLP-1 receptor agonism combined with GIP-receptor antagonism,antibody-peptide fusion,,True,VERIFIED,high,https://gmaxbiopharm.com/news_detail/32.html,Anti-GIPR antibody fused to a GLP-1 peptide.,False,VERIFIED,VERIFIED,Incretin-based,GLP-1 agonism + GIP antagonism,True,False,False
NCT05064735,semaglutide,Novo Nordisk A/S,INDUSTRY,Research Study Looking at How Well Semaglutide Works in People Suffering From Obesity and Knee Osteoarthritis,PHASE3,COMPLETED,semaglutide,semaglutide,Incretin-based,GLP-1,GLP1R,GLP-1 receptor agonist,peptide,mono,True,VERIFIED,high,https://pubmed.ncbi.nlm.nih.gov/41054801/,Long-acting GLP-1 analogue.,False,VERIFIED,VERIFIED,Incretin-based,GLP-1,True,False,False
NCT05067621,semaglutide,Yale University,OTHER,Semaglutide Effects in Obese Youth With Prediabetes/New Onset Type 2 Diabetes and Metabolic Dysfunction-Associated Steatotic Liver Disease,PHASE2,ACTIVE_NOT_RECRUITING,semaglutide,semaglutide,Incretin-based,GLP-1,GLP1R,GLP-1 receptor agonist,peptide,mono,True,VERIFIED,high,https://pubmed.ncbi.nlm.nih.gov/41054801/,Long-acting GLP-1 analogue.,False,VERIFIED,VERIFIED,Incretin-based,GLP-1,True,False,False
NCT05073835,semaglutide,"University College, London",OTHER,Semaglutide 2.4 mg in Patients With Poor Weight-loss,PHASE3,ACTIVE_NOT_RECRUITING,semaglutide,semaglutide,Incretin-based,GLP-1,GLP1R,GLP-1 receptor agonist,peptide,mono,True,VERIFIED,high,https://pubmed.ncbi.nlm.nih.gov/41054801/,Long-acting GLP-1 analogue.,False,VERIFIED,VERIFIED,Incretin-based,GLP-1,True,False,False
NCT05087342,semaglutide,Loma Linda University,OTHER,Latino Semaglutide Study,PHASE3,COMPLETED,semaglutide,semaglutide,Incretin-based,GLP-1,GLP1R,GLP-1 receptor agonist,peptide,mono,True,VERIFIED,high,https://pubmed.ncbi.nlm.nih.gov/41054801/,Long-acting GLP-1 analogue.,False,VERIFIED,VERIFIED,Incretin-based,GLP-1,True,False,False
NCT05093634,setmelanotide,"Rhythm Pharmaceuticals, Inc.",INDUSTRY,EMANATE: A Study of Setmelanotide in Patients With Specific Gene Variants in the MC4R Pathway,PHASE3,COMPLETED,setmelanotide,setmelanotide,Melanocortin,MC4R,MC4R,Melanocortin-4 receptor agonist,peptide,mono,False,VERIFIED,high,https://www.accessdata.fda.gov/drugsatfda_docs/label/2026/213793s009lbl.pdf,Cyclic peptide MC4R agonist used in genetic/syndromic obesity.,False,VERIFIED,VERIFIED,Melanocortin,MC4R,True,False,False
NCT05096598,zp8396,Zealand Pharma,INDUSTRY,A First-in-human Study Looking at the Safety of ZP8396 and How it Works in the Body of Healthy Trial Participants,PHASE1,COMPLETED,zp8396,petrelintide,Amylin-based,amylin,amylin receptors; CTR,Long-acting human amylin analogue,peptide,multi,False,VERIFIED_ALIAS,high,https://www.zealandpharma.com/pipeline/petrelintide/,ZP8396 is petrelintide.,False,VERIFIED_ALIAS,VERIFIED_ALIAS,Amylin-based,amylin,True,False,False
NCT05110846,ct-868,"Carmot Therapeutics, Inc.",INDUSTRY,A Study of CT-868 in Overweight and Obese Participants With Type 2 Diabetes Mellitus,PHASE2,COMPLETED,ct-868,CT-868,Incretin-based,GLP-1/GIP,GLP1R; GIPR,Fully biased dual GLP-1/GIP receptor agonism,peptide,dual,True,VERIFIED,high,https://pubmed.ncbi.nlm.nih.gov/40762050/,Biased dual GLP-1/GIP receptor agonist.,False,VERIFIED,VERIFIED,Incretin-based,GLP-1/GIP,True,False,False
NCT05111912,ecnoglutide,Sciwind Biosciences APAC CO Pty. Ltd.,INDUSTRY,Effects of XW003 Versus Liraglutide on Body Weight of Adult Participants With Obesity,PHASE2,COMPLETED,ecnoglutide,ecnoglutide,Incretin-based,GLP-1,GLP1R,cAMP-biased GLP-1 receptor agonist,peptide,mono,True,VERIFIED,high,https://pubmed.ncbi.nlm.nih.gov/37364710/,XW003; long-acting GLP-1 analogue.,False,VERIFIED,VERIFIED,Incretin-based,GLP-1,True,False,False
NCT05111912,liraglutide,Sciwind Biosciences APAC CO Pty. Ltd.,INDUSTRY,Effects of XW003 Versus Liraglutide on Body Weight of Adult Participants With Obesity,PHASE2,COMPLETED,liraglutide,liraglutide,Incretin-based,GLP-1,GLP1R,GLP-1 receptor agonist,peptide,mono,True,VERIFIED,high,https://pubmed.ncbi.nlm.nih.gov/41054801/,GLP-1 analogue.,False,VERIFIED,VERIFIED,Incretin-based,GLP-1,True,False,False
NCT05121441,ard-101,"Aardvark Therapeutics, Inc.",INDUSTRY,Study to Evaluate ARD-101 in Adults With Obesity,PHASE2,COMPLETED,ard-101,ard-101,GI/CNS gut-brain appetite,TAS2R bitter-taste receptor,TAS2R family,Gut-restricted bitter-taste receptor agonism modulating hunger/satiety via gut-brain signalling,small molecule,,False,VERIFIED,high,https://pubmed.ncbi.nlm.nih.gov/41833222/,Oral denatonium acetate; gut-restricted TAS2R agonist.,False,VERIFIED,VERIFIED,GI/CNS gut-brain appetite,TAS2R bitter-taste receptor,True,False,False
NCT05132088,semaglutide,Novo Nordisk A/S,INDUSTRY,Research Study to Investigate How Well Semaglutide Tablets Taken Once Daily Work in East Asian People Who Are Overweight or Living With Obesity,PHASE3,COMPLETED,semaglutide,semaglutide,Incretin-based,GLP-1,GLP1R,GLP-1 receptor agonist,peptide,mono,True,VERIFIED,high,https://pubmed.ncbi.nlm.nih.gov/41054801/,Long-acting GLP-1 analogue.,False,VERIFIED,VERIFIED,Incretin-based,GLP-1,True,False,False
NCT05147415,tesomet,Saniona,INDUSTRY,Study of Tesomet With Open-label Extension in Subjects With Hypothalamic Obesity (HO),PHASE2,WITHDRAWN,,tesomet,,,,,,,,UNMAPPED,,,,False,UNMAPPED,UNCLASSIFIED_LONG_TAIL,Unclassified long tail,Not individually reviewed,False,False,True
NCT05157698,naltrexone + bupropion,Yale University,OTHER,Pharmacological and Behavioral Treatment After Bariatric Surgery,PHASE3,ACTIVE_NOT_RECRUITING,naltrexone + bupropion,naltrexone + bupropion,CNS/appetite,opioid + catecholamine,OPRM1; NET/DAT pathways,Opioid receptor antagonism plus noradrenergic/dopaminergic appetite modulation,small-molecule combination,,False,VERIFIED,high,,Approved anti-obesity combination; established pharmacology.,False,VERIFIED,VERIFIED,CNS/appetite,opioid + catecholamine,True,False,False
NCT05162001,disulfiram,Universidad de Guanajuato,OTHER,Body Weight Response With Disulfiram in Humans,EARLY_PHASE1,UNKNOWN,disulfiram,disulfiram,Metabolic/lipid handling,lipid partitioning/autophagy,no single validated obesity target,Repurposed metabolic effect involving altered systemic lipid partitioning; earlier work also implicated autophagy,small molecule,,False,VERIFIED,medium,https://pubmed.ncbi.nlm.nih.gov/41726890/,Anti-obesity mechanism remains pleiotropic; newer evidence supports GSDMD-independent lipid-partitioning effects.,False,VERIFIED,VERIFIED,Metabolic/lipid handling,lipid partitioning/autophagy,True,False,False
NCT05176626,phentermine,Wake Forest University Health Sciences,OTHER,Long-term Effectiveness of the Antiobesity Medication Phentermine,PHASE4,ACTIVE_NOT_RECRUITING,phentermine,phentermine,CNS/appetite,sympathomimetic,noradrenergic/monoaminergic pathways,Sympathomimetic appetite suppression,small molecule,,False,VERIFIED,high,,Established appetite suppressant.,False,VERIFIED,VERIFIED,CNS/appetite,sympathomimetic,True,False,False
NCT05184322,ecnoglutide,Sciwind Biosciences APAC CO Pty. Ltd.,INDUSTRY,"XW004 To Evaluate the Safety, Tolerability, PK, and PD of Oral Ecnoglutide Tablet in Healthy Adults",PHASE1,COMPLETED,ecnoglutide,ecnoglutide,Incretin-based,GLP-1,GLP1R,cAMP-biased GLP-1 receptor agonist,peptide,mono,True,VERIFIED,high,https://pubmed.ncbi.nlm.nih.gov/37364710/,XW003; long-acting GLP-1 analogue.,False,VERIFIED,VERIFIED,Incretin-based,GLP-1,True,False,False
NCT05197556,hsg4112,Glaceum,INDUSTRY,A Study to Evaluate the Safety and Efficacy of HSG4112 in Overweight and Obese Patients,PHASE2,COMPLETED,hsg4112,hsg4112,Metabolic/energy expenditure,energy expenditure,molecular target not established,Increases energy expenditure with secondary reduction in food intake,small molecule,,False,VERIFIED,medium,https://pubmed.ncbi.nlm.nih.gov/32943760/,Synthetic glabridin structural analogue; exact molecular target remains incompletely defined.,False,VERIFIED,VERIFIED,Metabolic/energy expenditure,energy expenditure,True,False,False
NCT05199090,mbl949,Novartis Pharmaceuticals,INDUSTRY,"Study to Assess Safety, Tolerability and Efficacy of SC Administered MBL949 in Obese Participants With or Without T2DM",PHASE2,TERMINATED,,mbl949,,,,,,,,UNMAPPED,,,,False,UNMAPPED,UNCLASSIFIED_LONG_TAIL,Unclassified long tail,Not individually reviewed,False,False,True
NCT05202353,semaglutide,Boehringer Ingelheim,INDUSTRY,A Study in People With Obesity to Test the Effects of BI 456906 Compared With Semaglutide on Glucagon Receptor Activity in the Liver,PHASE1,ACTIVE_NOT_RECRUITING,semaglutide,semaglutide,Incretin-based,GLP-1,GLP1R,GLP-1 receptor agonist,peptide,mono,True,VERIFIED,high,https://pubmed.ncbi.nlm.nih.gov/41054801/,Long-acting GLP-1 analogue.,False,VERIFIED,VERIFIED,Incretin-based,GLP-1,True,False,False
NCT05202353,survodutide,Boehringer Ingelheim,INDUSTRY,A Study in People With Obesity to Test the Effects of BI 456906 Compared With Semaglutide on Glucagon Receptor Activity in the Liver,PHASE1,ACTIVE_NOT_RECRUITING,survodutide,survodutide,Incretin-based,GLP-1/glucagon,GLP1R; GCGR,Dual GLP-1/glucagon receptor agonist,peptide,dual,True,VERIFIED,high,https://pubmed.ncbi.nlm.nih.gov/41054801/,Former development code BI 456906.,False,VERIFIED,VERIFIED,Incretin-based,GLP-1/glucagon,True,False,False
NCT05207774,oxytocin,Soroka University Medical Center,OTHER,Pre-operative Intranasal Oxytocin for Enhancing Bariatric-induced Diabetes Remission,,UNKNOWN,oxytocin,oxytocin,Oxytocin,oxytocin receptor,OXTR,Oxytocin receptor agonist,peptide,mono,False,VERIFIED,high,,Repurposed satiety/appetite pathway.,False,VERIFIED,VERIFIED,Oxytocin,oxytocin receptor,True,False,False
NCT05209165,semaglutide,San Francisco Veterans Affairs Medical Center,FED,Semaglutide to Reduce Atrial Fibrillation Burden,PHASE4,SUSPENDED,semaglutide,semaglutide,Incretin-based,GLP-1,GLP1R,GLP-1 receptor agonist,peptide,mono,True,VERIFIED,high,https://pubmed.ncbi.nlm.nih.gov/41054801/,Long-acting GLP-1 analogue.,False,VERIFIED,VERIFIED,Incretin-based,GLP-1,True,False,False
NCT05209984,sibutramine + topiramate,Eurofarma Laboratorios S.A.,INDUSTRY,"A Phase 3, Double-blind/Double-dummy, Safety/Efficacy/Superiority of Sibutramine/Topiramate XR in Adults With Overweight",PHASE3,WITHDRAWN,,sibutramine + topiramate,,,,,,,,UNMAPPED,,,,False,UNMAPPED,UNCLASSIFIED_LONG_TAIL,Unclassified long tail,Not individually reviewed,False,False,True
NCT05215847,ard-101,"Aardvark Therapeutics, Inc.",INDUSTRY,Study to Evaluate ARD-101 in Adults Receiving Bariatric Surgery,PHASE2,COMPLETED,ard-101,ard-101,GI/CNS gut-brain appetite,TAS2R bitter-taste receptor,TAS2R family,Gut-restricted bitter-taste receptor agonism modulating hunger/satiety via gut-brain signalling,small molecule,,False,VERIFIED,high,https://pubmed.ncbi.nlm.nih.gov/41833222/,Oral denatonium acetate; gut-restricted TAS2R agonist.,False,VERIFIED,VERIFIED,GI/CNS gut-brain appetite,TAS2R bitter-taste receptor,True,False,False
NCT05236517,semaglutide,Novo Nordisk A/S,INDUSTRY,A Research Study Looking at How 50 mg Semaglutide Daily Affects Food Intake and Emptying of the Stomach in People With Obesity,PHASE1,COMPLETED,semaglutide,semaglutide,Incretin-based,GLP-1,GLP1R,GLP-1 receptor agonist,peptide,mono,True,VERIFIED,high,https://pubmed.ncbi.nlm.nih.gov/41054801/,Long-acting GLP-1 analogue.,False,VERIFIED,VERIFIED,Incretin-based,GLP-1,True,False,False
NCT05247970,s-309309,Shionogi,INDUSTRY,A Study to Assess S-309309 in Healthy and Obese Participants,PHASE1,COMPLETED,s-309309,S-309309,GI nutrient absorption/metabolism,MGAT2 inhibition,MOGAT2 (MGAT2),Monoacylglycerol acyltransferase-2 inhibitor,small molecule,,False,VERIFIED,high,https://pubmed.ncbi.nlm.nih.gov/39832041/,Novel oral MGAT2 inhibitor developed for obesity.,False,VERIFIED,VERIFIED,GI nutrient absorption/metabolism,MGAT2 inhibition,True,False,False
NCT05254158,nnc0174 0833,Novo Nordisk A/S,INDUSTRY,"A Research Study of How NNC0174-0833 Behaves in Chinese Volunteers Who Are Normal Weight, Overweight or With Obesity",PHASE1,COMPLETED,,nnc0174 0833,,,,,,,,UNMAPPED,,,,False,UNMAPPED,UNCLASSIFIED_LONG_TAIL,Unclassified long tail,Not individually reviewed,False,False,True
NCT05268627,liraglutide,Mansoura University,OTHER,Endoscopic Ultrasound Guided Gastric Botulinum Toxin Injections Versus Glucagon Like Peptide 1 Receptor Agonist in Weight Loss,,UNKNOWN,liraglutide,liraglutide,Incretin-based,GLP-1,GLP1R,GLP-1 receptor agonist,peptide,mono,True,VERIFIED,high,https://pubmed.ncbi.nlm.nih.gov/41054801/,GLP-1 analogue.,False,VERIFIED,VERIFIED,Incretin-based,GLP-1,True,False,False
NCT05285397,liraglutide,"General Committee of Teaching Hospitals and Institutes, Egypt",OTHER_GOV,Effect of Liraglutide on Weight Loss in Patients Who Have Undergone Revisional Bariatric Surgeries.,,UNKNOWN,liraglutide,liraglutide,Incretin-based,GLP-1,GLP1R,GLP-1 receptor agonist,peptide,mono,True,VERIFIED,high,https://pubmed.ncbi.nlm.nih.gov/41054801/,GLP-1 analogue.,False,VERIFIED,VERIFIED,Incretin-based,GLP-1,True,False,False
NCT05295875,alt-801,"Altimmune, Inc.",INDUSTRY,Efficacy and Safety of ALT-801 in the Treatment of Obesity,PHASE2,COMPLETED,alt-801,pemvidutide,Incretin-based,GLP-1/glucagon,GLP1R; GCGR,Dual GLP-1/glucagon receptor agonist,peptide,dual,True,VERIFIED_ALIAS,high,https://diabetesjournals.org/diabetes/article/71/Supplement_1/334-OR/146219/,ALT-801 is pemvidutide.,False,VERIFIED_ALIAS,VERIFIED_ALIAS,Incretin-based,GLP-1/glucagon,True,False,False
NCT05295940,eloralintide,Eli Lilly and Company,INDUSTRY,A Study of LY3841136 in Healthy and Overweight Participants,PHASE1,COMPLETED,eloralintide,eloralintide,Amylin-based,amylin,AMY1R (preferential); AMY3R; CTR,"Selective amylin receptor agonist, preferential for AMY1R",peptide,multi,False,VERIFIED,high,https://pubmed.ncbi.nlm.nih.gov/41109426/,Long-acting amylin analogue with preferential human AMY1R activation.,False,VERIFIED,VERIFIED,Amylin-based,amylin,True,False,False
NCT05296733,survodutide,Boehringer Ingelheim,INDUSTRY,"A Study to (1) Compare How BI 456906 is Taken up in the Body of Healthy People and People With Liver Problems and (2) Find Out How People With Overweight and Obesity, With and Without Liver Problems, Tolerate Different Doses of BI 456906",PHASE1,COMPLETED,survodutide,survodutide,Incretin-based,GLP-1/glucagon,GLP1R; GCGR,Dual GLP-1/glucagon receptor agonist,peptide,dual,True,VERIFIED,high,https://pubmed.ncbi.nlm.nih.gov/41054801/,Former development code BI 456906.,False,VERIFIED,VERIFIED,Incretin-based,GLP-1/glucagon,True,False,False
NCT05299697,tg103,"CSPC Baike (Shandong) Biopharmaceutical Co., Ltd.",INDUSTRY,A Study of TG103 Injection in Overweight or Obesity,PHASE2,UNKNOWN,tg103,tg103,Incretin-based,GLP-1,GLP1R,Long-acting GLP-1 receptor agonist,Fc-fusion protein,mono,True,VERIFIED,high,https://pubmed.ncbi.nlm.nih.gov/37062422/,Long-acting GLP-1/Fc fusion protein.,False,VERIFIED,VERIFIED,Incretin-based,GLP-1,True,False,False
NCT05302596,semaglutide,State University of New York at Buffalo,OTHER,Semaglutide Use in Elderly Obese Patients,PHASE2,COMPLETED,semaglutide,semaglutide,Incretin-based,GLP-1,GLP1R,GLP-1 receptor agonist,peptide,mono,True,VERIFIED,high,https://pubmed.ncbi.nlm.nih.gov/41054801/,Long-acting GLP-1 analogue.,False,VERIFIED,VERIFIED,Incretin-based,GLP-1,True,False,False
NCT05310032,hsg4112,Glaceum,INDUSTRY,"A Study to Investigate the Safety, Tolerability, Pharmacokinetic/Pharmacodynamic Characteristics and Food Effect of HSG4112 in High Doses",PHASE1,COMPLETED,hsg4112,hsg4112,Metabolic/energy expenditure,energy expenditure,molecular target not established,Increases energy expenditure with secondary reduction in food intake,small molecule,,False,VERIFIED,medium,https://pubmed.ncbi.nlm.nih.gov/32943760/,Synthetic glabridin structural analogue; exact molecular target remains incompletely defined.,False,VERIFIED,VERIFIED,Metabolic/energy expenditure,energy expenditure,True,False,False
NCT05313802,orforglipron,Eli Lilly and Company,INDUSTRY,A Study of LY3502970 in Healthy Overweight and Obese Participants,PHASE1,COMPLETED,orforglipron,orforglipron,Incretin-based,GLP-1,GLP1R,GLP-1 receptor agonist,small molecule,mono,True,VERIFIED,high,https://pubmed.ncbi.nlm.nih.gov/41054801/,Oral nonpeptide GLP-1RA.,False,VERIFIED,VERIFIED,Incretin-based,GLP-1,True,False,False
NCT05340868,semaglutide,Medical University of Bialystok,OTHER,Genetics of the Acute Response to Oral Semaglutide,,RECRUITING,semaglutide,semaglutide,Incretin-based,GLP-1,GLP1R,GLP-1 receptor agonist,peptide,mono,True,VERIFIED,high,https://pubmed.ncbi.nlm.nih.gov/41054801/,Long-acting GLP-1 analogue.,False,VERIFIED,VERIFIED,Incretin-based,GLP-1,True,False,False
NCT05369390,zenagamtide,Novo Nordisk A/S,INDUSTRY,A Research Study on How NNC0487-0111 Works in People With Overweight or Obesity,PHASE1,COMPLETED,zenagamtide,zenagamtide,Incretin + amylin,GLP-1/amylin,GLP1R; amylin receptors; CTR,"Unimolecular GLP-1, amylin and calcitonin receptor agonist",peptide,multi,True,VERIFIED,high,https://pubmed.ncbi.nlm.nih.gov/42532079/,Formerly amycretin; current name zenagamtide.,False,VERIFIED,VERIFIED,Incretin + amylin,GLP-1/amylin,True,False,False
NCT05371496,semaglutide,Mayo Clinic,OTHER,Cardiac and Metabolic Effects of Semaglutide in Heart Failure With Preserved Ejection Fraction,PHASE4,COMPLETED,semaglutide,semaglutide,Incretin-based,GLP-1,GLP1R,GLP-1 receptor agonist,peptide,mono,True,VERIFIED,high,https://pubmed.ncbi.nlm.nih.gov/41054801/,Long-acting GLP-1 analogue.,False,VERIFIED,VERIFIED,Incretin-based,GLP-1,True,False,False
NCT05378503,phentermine + topiramate,Alvogen Korea,INDUSTRY,Phase IV Study of Qsymia in Obese Patients,PHASE4,COMPLETED,phentermine + topiramate,phentermine + topiramate,CNS/appetite,sympathomimetic + anticonvulsant,monoaminergic pathways; GABA/glutamate pathways,Appetite suppression through complementary CNS mechanisms,small-molecule combination,,False,VERIFIED,high,,Approved anti-obesity combination; established pharmacology.,False,VERIFIED,VERIFIED,CNS/appetite,sympathomimetic + anticonvulsant,True,False,False
NCT05378893,dr10624 for,"Zhejiang Doer Biologics Co., Ltd.",INDUSTRY,"A First in Human (FIH) Study to Evaluate the Safety, Tolerability, Pharmacokinetics, and Pharmacodynamics of DR10624",PHASE1,COMPLETED,dr10624 for,DR10624,Incretin + metabolic/hepatokine,GLP-1/glucagon/FGF21,GLP1R; GCGR; FGF21 receptor pathway,"Balanced tri-agonism of GLP-1R, glucagon receptor and FGF21 receptor pathways",Fc-fusion protein,triple,True,VERIFIED_ALIAS,high,https://clinicaltrials.gov/study/NCT05378893,Registry wording for DR10624.,False,VERIFIED_ALIAS,VERIFIED_ALIAS,Incretin + metabolic/hepatokine,GLP-1/glucagon/FGF21,True,False,False
NCT05380323,ly3541105,Eli Lilly and Company,INDUSTRY,A Study of LY3541105 in Healthy and Overweight Participants,PHASE1,COMPLETED,,ly3541105,,,,,,,,UNMAPPED,,,,False,UNMAPPED,UNCLASSIFIED_LONG_TAIL,Unclassified long tail,Not individually reviewed,False,False,True
NCT05394519,cagrilintide,Novo Nordisk A/S,INDUSTRY,A Research Study to See How Well CagriSema Helps People With Type 2 Diabetes and Excess Body Weight Lose Weight,PHASE3,COMPLETED,cagrilintide,cagrilintide,Amylin-based,amylin,AMY1R; AMY2R; AMY3R; CTR,Long-acting amylin/calcitonin receptor agonist,peptide,multi,False,VERIFIED,high,https://pubmed.ncbi.nlm.nih.gov/42452898/,Long-acting amylin analogue with activity across amylin receptors and CTR.,False,VERIFIED,VERIFIED,Amylin-based,amylin,True,False,False
NCT05394519,semaglutide,Novo Nordisk A/S,INDUSTRY,A Research Study to See How Well CagriSema Helps People With Type 2 Diabetes and Excess Body Weight Lose Weight,PHASE3,COMPLETED,semaglutide,semaglutide,Incretin-based,GLP-1,GLP1R,GLP-1 receptor agonist,peptide,mono,True,VERIFIED,high,https://pubmed.ncbi.nlm.nih.gov/41054801/,Long-acting GLP-1 analogue.,False,VERIFIED,VERIFIED,Incretin-based,GLP-1,True,False,False
NCT05406115,amg 786,Amgen,INDUSTRY,Single and Multiple Ascending Dose Study to Evaluate AMG 786 in Healthy Participants and Participants With Obesity,PHASE1,COMPLETED,amg 786,AMG 786,Undisclosed,undisclosed non-incretin,,,small molecule,,False,RESEARCH_REQUIRED,medium,https://www-ext.amgen.com/newsroom/press-releases/2024/05/amgen-reports-first-quarter-2024-financial-results,Amgen stated this was a non-incretin small-molecule obesity programme; specific target remains undisclosed.,False,RESEARCH_REQUIRED,UNRESOLVED_PUBLIC_INFO,Undisclosed / insufficient public information,Undisclosed,False,True,False
NCT05412004,tirzepatide,Eli Lilly and Company,INDUSTRY,Obstructive Sleep Apnea Master Protocol GPIF: A Study of Tirzepatide (LY3298176) in Participants With Obstructive Sleep Apnea,PHASE3,COMPLETED,tirzepatide,tirzepatide,Incretin-based,GLP-1/GIP,GLP1R; GIPR,Dual GLP-1/GIP receptor agonist,peptide,dual,True,VERIFIED,high,https://pubmed.ncbi.nlm.nih.gov/41054801/,Dual incretin agonist.,False,VERIFIED,VERIFIED,Incretin-based,GLP-1/GIP,True,False,False
NCT05416125,lisdexamfetamine,University of Minnesota,OTHER,Vyvanse in Children Aged 6 to 12 Years,EARLY_PHASE1,COMPLETED,lisdexamfetamine,lisdexamfetamine,CNS/appetite,catecholaminergic,DAT/NET pathways via dextroamphetamine,Prodrug stimulant increasing central catecholaminergic signalling,small molecule,,False,VERIFIED,high,,Repurposed CNS agent rather than a dedicated obesity asset.,False,VERIFIED,VERIFIED,CNS/appetite,catecholaminergic,True,False,False
NCT05422378,stp705,Sirnaomics,INDUSTRY,"A Study to Evaluate Safety, Tolerability of Subcutaneous Injection in Adult Subjects Undergoing Abdominoplasty",PHASE1,COMPLETED,,stp705,,,,,,,,UNMAPPED,,,,False,UNMAPPED,UNCLASSIFIED_LONG_TAIL,Unclassified long tail,Not individually reviewed,False,False,True
NCT05433506,hu6,"Rivus Pharmaceuticals, Inc.",INDUSTRY,Safety and Pharmacokinetics of HU6,PHASE1,COMPLETED,hu6,hu6,Metabolic/energy expenditure,mitochondrial uncoupling,mitochondrial proton gradient / oxidative phosphorylation,Controlled mitochondrial uncoupling increases resting energy expenditure and fat oxidation,small molecule,,False,VERIFIED,high,https://www.rivuspharma.com/our-pipeline/,Controlled Metabolic Accelerator (CMA); increases energy expenditure through mitochondrial uncoupling.,False,VERIFIED,VERIFIED,Metabolic/energy expenditure,mitochondrial uncoupling,True,False,False
NCT05442450,semaglutide,"Asian Institute of Gastroenterology, India",OTHER,Efficacy of Oral Semaglutide in Overweight or Obesity,PHASE4,UNKNOWN,semaglutide,semaglutide,Incretin-based,GLP-1,GLP1R,GLP-1 receptor agonist,peptide,mono,True,VERIFIED,high,https://pubmed.ncbi.nlm.nih.gov/41054801/,Long-acting GLP-1 analogue.,False,VERIFIED,VERIFIED,Incretin-based,GLP-1,True,False,False
NCT05445232,retatrutide,Eli Lilly and Company,INDUSTRY,A Drug-Drug Interaction (DDI) Study of LY3437943 in Obese Participants,PHASE1,COMPLETED,retatrutide,retatrutide,Incretin-based,GLP-1/GIP/glucagon,GLP1R; GIPR; GCGR,Triple GLP-1/GIP/glucagon receptor agonist,peptide,triple,True,VERIFIED,high,https://pubmed.ncbi.nlm.nih.gov/41054801/,Triple incretin/glucagon agonist.,False,VERIFIED,VERIFIED,Incretin-based,GLP-1/GIP/glucagon,True,False,False
NCT05532020,dccr diazoxide choline,"Soleno Therapeutics, Inc.",INDUSTRY,An Open-Label Study of Diazoxide Choline in Patients With Genetic Obesities,PHASE2,UNKNOWN,dccr diazoxide choline,diazoxide choline,CNS/appetite,KATP-channel activation,ATP-sensitive K+ channels (KATP),KATP-channel activation reduces hypothalamic orexigenic NPY/AgRP signalling and hyperphagia,small molecule,,False,VERIFIED_ALIAS,high,https://pubmed.ncbi.nlm.nih.gov/42100354/,DCCR/VYKAT XR; targeted hyperphagia therapy in Prader-Willi syndrome.,False,VERIFIED_ALIAS,VERIFIED_ALIAS,CNS/appetite,KATP-channel activation,True,False,False
NCT05536804,tirzepatide,Eli Lilly and Company,INDUSTRY,A Study of Tirzepatide (LY3298176) in Participants With Overweight or Obesity and Chronic Kidney Disease With or Without Type 2 Diabetes,PHASE2,ACTIVE_NOT_RECRUITING,tirzepatide,tirzepatide,Incretin-based,GLP-1/GIP,GLP1R; GIPR,Dual GLP-1/GIP receptor agonist,peptide,dual,True,VERIFIED,high,https://pubmed.ncbi.nlm.nih.gov/41054801/,Dual incretin agonist.,False,VERIFIED,VERIFIED,Incretin-based,GLP-1/GIP,True,False,False
NCT05537233,semaglutide,Viral N. Shah,OTHER,ADJUnct Semaglutide Treatment in Type 1 Diabetes,PHASE2,COMPLETED,semaglutide,semaglutide,Incretin-based,GLP-1,GLP1R,GLP-1 receptor agonist,peptide,mono,True,VERIFIED,high,https://pubmed.ncbi.nlm.nih.gov/41054801/,Long-acting GLP-1 analogue.,False,VERIFIED,VERIFIED,Incretin-based,GLP-1,True,False,False
NCT05548231,retatrutide,Eli Lilly and Company,INDUSTRY,A Study of LY3437943 in Chinese Participants With Obesity Or Overweight,PHASE1,COMPLETED,retatrutide,retatrutide,Incretin-based,GLP-1/GIP/glucagon,GLP1R; GIPR; GCGR,Triple GLP-1/GIP/glucagon receptor agonist,peptide,triple,True,VERIFIED,high,https://pubmed.ncbi.nlm.nih.gov/41054801/,Triple incretin/glucagon agonist.,False,VERIFIED,VERIFIED,Incretin-based,GLP-1/GIP/glucagon,True,False,False
NCT05548647,semaglutide,University of Pennsylvania,OTHER,"Semaglutide Treatment, Appetite, and Eating Behavior: Long-term Effects",PHASE4,COMPLETED,semaglutide,semaglutide,Incretin-based,GLP-1,GLP1R,GLP-1 receptor agonist,peptide,mono,True,VERIFIED,high,https://pubmed.ncbi.nlm.nih.gov/41054801/,Long-acting GLP-1 analogue.,False,VERIFIED,VERIFIED,Incretin-based,GLP-1,True,False,False
NCT05564117,semaglutide,Novo Nordisk A/S,INDUSTRY,Research Study Looking at How Well Semaglutide Tablets Taken Once Daily Work in People Who Have a Body Weight Above the Healthy Range,PHASE3,COMPLETED,semaglutide,semaglutide,Incretin-based,GLP-1,GLP1R,GLP-1 receptor agonist,peptide,mono,True,VERIFIED,high,https://pubmed.ncbi.nlm.nih.gov/41054801/,Long-acting GLP-1 analogue.,False,VERIFIED,VERIFIED,Incretin-based,GLP-1,True,False,False
NCT05567796,cagrilintide,Novo Nordisk A/S,INDUSTRY,A Research Study to See How Well CagriSema Helps People With Excess Body Weight Lose Weight,PHASE3,ACTIVE_NOT_RECRUITING,cagrilintide,cagrilintide,Amylin-based,amylin,AMY1R; AMY2R; AMY3R; CTR,Long-acting amylin/calcitonin receptor agonist,peptide,multi,False,VERIFIED,high,https://pubmed.ncbi.nlm.nih.gov/42452898/,Long-acting amylin analogue with activity across amylin receptors and CTR.,False,VERIFIED,VERIFIED,Amylin-based,amylin,True,False,False
NCT05567796,semaglutide,Novo Nordisk A/S,INDUSTRY,A Research Study to See How Well CagriSema Helps People With Excess Body Weight Lose Weight,PHASE3,ACTIVE_NOT_RECRUITING,semaglutide,semaglutide,Incretin-based,GLP-1,GLP1R,GLP-1 receptor agonist,peptide,mono,True,VERIFIED,high,https://pubmed.ncbi.nlm.nih.gov/41054801/,Long-acting GLP-1 analogue.,False,VERIFIED,VERIFIED,Incretin-based,GLP-1,True,False,False
NCT05574049,tetrahydrocannabivarin,"Medical Life Care Planners, LLC",OTHER,"Weight Loss, Blood Sugar and Blood Lipid Effects of Tetrahydrocannabivarin (THCV) Impregnated Mucoadhesive Strips",EARLY_PHASE1,COMPLETED,,tetrahydrocannabivarin,,,,,,,,UNMAPPED,,,,False,UNMAPPED,UNCLASSIFIED_LONG_TAIL,Unclassified long tail,Not individually reviewed,False,False,True
NCT05574439,semaglutide,Signe Torekov,OTHER,Young Adults With Early-onset Obesity Treated With Semaglutide,PHASE4,COMPLETED,semaglutide,semaglutide,Incretin-based,GLP-1,GLP1R,GLP-1 receptor agonist,peptide,mono,True,VERIFIED,high,https://pubmed.ncbi.nlm.nih.gov/41054801/,Long-acting GLP-1 analogue.,False,VERIFIED,VERIFIED,Incretin-based,GLP-1,True,False,False
NCT05579249,semaglutide,Novo Nordisk A/S,INDUSTRY,A Research Study Comparing Wegovy to Other Weight Management Drugs in People Living With Obesity in America,PHASE4,COMPLETED,semaglutide,semaglutide,Incretin-based,GLP-1,GLP1R,GLP-1 receptor agonist,peptide,mono,True,VERIFIED,high,https://pubmed.ncbi.nlm.nih.gov/41054801/,Long-acting GLP-1 analogue.,False,VERIFIED,VERIFIED,Incretin-based,GLP-1,True,False,False
NCT05579977,lotiglipron,Pfizer,INDUSTRY,Trial to Learn About the Study Medicine (PF-07081532) and Rybelsus in People With Type 2 Diabetes and Separately PF-07081532 in People With Obesity,PHASE2,TERMINATED,lotiglipron,lotiglipron,Incretin-based,GLP-1,GLP1R,GLP-1 receptor agonist,small molecule,mono,True,VERIFIED,high,https://pubmed.ncbi.nlm.nih.gov/38751362/,PF-07081532; oral small-molecule GLP-1RA. Development was discontinued by Pfizer.,False,VERIFIED,VERIFIED,Incretin-based,GLP-1,True,False,False
NCT05579977,semaglutide,Pfizer,INDUSTRY,Trial to Learn About the Study Medicine (PF-07081532) and Rybelsus in People With Type 2 Diabetes and Separately PF-07081532 in People With Obesity,PHASE2,TERMINATED,semaglutide,semaglutide,Incretin-based,GLP-1,GLP1R,GLP-1 receptor agonist,peptide,mono,True,VERIFIED,high,https://pubmed.ncbi.nlm.nih.gov/41054801/,Long-acting GLP-1 analogue.,False,VERIFIED,VERIFIED,Incretin-based,GLP-1,True,False,False
NCT05582096,ly3457263,Eli Lilly and Company,INDUSTRY,A Study of LY3457263 in Obese Participants,PHASE1,COMPLETED,,ly3457263,,,,,,,,UNMAPPED,,,,False,UNMAPPED,UNCLASSIFIED_LONG_TAIL,Unclassified long tail,Not individually reviewed,False,False,True
NCT05582096,tirzepatide,Eli Lilly and Company,INDUSTRY,A Study of LY3457263 in Obese Participants,PHASE1,COMPLETED,tirzepatide,tirzepatide,Incretin-based,GLP-1/GIP,GLP1R; GIPR,Dual GLP-1/GIP receptor agonist,peptide,dual,True,VERIFIED,high,https://pubmed.ncbi.nlm.nih.gov/41054801/,Dual incretin agonist.,False,VERIFIED,VERIFIED,Incretin-based,GLP-1/GIP,True,False,False
NCT05607680,mazdutide,Innovent Biologics (Suzhou) Co. Ltd.,INDUSTRY,A Study of IBI362 in Participants With Obesity or Overweight,PHASE3,COMPLETED,mazdutide,mazdutide,Incretin-based,GLP-1/glucagon,GLP1R; GCGR,Dual GLP-1/glucagon receptor agonist,peptide,dual,True,VERIFIED,high,https://pubmed.ncbi.nlm.nih.gov/41054801/,Former development code IBI362/LY3305677.,False,VERIFIED,VERIFIED,Incretin-based,GLP-1/glucagon,True,False,False
NCT05613387,zp8396,Zealand Pharma,INDUSTRY,A Research Study Looking at the Safety of Multiple Doses of ZP8396 and How it Works in the Body of Healthy Participants,PHASE1,COMPLETED,zp8396,petrelintide,Amylin-based,amylin,amylin receptors; CTR,Long-acting human amylin analogue,peptide,multi,False,VERIFIED_ALIAS,high,https://www.zealandpharma.com/pipeline/petrelintide/,ZP8396 is petrelintide.,False,VERIFIED_ALIAS,VERIFIED_ALIAS,Amylin-based,amylin,True,False,False
NCT05616013,bimagrumab,Eli Lilly and Company,INDUSTRY,Safety and Efficacy of Bimagrumab and Semaglutide in Adults Who Are Overweight or Obese,PHASE2,COMPLETED,bimagrumab,bimagrumab,Lean-mass preservation,activin receptor blockade,ActRIIA; ActRIIB,Activin type II receptor-blocking antibody,monoclonal antibody,,False,VERIFIED,high,https://www.nature.com/articles/s41591-026-04204-0,Promotes muscle growth/lean-mass preservation and fat-mass reduction.,False,VERIFIED,VERIFIED,Lean-mass preservation,activin receptor blockade,True,False,False
NCT05616013,semaglutide,Eli Lilly and Company,INDUSTRY,Safety and Efficacy of Bimagrumab and Semaglutide in Adults Who Are Overweight or Obese,PHASE2,COMPLETED,semaglutide,semaglutide,Incretin-based,GLP-1,GLP1R,GLP-1 receptor agonist,peptide,mono,True,VERIFIED,high,https://pubmed.ncbi.nlm.nih.gov/41054801/,Long-acting GLP-1 analogue.,False,VERIFIED,VERIFIED,Incretin-based,GLP-1,True,False,False
NCT05623839,mazdutide,Eli Lilly and Company,INDUSTRY,A Study of LY3305677 in Participants With Obesity Or Overweight,PHASE1,COMPLETED,mazdutide,mazdutide,Incretin-based,GLP-1/glucagon,GLP1R; GCGR,Dual GLP-1/glucagon receptor agonist,peptide,dual,True,VERIFIED,high,https://pubmed.ncbi.nlm.nih.gov/41054801/,Former development code IBI362/LY3305677.,False,VERIFIED,VERIFIED,Incretin-based,GLP-1/glucagon,True,False,False
NCT05646706,semaglutide,Novo Nordisk A/S,INDUSTRY,"A Research Study to See How Semaglutide Helps People With Excess Weight, Lose Weight (STEP UP)",PHASE3,COMPLETED,semaglutide,semaglutide,Incretin-based,GLP-1,GLP1R,GLP-1 receptor agonist,peptide,mono,True,VERIFIED,high,https://pubmed.ncbi.nlm.nih.gov/41054801/,Long-acting GLP-1 analogue.,False,VERIFIED,VERIFIED,Incretin-based,GLP-1,True,False,False
NCT05649137,semaglutide,Novo Nordisk A/S,INDUSTRY,A Research Study to See How Semaglutide Helps People With Excess Weight and Type 2 Diabetes Lose Weight,PHASE3,COMPLETED,semaglutide,semaglutide,Incretin-based,GLP-1,GLP1R,GLP-1 receptor agonist,peptide,mono,True,VERIFIED,high,https://pubmed.ncbi.nlm.nih.gov/41054801/,Long-acting GLP-1 analogue.,False,VERIFIED,VERIFIED,Incretin-based,GLP-1,True,False,False
NCT05669599,maridebart cafraglutide,Amgen,INDUSTRY,"Dose-ranging Study to Evaluate the Efficacy, Safety, and Tolerability of AMG 133 in Adult Subjects With Overweight or Obesity, With or Without Type 2 Diabetes Mellitus",PHASE2,COMPLETED,maridebart cafraglutide,maridebart cafraglutide,Incretin-based,GLP-1 agonism + GIP antagonism,GLP1R; GIPR,GLP-1 receptor agonism plus GIP receptor antagonism,antibody-peptide conjugate,,True,VERIFIED,high,https://pubmed.ncbi.nlm.nih.gov/38316982/,Anti-GIPR antibody conjugated to GLP-1 agonist peptides.,False,VERIFIED,VERIFIED,Incretin-based,GLP-1 agonism + GIP antagonism,True,False,False
NCT05670379,exenatide implant,"Vivani Medical, Inc",INDUSTRY,"Assessment of Safety, Tolerability and Drug Levels of Exenatide Implant",PHASE1,COMPLETED,exenatide implant,exenatide,Incretin-based,GLP-1,GLP1R,GLP-1 receptor agonism,peptide,mono,True,VERIFIED_ALIAS,high,,Long-acting/formulation wording; collapse to exenatide.,False,VERIFIED_ALIAS,VERIFIED_ALIAS,Incretin-based,GLP-1,True,False,False
NCT05671653,lotiglipron,Pfizer,INDUSTRY,"A Study to Evaluate the Effect of the Experimental GLP-1 Drug PF-07081532 on Blood Levels of Common Birth Control Pills, and Drugs Omeprazole and Midazolam, and Effect of GLP-1 Drug Semaglutide on Midazolam Blood Levels in Healthy Adults With Weight in the Obesity Range",PHASE1,TERMINATED,lotiglipron,lotiglipron,Incretin-based,GLP-1,GLP1R,GLP-1 receptor agonist,small molecule,mono,True,VERIFIED,high,https://pubmed.ncbi.nlm.nih.gov/38751362/,PF-07081532; oral small-molecule GLP-1RA. Development was discontinued by Pfizer.,False,VERIFIED,VERIFIED,Incretin-based,GLP-1,True,False,False
NCT05671653,semaglutide,Pfizer,INDUSTRY,"A Study to Evaluate the Effect of the Experimental GLP-1 Drug PF-07081532 on Blood Levels of Common Birth Control Pills, and Drugs Omeprazole and Midazolam, and Effect of GLP-1 Drug Semaglutide on Midazolam Blood Levels in Healthy Adults With Weight in the Obesity Range",PHASE1,TERMINATED,semaglutide,semaglutide,Incretin-based,GLP-1,GLP1R,GLP-1 receptor agonist,peptide,mono,True,VERIFIED,high,https://pubmed.ncbi.nlm.nih.gov/41054801/,Long-acting GLP-1 analogue.,False,VERIFIED,VERIFIED,Incretin-based,GLP-1,True,False,False
NCT05677867,lotiglipron,Pfizer,INDUSTRY,A Study to Compare Two Different Forms of PF-07081532 in Adults Who Are Overweight or Obese,PHASE1,COMPLETED,lotiglipron,lotiglipron,Incretin-based,GLP-1,GLP1R,GLP-1 receptor agonist,small molecule,mono,True,VERIFIED,high,https://pubmed.ncbi.nlm.nih.gov/38751362/,PF-07081532; oral small-molecule GLP-1RA. Development was discontinued by Pfizer.,False,VERIFIED,VERIFIED,Incretin-based,GLP-1,True,False,False
NCT05696847,tirzepatide,Eli Lilly and Company,INDUSTRY,A Study of Tirzepatide (LY3298176) in Pediatric Participants With Obesity,PHASE1,COMPLETED,tirzepatide,tirzepatide,Incretin-based,GLP-1/GIP,GLP1R; GIPR,Dual GLP-1/GIP receptor agonist,peptide,dual,True,VERIFIED,high,https://pubmed.ncbi.nlm.nih.gov/41054801/,Dual incretin agonist.,False,VERIFIED,VERIFIED,Incretin-based,GLP-1/GIP,True,False,False
NCT05705388,liraglutide,Emirates Health Services (EHS),OTHER_GOV,POSE2.0 With GLP-1 Agonist for Obesity Management,,UNKNOWN,liraglutide,liraglutide,Incretin-based,GLP-1,GLP1R,GLP-1 receptor agonist,peptide,mono,True,VERIFIED,high,https://pubmed.ncbi.nlm.nih.gov/41054801/,GLP-1 analogue.,False,VERIFIED,VERIFIED,Incretin-based,GLP-1,True,False,False
NCT05726227,semaglutide,Novo Nordisk A/S,INDUSTRY,A Research Study on How Well Semaglutide Helps Children and Teenagers With Excess Body Weight Lose Weight,PHASE3,ACTIVE_NOT_RECRUITING,semaglutide,semaglutide,Incretin-based,GLP-1,GLP1R,GLP-1 receptor agonist,peptide,mono,True,VERIFIED,high,https://pubmed.ncbi.nlm.nih.gov/41054801/,Long-acting GLP-1 analogue.,False,VERIFIED,VERIFIED,Incretin-based,GLP-1,True,False,False
NCT05741606,sodium pentaborate pentahydrate,Tabriz University of Medical Sciences,OTHER,Safety and Efficacy of Sodium Pentaborate Pentahydrate in People With Overweight and Obesity,PHASE1; PHASE2,COMPLETED,,sodium pentaborate pentahydrate,,,,,,,,UNMAPPED,,,,False,UNMAPPED,UNCLASSIFIED_LONG_TAIL,Unclassified long tail,Not individually reviewed,False,False,True
NCT05744479,metformin,Centre for Addiction and Mental Health,OTHER,Metformin for Antipsychotic-induced Weight Gain in Adults With Intellectual Disability,PHASE4,RECRUITING,metformin,metformin,Metabolic/energy expenditure,insulin sensitisation/metabolic,mitochondrial complex I; AMPK-associated pathways,Pleiotropic insulin-sensitising and metabolic effects,small molecule,,False,VERIFIED,medium,,Mechanism is pleiotropic; no single receptor target adequately describes metformin.,False,VERIFIED,VERIFIED,Metabolic/energy expenditure,insulin sensitisation/metabolic,True,False,False
NCT05746039,semaglutide,University of Pennsylvania,OTHER,Feasibility of Semaglutide in Advanced Lung Disease,PHASE1; PHASE2,RECRUITING,semaglutide,semaglutide,Incretin-based,GLP-1,GLP1R,GLP-1 receptor agonist,peptide,mono,True,VERIFIED,high,https://pubmed.ncbi.nlm.nih.gov/41054801/,Long-acting GLP-1 analogue.,False,VERIFIED,VERIFIED,Incretin-based,GLP-1,True,False,False
NCT05751226,bi 1820237,Boehringer Ingelheim,INDUSTRY,A Study in People With Overweight or Obesity to Test How Well Different Doses of BI 1820237 Are Tolerated When Given Alone or in Combination With Either Semaglutide or BI 456906,PHASE1,COMPLETED,bi 1820237,bi 1820237,CNS/appetite,NPY2,NPY2R,Long-acting NPY2 receptor agonist,peptide,mono,False,VERIFIED,high,https://www.gubra.dk/mfn_news/phase-1-trial-results-from-a-novel-long-acting-npy2-receptor-agonist-in-partnership-between-gubra-as-and-boehringer-ingelheim-presented-today-at-the-european-congress-on-obesity-eco-2023/,Obesity development was discontinued in 2024; mechanism remains relevant to historical landscape.,False,VERIFIED,VERIFIED,CNS/appetite,NPY2,True,False,False
NCT05751226,semaglutide,Boehringer Ingelheim,INDUSTRY,A Study in People With Overweight or Obesity to Test How Well Different Doses of BI 1820237 Are Tolerated When Given Alone or in Combination With Either Semaglutide or BI 456906,PHASE1,COMPLETED,semaglutide,semaglutide,Incretin-based,GLP-1,GLP1R,GLP-1 receptor agonist,peptide,mono,True,VERIFIED,high,https://pubmed.ncbi.nlm.nih.gov/41054801/,Long-acting GLP-1 analogue.,False,VERIFIED,VERIFIED,Incretin-based,GLP-1,True,False,False
NCT05762471,aleniglipron,"Gasherbrum Bio, Inc., a wholly owned subsidiary of Structure Therapeutics",INDUSTRY,Phase 1b/2a Study of GSBR-1290 in Adult Overweight or Obese Healthy Subjects and Subjects With Type 2 Diabetes Mellitus,PHASE1; PHASE2,COMPLETED,aleniglipron,aleniglipron,Incretin-based,GLP-1,GLP1R,Biased GLP-1 receptor agonist,small molecule,mono,True,VERIFIED,high,https://ir.structuretx.com/news-releases/news-release-details/structure-therapeutics-reports-positive-topline-data-phase-2,GSBR-1290; oral nonpeptide small-molecule GLP-1RA.,False,VERIFIED,VERIFIED,Incretin-based,GLP-1,True,False,False
NCT05774756,setmelanotide,"Rhythm Pharmaceuticals, Inc.",INDUSTRY,A Trial of Setmelanotide in Acquired Hypothalamic Obesity,PHASE3,ACTIVE_NOT_RECRUITING,setmelanotide,setmelanotide,Melanocortin,MC4R,MC4R,Melanocortin-4 receptor agonist,peptide,mono,False,VERIFIED,high,https://www.accessdata.fda.gov/drugsatfda_docs/label/2026/213793s009lbl.pdf,Cyclic peptide MC4R agonist used in genetic/syndromic obesity.,False,VERIFIED,VERIFIED,Melanocortin,MC4R,True,False,False
NCT05779644,liraglutide,RenJi Hospital,OTHER,"Effects of GLP-1RA on Body Weight, Metabolism and Fat Distribution in Overweight/Obese Patients With Type 2 Diabetes Mellitus",,UNKNOWN,liraglutide,liraglutide,Incretin-based,GLP-1,GLP1R,GLP-1 receptor agonist,peptide,mono,True,VERIFIED,high,https://pubmed.ncbi.nlm.nih.gov/41054801/,GLP-1 analogue.,False,VERIFIED,VERIFIED,Incretin-based,GLP-1,True,False,False
NCT05779644,semaglutide,RenJi Hospital,OTHER,"Effects of GLP-1RA on Body Weight, Metabolism and Fat Distribution in Overweight/Obese Patients With Type 2 Diabetes Mellitus",,UNKNOWN,semaglutide,semaglutide,Incretin-based,GLP-1,GLP1R,GLP-1 receptor agonist,peptide,mono,True,VERIFIED,high,https://pubmed.ncbi.nlm.nih.gov/41054801/,Long-acting GLP-1 analogue.,False,VERIFIED,VERIFIED,Incretin-based,GLP-1,True,False,False
NCT05786521,semaglutide,The University of Texas Health Science Center at San Antonio,OTHER,"Effect of GLP1 Receptor Agonists on Physical Function, Body Composition, and Markers of Aging in Older Adults",PHASE4,COMPLETED,semaglutide,semaglutide,Incretin-based,GLP-1,GLP1R,GLP-1 receptor agonist,peptide,mono,True,VERIFIED,high,https://pubmed.ncbi.nlm.nih.gov/41054801/,Long-acting GLP-1 analogue.,False,VERIFIED,VERIFIED,Incretin-based,GLP-1,True,False,False
NCT05788601,dapiglutide,"University Hospital, Gentofte, Copenhagen",OTHER,Dapiglutide for the Treatment of Obesity,PHASE2,ACTIVE_NOT_RECRUITING,dapiglutide,dapiglutide,Incretin-based,GLP-1/GLP-2,GLP1R; GLP2R,Dual GLP-1/GLP-2 receptor agonist,peptide,dual,True,VERIFIED,high,https://www.zealandpharma.com/pipeline/dapiglutide-program-paused/,Long-acting dual GLP-1R/GLP-2R agonist; programme currently paused.,False,VERIFIED,VERIFIED,Incretin-based,GLP-1/GLP-2,True,False,False
NCT05804162,cagrilintide,Novo Nordisk A/S,INDUSTRY,A Research Study Looking at How Cagrilintide Works on the Heart Rhythm in Healthy Participants,PHASE1,COMPLETED,cagrilintide,cagrilintide,Amylin-based,amylin,AMY1R; AMY2R; AMY3R; CTR,Long-acting amylin/calcitonin receptor agonist,peptide,multi,False,VERIFIED,high,https://pubmed.ncbi.nlm.nih.gov/42452898/,Long-acting amylin analogue with activity across amylin receptors and CTR.,False,VERIFIED,VERIFIED,Amylin-based,amylin,True,False,False
NCT05813925,cagrilintide,Novo Nordisk A/S,INDUSTRY,A Research Study to See How Well CagriSema Helps People in East Asia With Excess Body Weight Lose Weight,PHASE3,COMPLETED,cagrilintide,cagrilintide,Amylin-based,amylin,AMY1R; AMY2R; AMY3R; CTR,Long-acting amylin/calcitonin receptor agonist,peptide,multi,False,VERIFIED,high,https://pubmed.ncbi.nlm.nih.gov/42452898/,Long-acting amylin analogue with activity across amylin receptors and CTR.,False,VERIFIED,VERIFIED,Amylin-based,amylin,True,False,False
NCT05813925,semaglutide,Novo Nordisk A/S,INDUSTRY,A Research Study to See How Well CagriSema Helps People in East Asia With Excess Body Weight Lose Weight,PHASE3,COMPLETED,semaglutide,semaglutide,Incretin-based,GLP-1,GLP1R,GLP-1 receptor agonist,peptide,mono,True,VERIFIED,high,https://pubmed.ncbi.nlm.nih.gov/41054801/,Long-acting GLP-1 analogue.,False,VERIFIED,VERIFIED,Incretin-based,GLP-1,True,False,False
NCT05814107,ct-996,Carmot Australia First Pty Ltd,INDUSTRY,Phase 1 Study of CT-996 in Overweight/Obese Participants and Patients With Type 2 Diabetes Mellitus,PHASE1,COMPLETED,ct-996,ro7795081,Incretin-based,GLP-1,GLP1R,cAMP-biased GLP-1 receptor agonism,small molecule,mono,True,VERIFIED_ALIAS,high,https://www.roche.com/media/releases/med-cor-2024-07-17,CT-996 is the same Roche/Carmot programme recorded elsewhere as RO7795081.,False,VERIFIED_ALIAS,VERIFIED_ALIAS,Incretin-based,GLP-1,True,False,False
NCT05815680,mazdutide,Innovent Biologics (Suzhou) Co. Ltd.,INDUSTRY,"A Study to Evaluate the Drug-drug Interactions (DDIs) of IBI362 With Metformin, Warfarin, Atorvastatin, Digoxin in Overweight or Obese Subjects",PHASE1,COMPLETED,mazdutide,mazdutide,Incretin-based,GLP-1/glucagon,GLP1R; GCGR,Dual GLP-1/glucagon receptor agonist,peptide,dual,True,VERIFIED,high,https://pubmed.ncbi.nlm.nih.gov/41054801/,Former development code IBI362/LY3305677.,False,VERIFIED,VERIFIED,Incretin-based,GLP-1/glucagon,True,False,False
NCT05815680,metformin,Innovent Biologics (Suzhou) Co. Ltd.,INDUSTRY,"A Study to Evaluate the Drug-drug Interactions (DDIs) of IBI362 With Metformin, Warfarin, Atorvastatin, Digoxin in Overweight or Obese Subjects",PHASE1,COMPLETED,metformin,metformin,Metabolic/energy expenditure,insulin sensitisation/metabolic,mitochondrial complex I; AMPK-associated pathways,Pleiotropic insulin-sensitising and metabolic effects,small molecule,,False,VERIFIED,medium,,Mechanism is pleiotropic; no single receptor target adequately describes metformin.,False,VERIFIED,VERIFIED,Metabolic/energy expenditure,insulin sensitisation/metabolic,True,False,False
NCT05821543,metformin+sibutramine,"Promomed, LLC",OTHER,Efficacy and Safety of Sibutramin-containing Drugs in Patient With Alimentary Obesity,PHASE4,COMPLETED,,metformin+sibutramine,,,,,,,,UNMAPPED,,,,False,UNMAPPED,UNCLASSIFIED_LONG_TAIL,Unclassified long tail,Not individually reviewed,False,False,True
NCT05822544,tlc-6740,"OrsoBio, Inc",INDUSTRY,"Phase 1/1b Study of TLC-6740 in Healthy Subjects and Subjects With Obesity, With or Without Diabetes",PHASE1,ACTIVE_NOT_RECRUITING,,tlc-6740,,,,,,,,UNMAPPED,,,,False,UNMAPPED,UNCLASSIFIED_LONG_TAIL,Unclassified long tail,Not individually reviewed,False,False,True
NCT05822830,semaglutide,Eli Lilly and Company,INDUSTRY,A Study of Tirzepatide (LY3298176) in Participants With Obesity or Overweight With Weight Related Comorbidities,PHASE3,COMPLETED,semaglutide,semaglutide,Incretin-based,GLP-1,GLP1R,GLP-1 receptor agonist,peptide,mono,True,VERIFIED,high,https://pubmed.ncbi.nlm.nih.gov/41054801/,Long-acting GLP-1 analogue.,False,VERIFIED,VERIFIED,Incretin-based,GLP-1,True,False,False
NCT05822830,tirzepatide,Eli Lilly and Company,INDUSTRY,A Study of Tirzepatide (LY3298176) in Participants With Obesity or Overweight With Weight Related Comorbidities,PHASE3,COMPLETED,tirzepatide,tirzepatide,Incretin-based,GLP-1/GIP,GLP1R; GIPR,Dual GLP-1/GIP receptor agonist,peptide,dual,True,VERIFIED,high,https://pubmed.ncbi.nlm.nih.gov/41054801/,Dual incretin agonist.,False,VERIFIED,VERIFIED,Incretin-based,GLP-1/GIP,True,False,False
NCT05834062,phentermine + topiramate,University of Minnesota,OTHER,Phentermine/Topiramate as Preventive Pharmacotherapy for Obesity,PHASE2,WITHDRAWN,phentermine + topiramate,phentermine + topiramate,CNS/appetite,sympathomimetic + anticonvulsant,monoaminergic pathways; GABA/glutamate pathways,Appetite suppression through complementary CNS mechanisms,small-molecule combination,,False,VERIFIED,high,,Approved anti-obesity combination; established pharmacology.,False,VERIFIED,VERIFIED,CNS/appetite,sympathomimetic + anticonvulsant,True,False,False
NCT05835752,ray1225,"Guangdong Raynovent Biotech Co., Ltd",INDUSTRY,"The Safety, Tolerability and Pharmacokinetic Study of RAY1225",PHASE1,COMPLETED,ray1225,ray1225,Incretin-based,GLP-1/GIP,GLP1R; GIPR,Biased dual GLP-1/GIP receptor agonist,peptide,dual,True,VERIFIED,high,https://diabetesjournals.org/diabetes/article/75/Supplement_1/1227-OR/167132/,Long-acting/biweekly dual agonist.,False,VERIFIED,VERIFIED,Incretin-based,GLP-1/GIP,True,False,False
NCT05841238,orforglipron,Eli Lilly and Company,INDUSTRY,A Multiple Dose Study of LY3502970 in Healthy Overweight and Obese Participants,PHASE1,COMPLETED,orforglipron,orforglipron,Incretin-based,GLP-1,GLP1R,GLP-1 receptor agonist,small molecule,mono,True,VERIFIED,high,https://pubmed.ncbi.nlm.nih.gov/41054801/,Oral nonpeptide GLP-1RA.,False,VERIFIED,VERIFIED,Incretin-based,GLP-1,True,False,False
NCT05869903,orforglipron,Eli Lilly and Company,INDUSTRY,A Study of Orforglipron (LY3502970) in Adult Participants With Obesity or Overweight With Weight-Related Comorbidities,PHASE3,ACTIVE_NOT_RECRUITING,orforglipron,orforglipron,Incretin-based,GLP-1,GLP1R,GLP-1 receptor agonist,small molecule,mono,True,VERIFIED,high,https://pubmed.ncbi.nlm.nih.gov/41054801/,Oral nonpeptide GLP-1RA.,False,VERIFIED,VERIFIED,Incretin-based,GLP-1,True,False,False
NCT05872620,orforglipron,Eli Lilly and Company,INDUSTRY,A Study of Orforglipron in Adult Participants With Obesity or Overweight and Type 2 Diabetes,PHASE3,COMPLETED,orforglipron,orforglipron,Incretin-based,GLP-1,GLP1R,GLP-1 receptor agonist,small molecule,mono,True,VERIFIED,high,https://pubmed.ncbi.nlm.nih.gov/41054801/,Oral nonpeptide GLP-1RA.,False,VERIFIED,VERIFIED,Incretin-based,GLP-1,True,False,False
NCT05881837,ribupatide,"Fujian Shengdi Pharmaceutical Co., Ltd.",INDUSTRY,Efficacy and Safety of HRS9531 Injection in Obese Subjects Without Diabetes,PHASE2,COMPLETED,ribupatide,ribupatide,Incretin-based,GLP-1/GIP,GLP1R; GIPR,Dual GLP-1/GIP receptor agonist,peptide,dual,True,VERIFIED,high,https://www.hengrui.com/en/media/detail-991.html,HRS9531/KAI-9531; injectable and oral formulations in development.,False,VERIFIED,VERIFIED,Incretin-based,GLP-1/GIP,True,False,False
NCT05882045,retatrutide,Eli Lilly and Company,INDUSTRY,A Study of Retatrutide (LY3437943) in Participants With Obesity and Cardiovascular Disease,PHASE3,COMPLETED,retatrutide,retatrutide,Incretin-based,GLP-1/GIP/glucagon,GLP1R; GIPR; GCGR,Triple GLP-1/GIP/glucagon receptor agonist,peptide,triple,True,VERIFIED,high,https://pubmed.ncbi.nlm.nih.gov/41054801/,Triple incretin/glucagon agonist.,False,VERIFIED,VERIFIED,Incretin-based,GLP-1/GIP/glucagon,True,False,False
NCT05885074,empagliflozin,University of Alabama at Birmingham,OTHER,Mechanistic Insights to Weight Loss Maintenance Through SGLT2 Inhibitors,PHASE2,WITHDRAWN,empagliflozin,empagliflozin,Renal/glucose transport,SGLT2,SLC5A2 (SGLT2),SGLT2 inhibitor,small molecule,,False,VERIFIED,high,,Established SGLT2 inhibitor; repurposed/metabolic obesity context.,False,VERIFIED,VERIFIED,Renal/glucose transport,SGLT2,True,False,False
NCT05890950,k-757 and k-833,Kallyope Inc.,INDUSTRY,"A Study to Evaluate the Safety, Pharmacokinetics, and Pharmacodynamics of K-757 and K-833 in Overweight/Obese Patients With Type 2 Diabetes",PHASE1,COMPLETED,k-757 and k-833,K-757 + K-833,GI/pancreatic nutrient sensing,GPR40 + GPR119,FFAR1 (GPR40); GPR119,Combined GPR40 and GPR119 agonism enhances endogenous incretin and insulin secretion through complementary nutrient-sensing pathways,small-molecule combination,combination,False,VERIFIED,high,https://dom-pubs.onlinelibrary.wiley.com/doi/10.1111/dom.70014,K-757 is a GPR40 full agonist; K-833 is a GPR119 full agonist.,False,VERIFIED,VERIFIED,GI/pancreatic nutrient sensing,GPR40 + GPR119,True,False,False
NCT05890976,semaglutide,Novo Nordisk A/S,INDUSTRY,Research Study Looking at How Well Semaglutide Tablets Taken Once Daily Work in Chinese Adults Who Are Above a Healthy Weight Range (OASIS 3),PHASE3,COMPLETED,semaglutide,semaglutide,Incretin-based,GLP-1,GLP1R,GLP-1 receptor agonist,peptide,mono,True,VERIFIED,high,https://pubmed.ncbi.nlm.nih.gov/41054801/,Long-acting GLP-1 analogue.,False,VERIFIED,VERIFIED,Incretin-based,GLP-1,True,False,False
NCT05891834,inv-202,Inversago Pharma Inc.,INDUSTRY,Study of INV-202 in Patients With Obesity and Metabolic Syndrome,PHASE2,COMPLETED,,inv-202,,,,,,,,UNMAPPED,,,,False,UNMAPPED,UNCLASSIFIED_LONG_TAIL,Unclassified long tail,Not individually reviewed,False,False,True
NCT05900531,k-757,Kallyope Inc.,INDUSTRY,"A Study to Evaluate the Safety, Tolerability, Pharmacokinetics, and Pharmacodynamics of K-757 in Healthy Overweight/Obese Volunteers",PHASE1,COMPLETED,,k-757,,,,,,,,UNMAPPED,,,,False,UNMAPPED,UNCLASSIFIED_LONG_TAIL,Unclassified long tail,Not individually reviewed,False,False,True
NCT05900531,k-757 and k-833,Kallyope Inc.,INDUSTRY,"A Study to Evaluate the Safety, Tolerability, Pharmacokinetics, and Pharmacodynamics of K-757 in Healthy Overweight/Obese Volunteers",PHASE1,COMPLETED,k-757 and k-833,K-757 + K-833,GI/pancreatic nutrient sensing,GPR40 + GPR119,FFAR1 (GPR40); GPR119,Combined GPR40 and GPR119 agonism enhances endogenous incretin and insulin secretion through complementary nutrient-sensing pathways,small-molecule combination,combination,False,VERIFIED,high,https://dom-pubs.onlinelibrary.wiley.com/doi/10.1111/dom.70014,K-757 is a GPR40 full agonist; K-833 is a GPR119 full agonist.,False,VERIFIED,VERIFIED,GI/pancreatic nutrient sensing,GPR40 + GPR119,True,False,False
NCT05900531,k-757 and open-label sitagliptin,Kallyope Inc.,INDUSTRY,"A Study to Evaluate the Safety, Tolerability, Pharmacokinetics, and Pharmacodynamics of K-757 in Healthy Overweight/Obese Volunteers",PHASE1,COMPLETED,,k-757 and open-label sitagliptin,,,,,,,,UNMAPPED,,,,False,UNMAPPED,UNCLASSIFIED_LONG_TAIL,Unclassified long tail,Not individually reviewed,False,False,True
NCT05912621,tirzepatide,Stanford University,OTHER,Tirzepatide: Reversal of Lipotoxicity and Adipose Tissue Dysfunction in Humans With Overweight/Obesity,PHASE2,RECRUITING,tirzepatide,tirzepatide,Incretin-based,GLP-1/GIP,GLP1R; GIPR,Dual GLP-1/GIP receptor agonist,peptide,dual,True,VERIFIED,high,https://pubmed.ncbi.nlm.nih.gov/41054801/,Dual incretin agonist.,False,VERIFIED,VERIFIED,Incretin-based,GLP-1/GIP,True,False,False
NCT05919797,naltrexone + bupropion,Columbia University,OTHER,Weight Loss Study: Genetics and Response to Naltrexone/Bupropion,PHASE4,RECRUITING,naltrexone + bupropion,naltrexone + bupropion,CNS/appetite,opioid + catecholamine,OPRM1; NET/DAT pathways,Opioid receptor antagonism plus noradrenergic/dopaminergic appetite modulation,small-molecule combination,,False,VERIFIED,high,,Approved anti-obesity combination; established pharmacology.,False,VERIFIED,VERIFIED,CNS/appetite,opioid + catecholamine,True,False,False
NCT05925114,s-309309,Shionogi,INDUSTRY,Safety and Efficacy Study of S-309309 in Obese Adults,PHASE2,COMPLETED,s-309309,S-309309,GI nutrient absorption/metabolism,MGAT2 inhibition,MOGAT2 (MGAT2),Monoacylglycerol acyltransferase-2 inhibitor,small molecule,,False,VERIFIED,high,https://pubmed.ncbi.nlm.nih.gov/39832041/,Novel oral MGAT2 inhibitor developed for obesity.,False,VERIFIED,VERIFIED,GI nutrient absorption/metabolism,MGAT2 inhibition,True,False,False
NCT05925920,ent-03,Metabolics Pharma,INDUSTRY,Study of Subcutaneously Administered ENT-03 for the Treatment of Obesity and Diabetes,PHASE1,COMPLETED,ent-03,ENT-03,CNS/metabolic,PTP1B inhibition,PTPN1 (PTP1B),Centrally acting allosteric PTP1B inhibition affecting hypothalamic insulin/leptin signalling,aminosterol small molecule,,False,VERIFIED,high,https://diabetesjournals.org/diabetes/article/74/Supplement_1/271-OR/159650/,Centrally acting aminosterol PTP1B inhibitor in Phase 1 obesity/T2D development.,False,VERIFIED,VERIFIED,CNS/metabolic,PTP1B inhibition,True,False,False
NCT05929066,retatrutide,Eli Lilly and Company,INDUSTRY,A Study of Retatrutide (LY3437943) in Participants Who Have Obesity or Overweight,PHASE3,COMPLETED,retatrutide,retatrutide,Incretin-based,GLP-1/GIP/glucagon,GLP1R; GIPR; GCGR,Triple GLP-1/GIP/glucagon receptor agonist,peptide,triple,True,VERIFIED,high,https://pubmed.ncbi.nlm.nih.gov/41054801/,Triple incretin/glucagon agonist.,False,VERIFIED,VERIFIED,Incretin-based,GLP-1/GIP/glucagon,True,False,False
NCT05929079,retatrutide,Eli Lilly and Company,INDUSTRY,A Study of Retatrutide (LY3437943) in Participants With Type 2 Diabetes Mellitus Who Have Obesity or Overweight,PHASE3,COMPLETED,retatrutide,retatrutide,Incretin-based,GLP-1/GIP/glucagon,GLP1R; GIPR; GCGR,Triple GLP-1/GIP/glucagon receptor agonist,peptide,triple,True,VERIFIED,high,https://pubmed.ncbi.nlm.nih.gov/41054801/,Triple incretin/glucagon agonist.,False,VERIFIED,VERIFIED,Incretin-based,GLP-1/GIP/glucagon,True,False,False
NCT05931367,retatrutide,Eli Lilly and Company,INDUSTRY,A Study of Retatrutide (LY3437943) Once Weekly in Participants Who Have Obesity or Overweight and Osteoarthritis of the Knee,PHASE3,COMPLETED,retatrutide,retatrutide,Incretin-based,GLP-1/GIP/glucagon,GLP1R; GIPR; GCGR,Triple GLP-1/GIP/glucagon receptor agonist,peptide,triple,True,VERIFIED,high,https://pubmed.ncbi.nlm.nih.gov/41054801/,Triple incretin/glucagon agonist.,False,VERIFIED,VERIFIED,Incretin-based,GLP-1/GIP/glucagon,True,False,False
NCT05931380,orforglipron,Eli Lilly and Company,INDUSTRY,A Study of Once-Daily Oral Orforglipron (LY3502970) in Japanese Adult Participants With Obesity Disease,PHASE3,COMPLETED,orforglipron,orforglipron,Incretin-based,GLP-1,GLP1R,GLP-1 receptor agonist,small molecule,mono,True,VERIFIED,high,https://pubmed.ncbi.nlm.nih.gov/41054801/,Oral nonpeptide GLP-1RA.,False,VERIFIED,VERIFIED,Incretin-based,GLP-1,True,False,False
NCT05933499,bimagrumab,Massachusetts General Hospital,OTHER,"Effect of Tirzepatide and Bimagrumab on Body Composition, Insulin Sensitivity, and Bone in Adults With Obesity",PHASE2,RECRUITING,bimagrumab,bimagrumab,Lean-mass preservation,activin receptor blockade,ActRIIA; ActRIIB,Activin type II receptor-blocking antibody,monoclonal antibody,,False,VERIFIED,high,https://www.nature.com/articles/s41591-026-04204-0,Promotes muscle growth/lean-mass preservation and fat-mass reduction.,False,VERIFIED,VERIFIED,Lean-mass preservation,activin receptor blockade,True,False,False
NCT05933499,tirzepatide,Massachusetts General Hospital,OTHER,"Effect of Tirzepatide and Bimagrumab on Body Composition, Insulin Sensitivity, and Bone in Adults With Obesity",PHASE2,RECRUITING,tirzepatide,tirzepatide,Incretin-based,GLP-1/GIP,GLP1R; GIPR,Dual GLP-1/GIP receptor agonist,peptide,dual,True,VERIFIED,high,https://pubmed.ncbi.nlm.nih.gov/41054801/,Dual incretin agonist.,False,VERIFIED,VERIFIED,Incretin-based,GLP-1/GIP,True,False,False
NCT05934110,emp16-120/40,Empros Pharma AB,INDUSTRY,Study Exploring the Supportive Effect of Acarbose in Weight Management,PHASE2,UNKNOWN,emp16-120/40,EMP16 (orlistat + acarbose),GI nutrient absorption,lipase + carbohydrate-digestion inhibition,gastric/pancreatic lipases; intestinal alpha-glucosidases/amylase,Modified-release orlistat plus acarbose reduces fat absorption and delays carbohydrate digestion,small-molecule combination/formulation,combination,False,VERIFIED_ALIAS,high,https://pubmed.ncbi.nlm.nih.gov/36123783/,EMP16 dose-strength label; collapse to EMP16 (orlistat + acarbose).,False,VERIFIED_ALIAS,VERIFIED_ALIAS,GI nutrient absorption,lipase + carbohydrate-digestion inhibition,True,False,False
NCT05934110,emp16-60/20,Empros Pharma AB,INDUSTRY,Study Exploring the Supportive Effect of Acarbose in Weight Management,PHASE2,UNKNOWN,emp16-60/20,EMP16 (orlistat + acarbose),GI nutrient absorption,lipase + carbohydrate-digestion inhibition,gastric/pancreatic lipases; intestinal alpha-glucosidases/amylase,Modified-release orlistat plus acarbose reduces fat absorption and delays carbohydrate digestion,small-molecule combination/formulation,combination,False,VERIFIED_ALIAS,high,https://pubmed.ncbi.nlm.nih.gov/36123783/,EMP16 dose-strength label; collapse to EMP16 (orlistat + acarbose).,False,VERIFIED_ALIAS,VERIFIED_ALIAS,GI nutrient absorption,lipase + carbohydrate-digestion inhibition,True,False,False
NCT05936151,retatrutide,Eli Lilly and Company,INDUSTRY,A Study of Retatrutide (LY3437943) on Renal Function in Participants With Overweight or Obesity and Chronic Kidney Disease With or Without Type 2 Diabetes,PHASE2,COMPLETED,retatrutide,retatrutide,Incretin-based,GLP-1/GIP/glucagon,GLP1R; GIPR; GCGR,Triple GLP-1/GIP/glucagon receptor agonist,peptide,triple,True,VERIFIED,high,https://pubmed.ncbi.nlm.nih.gov/41054801/,Triple incretin/glucagon agonist.,False,VERIFIED,VERIFIED,Incretin-based,GLP-1/GIP/glucagon,True,False,False
NCT05943886,hec88473,"Dongguan HEC Biopharmaceutical R&D Co., Ltd.",INDUSTRY,"A Phase 1 Study of HEC88473 Injection in Healthy Subjects, Obese Subjects and T2DM Subjects",PHASE1,COMPLETED,hec88473,HEC88473,Incretin + metabolic/hepatokine,GLP-1/FGF21,GLP1R; FGFR1c/KLB pathway,Dual GLP-1 and FGF21 receptor-pathway agonism,Fc-fusion protein,dual,True,VERIFIED,high,https://pubmed.ncbi.nlm.nih.gov/40175670/,Long-acting Fc fusion containing GLP-1 and FGF21 moieties.,False,VERIFIED,VERIFIED,Incretin + metabolic/hepatokine,GLP-1/FGF21,True,False,False
NCT05949008,metformin extended release er,"University of California, Los Angeles",OTHER,"Effect of Metformin, a Drug Used to Treat Diabetes, vs Placebo",PHASE4,ACTIVE_NOT_RECRUITING,,metformin extended release er,,,,,,,,UNMAPPED,,,,False,UNMAPPED,UNCLASSIFIED_LONG_TAIL,Unclassified long tail,Not individually reviewed,False,False,True
NCT05952882,liraglutide,Mỹ Đức Hospital,OTHER,"Liraglutide and Metformin Combination on Weight Loss, Metabolic - Endocrine Parameters and Pregnancy Rate in Women With PCOS, Obesity and Infertility",PHASE3,UNKNOWN,liraglutide,liraglutide,Incretin-based,GLP-1,GLP1R,GLP-1 receptor agonist,peptide,mono,True,VERIFIED,high,https://pubmed.ncbi.nlm.nih.gov/41054801/,GLP-1 analogue.,False,VERIFIED,VERIFIED,Incretin-based,GLP-1,True,False,False
NCT05952882,metformin,Mỹ Đức Hospital,OTHER,"Liraglutide and Metformin Combination on Weight Loss, Metabolic - Endocrine Parameters and Pregnancy Rate in Women With PCOS, Obesity and Infertility",PHASE3,UNKNOWN,metformin,metformin,Metabolic/energy expenditure,insulin sensitisation/metabolic,mitochondrial complex I; AMPK-associated pathways,Pleiotropic insulin-sensitising and metabolic effects,small molecule,,False,VERIFIED,medium,,Mechanism is pleiotropic; no single receptor target adequately describes metformin.,False,VERIFIED,VERIFIED,Metabolic/energy expenditure,insulin sensitisation/metabolic,True,False,False
NCT05970640,bi 3006337,Boehringer Ingelheim,INDUSTRY,A Study to Test How Well Different Doses of BI 3006337 Are Tolerated by People With Overweight or Obesity and With Fatty Liver Disease,PHASE1,COMPLETED,bi 3006337,BI 3006337,Undisclosed,undisclosed,,,undisclosed,,,RESEARCH_REQUIRED,low,https://clinicaltrials.gov/study/NCT05970640,Boehringer obesity/fatty-liver programme verified; public molecular mechanism not confidently identified.,False,RESEARCH_REQUIRED,UNRESOLVED_PUBLIC_INFO,Undisclosed / insufficient public information,Undisclosed,False,True,False
NCT05975580,phentermine,"University of California, Irvine",OTHER,Pharmacotherapy in Conjunction With Lifestyle Counseling for Management of Weight Regain After Bariatric Surgery,PHASE4,RECRUITING,phentermine,phentermine,CNS/appetite,sympathomimetic,noradrenergic/monoaminergic pathways,Sympathomimetic appetite suppression,small molecule,,False,VERIFIED,high,,Established appetite suppressant.,False,VERIFIED,VERIFIED,CNS/appetite,sympathomimetic,True,False,False
NCT05975580,topiramate,"University of California, Irvine",OTHER,Pharmacotherapy in Conjunction With Lifestyle Counseling for Management of Weight Regain After Bariatric Surgery,PHASE4,RECRUITING,topiramate,topiramate,CNS/appetite,anticonvulsant/appetite,GABA-A; AMPA/kainate; carbonic anhydrase (pleiotropic),Pleiotropic CNS appetite-modulating effects,small molecule,,False,VERIFIED,medium,,Mechanism relevant to weight loss is multifactorial.,False,VERIFIED,VERIFIED,CNS/appetite,anticonvulsant/appetite,True,False,False
NCT05996848,cagrilintide,Novo Nordisk A/S,INDUSTRY,A Research Study to See How Well CagriSema Helps People in China With Excess Body Weight Lose Weight,PHASE3,COMPLETED,cagrilintide,cagrilintide,Amylin-based,amylin,AMY1R; AMY2R; AMY3R; CTR,Long-acting amylin/calcitonin receptor agonist,peptide,multi,False,VERIFIED,high,https://pubmed.ncbi.nlm.nih.gov/42452898/,Long-acting amylin analogue with activity across amylin receptors and CTR.,False,VERIFIED,VERIFIED,Amylin-based,amylin,True,False,False
NCT05996848,semaglutide,Novo Nordisk A/S,INDUSTRY,A Research Study to See How Well CagriSema Helps People in China With Excess Body Weight Lose Weight,PHASE3,COMPLETED,semaglutide,semaglutide,Incretin-based,GLP-1,GLP1R,GLP-1 receptor agonist,peptide,mono,True,VERIFIED,high,https://pubmed.ncbi.nlm.nih.gov/41054801/,Long-acting GLP-1 analogue.,False,VERIFIED,VERIFIED,Incretin-based,GLP-1,True,False,False
NCT05997576,tg103,"CSPC Baike (Shandong) Biopharmaceutical Co., Ltd.",INDUSTRY,A Study of TG103 Injection in Non-diabetic Overweight or Obesity,PHASE3,COMPLETED,tg103,tg103,Incretin-based,GLP-1,GLP1R,Long-acting GLP-1 receptor agonist,Fc-fusion protein,mono,True,VERIFIED,high,https://pubmed.ncbi.nlm.nih.gov/37062422/,Long-acting GLP-1/Fc fusion protein.,False,VERIFIED,VERIFIED,Incretin-based,GLP-1,True,False,False
NCT06000462,dapagliflozin tab,Oman Ministry of Health,OTHER_GOV,The Effect of Dapagliflozin on Weight Loss in Obese Adults Without Diabetes,PHASE4,ACTIVE_NOT_RECRUITING,dapagliflozin tab,dapagliflozin,Renal/glucose transport,SGLT2,SLC5A2 (SGLT2),SGLT2 inhibition,small molecule,,False,VERIFIED_ALIAS,high,,Tablet wording; collapse to dapagliflozin.,False,VERIFIED_ALIAS,VERIFIED_ALIAS,Renal/glucose transport,SGLT2,True,False,False
NCT06005012,semaglutide,"University of California, San Diego",OTHER,Semaglutide Treatment in the Real-world for Fibrosis Due to NAFLD in Obesity and T2DM,PHASE2,ACTIVE_NOT_RECRUITING,semaglutide,semaglutide,Incretin-based,GLP-1,GLP1R,GLP-1 receptor agonist,peptide,mono,True,VERIFIED,high,https://pubmed.ncbi.nlm.nih.gov/41054801/,Long-acting GLP-1 analogue.,False,VERIFIED,VERIFIED,Incretin-based,GLP-1,True,False,False
NCT06009653,tirzepatide,Washington University School of Medicine,OTHER,Effects of Tirzepatide Plus Intensive Lifestyle Therapy on Body Weight and Metabolic Health in Latinos With Obesity,PHASE4,WITHDRAWN,tirzepatide,tirzepatide,Incretin-based,GLP-1/GIP,GLP1R; GIPR,Dual GLP-1/GIP receptor agonist,peptide,dual,True,VERIFIED,high,https://pubmed.ncbi.nlm.nih.gov/41054801/,Dual incretin agonist.,False,VERIFIED,VERIFIED,Incretin-based,GLP-1/GIP,True,False,False
NCT06013163,orlistat,Empros Pharma AB,INDUSTRY,A Phase 1 Study to Evaluate EMP22 PD and EMP16 PK Versus Xenical® in Healthy Volunteers,PHASE1,UNKNOWN,orlistat,orlistat,GI nutrient absorption,lipase inhibition,gastric and pancreatic lipases,Gastrointestinal lipase inhibitor reducing dietary fat absorption,small molecule,,False,VERIFIED,high,,Peripheral gastrointestinal mechanism.,False,VERIFIED,VERIFIED,GI nutrient absorption,lipase inhibition,True,False,False
NCT06019559,k-757 bid,Kallyope Inc.,INDUSTRY,"A Study to Evaluate the Safety, Tolerability, and Weight Loss Efficacy of K-757 Alone and in Combination With K-833",PHASE2,COMPLETED,,k-757 bid,,,,,,,,UNMAPPED,,,,False,UNMAPPED,UNCLASSIFIED_LONG_TAIL,Unclassified long tail,Not individually reviewed,False,False,True
NCT06019559,k-757 bid and k-833 bid,Kallyope Inc.,INDUSTRY,"A Study to Evaluate the Safety, Tolerability, and Weight Loss Efficacy of K-757 Alone and in Combination With K-833",PHASE2,COMPLETED,,k-757 bid and k-833 bid,,,,,,,,UNMAPPED,,,,False,UNMAPPED,UNCLASSIFIED_LONG_TAIL,Unclassified long tail,Not individually reviewed,False,False,True
NCT06023095,orforglipron,Eli Lilly and Company,INDUSTRY,A Study of LY3502970 in Chinese Participants With Obesity or Are Overweight With Weight-related Comorbidities,PHASE1,COMPLETED,orforglipron,orforglipron,Incretin-based,GLP-1,GLP1R,GLP-1 receptor agonist,small molecule,mono,True,VERIFIED,high,https://pubmed.ncbi.nlm.nih.gov/41054801/,Oral nonpeptide GLP-1RA.,False,VERIFIED,VERIFIED,Incretin-based,GLP-1,True,False,False
NCT06027567,semaglutide,Rigmor Højland Jensen,OTHER,"The Effect of an Anti-obesity Drug, Semaglutide, as Treatment in New-onset Idiopathic Intracranial Hypertension (IIH) Compared to Standard Weight Management (Dietician) With Regards to Change in Weight and Intracranial Pressure",PHASE4,COMPLETED,semaglutide,semaglutide,Incretin-based,GLP-1,GLP1R,GLP-1 receptor agonist,peptide,mono,True,VERIFIED,high,https://pubmed.ncbi.nlm.nih.gov/41054801/,Long-acting GLP-1 analogue.,False,VERIFIED,VERIFIED,Incretin-based,GLP-1,True,False,False
NCT06037252,tirzepatide,Eli Lilly and Company,INDUSTRY,A Study of Investigational Tirzepatide (LY3298176) Doses in Participants With Type 2 Diabetes and Obesity,PHASE2,ACTIVE_NOT_RECRUITING,tirzepatide,tirzepatide,Incretin-based,GLP-1/GIP,GLP1R; GIPR,Dual GLP-1/GIP receptor agonist,peptide,dual,True,VERIFIED,high,https://pubmed.ncbi.nlm.nih.gov/41054801/,Dual incretin agonist.,False,VERIFIED,VERIFIED,Incretin-based,GLP-1/GIP,True,False,False
NCT06039826,retatrutide,Eli Lilly and Company,INDUSTRY,A Study of LY3437943 in Postmenopausal Female Participants Who Are Overweight or Obese,PHASE1,COMPLETED,retatrutide,retatrutide,Incretin-based,GLP-1/GIP/glucagon,GLP1R; GIPR; GCGR,Triple GLP-1/GIP/glucagon receptor agonist,peptide,triple,True,VERIFIED,high,https://pubmed.ncbi.nlm.nih.gov/41054801/,Triple incretin/glucagon agonist.,False,VERIFIED,VERIFIED,Incretin-based,GLP-1/GIP/glucagon,True,False,False
NCT06040372,lb64640,LG Chem,INDUSTRY,"A First in Human Study to Assess the Safety, Tolerability of LB54640 in in Healthy Overweight and Obese Subjects",PHASE1,COMPLETED,,lb64640,,,,,,,,UNMAPPED,,,,False,UNMAPPED,UNCLASSIFIED_LONG_TAIL,Unclassified long tail,Not individually reviewed,False,False,True
NCT06041217,semaglutide,Novo Nordisk A/S,INDUSTRY,A Research Study to See How Well Semaglutide Helps People Who Have a Body Weight Above the Healthy Weight Range,PHASE3,COMPLETED,semaglutide,semaglutide,Incretin-based,GLP-1,GLP1R,GLP-1 receptor agonist,peptide,mono,True,VERIFIED,high,https://pubmed.ncbi.nlm.nih.gov/41054801/,Long-acting GLP-1 analogue.,False,VERIFIED,VERIFIED,Incretin-based,GLP-1,True,False,False
NCT06041841,lb54640,LG Chem,INDUSTRY,A Phase 2 Study to Assess Efficacy and Safety of LB54640 in Patients With Genetic Obesity,PHASE2,UNKNOWN,lb54640,bivamelagon,Melanocortin,MC4R,MC4R,Melanocortin-4 receptor agonist,small molecule,mono,False,VERIFIED_ALIAS,high,https://pmc.ncbi.nlm.nih.gov/articles/PMC13017269/,"LB54640 is bivamelagon, an oral MC4R-selective agonist.",False,VERIFIED_ALIAS,VERIFIED_ALIAS,Melanocortin,MC4R,True,False,False
NCT06046443,lb54640,"Rhythm Pharmaceuticals, Inc.",INDUSTRY,A Study to Assess Efficacy and Safety of LB54640 in Patients With Hypothalamic Obesity,PHASE2,COMPLETED,lb54640,bivamelagon,Melanocortin,MC4R,MC4R,Melanocortin-4 receptor agonist,small molecule,mono,False,VERIFIED_ALIAS,high,https://pmc.ncbi.nlm.nih.gov/articles/PMC13017269/,"LB54640 is bivamelagon, an oral MC4R-selective agonist.",False,VERIFIED_ALIAS,VERIFIED_ALIAS,Melanocortin,MC4R,True,False,False
NCT06047548,tirzepatide,Eli Lilly and Company,INDUSTRY,A Study of LY3298176 (Tirzepatide) For the Maintenance of Body Weight Reduction in Participants Who Have Obesity or Overweight With Weight-Related Comorbidities,PHASE3,COMPLETED,tirzepatide,tirzepatide,Incretin-based,GLP-1/GIP,GLP1R; GIPR,Dual GLP-1/GIP receptor agonist,peptide,dual,True,VERIFIED,high,https://pubmed.ncbi.nlm.nih.gov/41054801/,Dual incretin agonist.,False,VERIFIED,VERIFIED,Incretin-based,GLP-1/GIP,True,False,False
NCT06049329,zenagamtide,Novo Nordisk A/S,INDUSTRY,"A Research Study of How a New Medicine Called Amycretin, Given as Tablets, Works in Japanese Men With Obesity",PHASE1,COMPLETED,zenagamtide,zenagamtide,Incretin + amylin,GLP-1/amylin,GLP1R; amylin receptors; CTR,"Unimolecular GLP-1, amylin and calcitonin receptor agonist",peptide,multi,True,VERIFIED,high,https://pubmed.ncbi.nlm.nih.gov/42532079/,Formerly amycretin; current name zenagamtide.,False,VERIFIED,VERIFIED,Incretin + amylin,GLP-1/amylin,True,False,False
NCT06054698,ribupatide,"Fujian Shengdi Pharmaceutical Co., Ltd.",INDUSTRY,Efficacy and Safety of HRS9531 Injections in Overweight or Obese Subjects,PHASE2,COMPLETED,ribupatide,ribupatide,Incretin-based,GLP-1/GIP,GLP1R; GIPR,Dual GLP-1/GIP receptor agonist,peptide,dual,True,VERIFIED,high,https://www.hengrui.com/en/media/detail-991.html,HRS9531/KAI-9531; injectable and oral formulations in development.,False,VERIFIED,VERIFIED,Incretin-based,GLP-1/GIP,True,False,False
NCT06064006,zenagamtide,Novo Nordisk A/S,INDUSTRY,A Research Study to See How a New Medicine (NNC0487-0111) Works in People With Overweight or Obesity When Injected Under the Skin,PHASE2,COMPLETED,zenagamtide,zenagamtide,Incretin + amylin,GLP-1/amylin,GLP1R; amylin receptors; CTR,"Unimolecular GLP-1, amylin and calcitonin receptor agonist",peptide,multi,True,VERIFIED,high,https://pubmed.ncbi.nlm.nih.gov/42532079/,Formerly amycretin; current name zenagamtide.,False,VERIFIED,VERIFIED,Incretin + amylin,GLP-1/amylin,True,False,False
NCT06075667,tirzepatide,Eli Lilly and Company,INDUSTRY,A Study of Tirzepatide (LY3298176) Once Weekly in Adolescent Participants Who Have Obesity or Overweight With Weight-Related Comorbidities,PHASE3,ACTIVE_NOT_RECRUITING,tirzepatide,tirzepatide,Incretin-based,GLP-1/GIP,GLP1R; GIPR,Dual GLP-1/GIP receptor agonist,peptide,dual,True,VERIFIED,high,https://pubmed.ncbi.nlm.nih.gov/41054801/,Dual incretin agonist.,False,VERIFIED,VERIFIED,Incretin-based,GLP-1/GIP,True,False,False
NCT06104358,hu6,"Rivus Pharmaceuticals, Inc.",INDUSTRY,"Ph 2a Study of HU6 on Energy Metabolism, Muscle and Liver Substrate Metabolism, and Mitochondrial Function in Subjects Who Are Overweight or Obese With Type 2 Diabetes",PHASE2,WITHDRAWN,hu6,hu6,Metabolic/energy expenditure,mitochondrial uncoupling,mitochondrial proton gradient / oxidative phosphorylation,Controlled mitochondrial uncoupling increases resting energy expenditure and fat oxidation,small molecule,,False,VERIFIED,high,https://www.rivuspharma.com/our-pipeline/,Controlled Metabolic Accelerator (CMA); increases energy expenditure through mitochondrial uncoupling.,False,VERIFIED,VERIFIED,Metabolic/energy expenditure,mitochondrial uncoupling,True,False,False
NCT06106334,itraconazole,Shionogi,INDUSTRY,Effect of Administration of Itraconazole on the Pharmacokinetics of S-309309 in Healthy Participants,PHASE1,COMPLETED,,itraconazole,,,,,,,,UNMAPPED,,,,False,UNMAPPED,UNCLASSIFIED_LONG_TAIL,Unclassified long tail,Not individually reviewed,False,False,True
NCT06106334,s309309,Shionogi,INDUSTRY,Effect of Administration of Itraconazole on the Pharmacokinetics of S-309309 in Healthy Participants,PHASE1,COMPLETED,,s309309,,,,,,,,UNMAPPED,,,,False,UNMAPPED,UNCLASSIFIED_LONG_TAIL,Unclassified long tail,Not individually reviewed,False,False,True
NCT06118021,hs-20094,"Jiangsu Hansoh Pharmaceutical Co., Ltd.",INDUSTRY,A Study of HS-20094 Evaluating Weight Loss in Obese and Overweight Chinese Subjects,PHASE2,COMPLETED,hs-20094,olatorepatide,Incretin-based,GLP-1/GIP,GLP1R; GIPR,Dual GLP-1/GIP receptor agonist,peptide,dual,True,VERIFIED_ALIAS,high,https://www.hspharm.com/news/news-detail-513468.htm,HS-20094 is olatorepatide.,False,VERIFIED_ALIAS,VERIFIED_ALIAS,Incretin-based,GLP-1/GIP,True,False,False
NCT06124807,mazdutide,Eli Lilly and Company,INDUSTRY,A Study of LY3305677 Compared With Placebo in Adult Participants With Obesity or Overweight,PHASE2,COMPLETED,mazdutide,mazdutide,Incretin-based,GLP-1/glucagon,GLP1R; GCGR,Dual GLP-1/glucagon receptor agonist,peptide,dual,True,VERIFIED,high,https://pubmed.ncbi.nlm.nih.gov/41054801/,Former development code IBI362/LY3305677.,False,VERIFIED,VERIFIED,Incretin-based,GLP-1/glucagon,True,False,False
NCT06131372,cagrilintide,Novo Nordisk A/S,INDUSTRY,"A Research Study to See if Kidney Damage in People With Chronic Kidney Disease and Type 2 Diabetes Living With Overweight or Obesity Can be Reduced by CagriSema Compared to Semaglutide, Cagrilintide and Placebo",PHASE2,COMPLETED,cagrilintide,cagrilintide,Amylin-based,amylin,AMY1R; AMY2R; AMY3R; CTR,Long-acting amylin/calcitonin receptor agonist,peptide,multi,False,VERIFIED,high,https://pubmed.ncbi.nlm.nih.gov/42452898/,Long-acting amylin analogue with activity across amylin receptors and CTR.,False,VERIFIED,VERIFIED,Amylin-based,amylin,True,False,False
NCT06131372,semaglutide,Novo Nordisk A/S,INDUSTRY,"A Research Study to See if Kidney Damage in People With Chronic Kidney Disease and Type 2 Diabetes Living With Overweight or Obesity Can be Reduced by CagriSema Compared to Semaglutide, Cagrilintide and Placebo",PHASE2,COMPLETED,semaglutide,semaglutide,Incretin-based,GLP-1,GLP1R,GLP-1 receptor agonist,peptide,mono,True,VERIFIED,high,https://pubmed.ncbi.nlm.nih.gov/41054801/,Long-acting GLP-1 analogue.,False,VERIFIED,VERIFIED,Incretin-based,GLP-1,True,False,False
NCT06131437,cagrilintide,Novo Nordisk A/S,INDUSTRY,A Research Study to See How Well CagriSema Compared to Tirzepatide Helps People With Obesity Lose Weight,PHASE3,COMPLETED,cagrilintide,cagrilintide,Amylin-based,amylin,AMY1R; AMY2R; AMY3R; CTR,Long-acting amylin/calcitonin receptor agonist,peptide,multi,False,VERIFIED,high,https://pubmed.ncbi.nlm.nih.gov/42452898/,Long-acting amylin analogue with activity across amylin receptors and CTR.,False,VERIFIED,VERIFIED,Amylin-based,amylin,True,False,False
NCT06131437,semaglutide,Novo Nordisk A/S,INDUSTRY,A Research Study to See How Well CagriSema Compared to Tirzepatide Helps People With Obesity Lose Weight,PHASE3,COMPLETED,semaglutide,semaglutide,Incretin-based,GLP-1,GLP1R,GLP-1 receptor agonist,peptide,mono,True,VERIFIED,high,https://pubmed.ncbi.nlm.nih.gov/41054801/,Long-acting GLP-1 analogue.,False,VERIFIED,VERIFIED,Incretin-based,GLP-1,True,False,False
NCT06131437,tirzepatide,Novo Nordisk A/S,INDUSTRY,A Research Study to See How Well CagriSema Compared to Tirzepatide Helps People With Obesity Lose Weight,PHASE3,COMPLETED,tirzepatide,tirzepatide,Incretin-based,GLP-1/GIP,GLP1R; GIPR,Dual GLP-1/GIP receptor agonist,peptide,dual,True,VERIFIED,high,https://pubmed.ncbi.nlm.nih.gov/41054801/,Dual incretin agonist.,False,VERIFIED,VERIFIED,Incretin-based,GLP-1/GIP,True,False,False
NCT06132477,glp-1 receptor agonist,University of Missouri-Columbia,OTHER,Impact GLP-1 Agonists Following Bariatric,PHASE4,RECRUITING,glp-1 receptor agonist,unspecified GLP-1 receptor agonist,Incretin-based,GLP-1,GLP1R,GLP-1 receptor agonist,unspecified,mono,True,VERIFIED,medium,,Generic class label rather than a named molecule.,False,VERIFIED,VERIFIED,Incretin-based,GLP-1,True,False,False
NCT06137365,cannabis,"Joshua A. Lile, Ph.D.",OTHER,Cannabis for Obesity Trial,PHASE2,RECRUITING,cannabis,oral cannabis,CNS/appetite,endocannabinoid,CNR1 (CB1); CNR2 (CB2),Mixed phytocannabinoid agonism/modulation of the endocannabinoid system,botanical cannabinoid drug mixture,mixed,False,VERIFIED,medium,https://clinicaltrials.gov/study/NCT06137365,Direct Phase 2 oral-cannabis obesity trial; retain as a mixed cannabinoid intervention rather than a single-molecule asset.,False,VERIFIED,VERIFIED,CNS/appetite,endocannabinoid,True,False,False
NCT06143956,eloralintide,Eli Lilly and Company,INDUSTRY,A Master Protocol Study (LY900038) of Multiple Intervention-Specific-Appendices (ISAs) in Adult Participants With Obesity or Overweight,PHASE2,RECRUITING,eloralintide,eloralintide,Amylin-based,amylin,AMY1R (preferential); AMY3R; CTR,"Selective amylin receptor agonist, preferential for AMY1R",peptide,multi,False,VERIFIED,high,https://pubmed.ncbi.nlm.nih.gov/41109426/,Long-acting amylin analogue with preferential human AMY1R activation.,False,VERIFIED,VERIFIED,Amylin-based,amylin,True,False,False
NCT06143956,ly3532226,Eli Lilly and Company,INDUSTRY,A Master Protocol Study (LY900038) of Multiple Intervention-Specific-Appendices (ISAs) in Adult Participants With Obesity or Overweight,PHASE2,RECRUITING,ly3532226,macupatide,Incretin-based,GIP,GIPR,Long-acting GIP receptor agonist,large-molecule biologic,mono,True,VERIFIED_ALIAS,high,https://www.lilly.com/science/research-development/pipeline,LY3532226 is macupatide.,False,VERIFIED_ALIAS,VERIFIED_ALIAS,Incretin-based,GIP,True,False,False
NCT06143956,mazdutide,Eli Lilly and Company,INDUSTRY,A Master Protocol Study (LY900038) of Multiple Intervention-Specific-Appendices (ISAs) in Adult Participants With Obesity or Overweight,PHASE2,RECRUITING,mazdutide,mazdutide,Incretin-based,GLP-1/glucagon,GLP1R; GCGR,Dual GLP-1/glucagon receptor agonist,peptide,dual,True,VERIFIED,high,https://pubmed.ncbi.nlm.nih.gov/41054801/,Former development code IBI362/LY3305677.,False,VERIFIED,VERIFIED,Incretin-based,GLP-1/glucagon,True,False,False
NCT06143956,naperiglipron,Eli Lilly and Company,INDUSTRY,A Master Protocol Study (LY900038) of Multiple Intervention-Specific-Appendices (ISAs) in Adult Participants With Obesity or Overweight,PHASE2,RECRUITING,naperiglipron,naperiglipron,Incretin-based,GLP-1,GLP1R,GLP-1 receptor agonist,small molecule,mono,True,VERIFIED,high,https://www.lilly.com/science/research-development/pipeline,LY3549492; Lilly oral small-molecule GLP-1RA.,False,VERIFIED,VERIFIED,Incretin-based,GLP-1,True,False,False
NCT06143956,tirzepatide,Eli Lilly and Company,INDUSTRY,A Master Protocol Study (LY900038) of Multiple Intervention-Specific-Appendices (ISAs) in Adult Participants With Obesity or Overweight,PHASE2,RECRUITING,tirzepatide,tirzepatide,Incretin-based,GLP-1/GIP,GLP1R; GIPR,Dual GLP-1/GIP receptor agonist,peptide,dual,True,VERIFIED,high,https://pubmed.ncbi.nlm.nih.gov/41054801/,Dual incretin agonist.,False,VERIFIED,VERIFIED,Incretin-based,GLP-1/GIP,True,False,False
NCT06144684,gub014295,AbbVie,INDUSTRY,"A Two-Part First-In-Human Study to Assess the Safety, Tolerability, Pharmacokinetics and Pharmacodynamics of GUB014295",PHASE1,COMPLETED,gub014295,GUB014295,Amylin-based,amylin/calcitonin,amylin receptors; CTR,Long-acting agonism of amylin and calcitonin receptors,peptide,multi,False,VERIFIED,high,https://www.gubra.dk/mfn_news/abbvie-and-gubra-announce-license-agreement-to-develop-an-amylin-analog-for-the-treatment-of-obesity/,Long-acting amylin analogue licensed to AbbVie; later programme naming includes ABBV-295.,False,VERIFIED,VERIFIED,Amylin-based,amylin/calcitonin,True,False,False
NCT06148272,ly3971297,Eli Lilly and Company,INDUSTRY,A Study of LY3971297 in Healthy Participants,PHASE1,ACTIVE_NOT_RECRUITING,,ly3971297,,,,,,,,UNMAPPED,,,,False,UNMAPPED,UNCLASSIFIED_LONG_TAIL,Unclassified long tail,Not individually reviewed,False,False,True
NCT06148272,ly3971297 iv,Eli Lilly and Company,INDUSTRY,A Study of LY3971297 in Healthy Participants,PHASE1,ACTIVE_NOT_RECRUITING,,ly3971297 iv,,,,,,,,UNMAPPED,,,,False,UNMAPPED,UNCLASSIFIED_LONG_TAIL,Unclassified long tail,Not individually reviewed,False,False,True
NCT06151964,azd9550,AstraZeneca,INDUSTRY,A Trial to Learn How Safe AZD9550 Monotherapy and Combined With AZD6234 is in People With or Without Type 2 Diabetes Who Are Living With Obesity and Overweight,PHASE1; PHASE2,ACTIVE_NOT_RECRUITING,azd9550,azd9550,Incretin-based,GLP-1/glucagon,GLP1R; GCGR,Dual GLP-1/glucagon receptor agonist,peptide,dual,True,VERIFIED,high,https://www.astrazeneca.com/media-centre/press-releases/2026/astrazeneca-agrees-obesity-and-t2d-deal-with-cspc.html,Weekly injectable dual agonist.,False,VERIFIED,VERIFIED,Incretin-based,GLP-1/glucagon,True,False,False
NCT06151964,azd9550 and azd6234,AstraZeneca,INDUSTRY,A Trial to Learn How Safe AZD9550 Monotherapy and Combined With AZD6234 is in People With or Without Type 2 Diabetes Who Are Living With Obesity and Overweight,PHASE1; PHASE2,ACTIVE_NOT_RECRUITING,azd9550 and azd6234,AZD6234 + AZD9550,Incretin + amylin,amylin + GLP-1/glucagon combination,amylin receptors; GLP1R; GCGR,Combination of selective amylin-receptor agonism with dual GLP-1/glucagon agonism,peptide combination,combination,True,VERIFIED_ALIAS,high,https://www.astrazeneca.com/our-therapy-areas/pipeline.html,Registry wording for AZD6234 + AZD9550 combination.,False,VERIFIED_ALIAS,VERIFIED_ALIAS,Incretin + amylin,amylin + GLP-1/glucagon combination,True,False,False
NCT06162715,tirzepatide,Vanderbilt University Medical Center,OTHER,GLP-1 Receptor Agonists Post-Bariatric Surgery (GRABS) Pilot Trial,PHASE2; PHASE3,ACTIVE_NOT_RECRUITING,tirzepatide,tirzepatide,Incretin-based,GLP-1/GIP,GLP1R; GIPR,Dual GLP-1/GIP receptor agonist,peptide,dual,True,VERIFIED,high,https://pubmed.ncbi.nlm.nih.gov/41054801/,Dual incretin agonist.,False,VERIFIED,VERIFIED,Incretin-based,GLP-1/GIP,True,False,False
NCT06164873,mazdutide,Innovent Biologics (Suzhou) Co. Ltd.,INDUSTRY,A Study of IBI362 9 mg in Chinese Adults With Obesity,PHASE3,UNKNOWN,mazdutide,mazdutide,Incretin-based,GLP-1/glucagon,GLP1R; GCGR,Dual GLP-1/glucagon receptor agonist,peptide,dual,True,VERIFIED,high,https://pubmed.ncbi.nlm.nih.gov/41054801/,Former development code IBI362/LY3305677.,False,VERIFIED,VERIFIED,Incretin-based,GLP-1/glucagon,True,False,False
NCT06173778,semaglutide,"The University of Texas Health Science Center, Houston",OTHER,Semaglutide for Post-Smoking Cessation Weight Management,PHASE2,RECRUITING,semaglutide,semaglutide,Incretin-based,GLP-1,GLP1R,GLP-1 receptor agonist,peptide,mono,True,VERIFIED,high,https://pubmed.ncbi.nlm.nih.gov/41054801/,Long-acting GLP-1 analogue.,False,VERIFIED,VERIFIED,Incretin-based,GLP-1,True,False,False
NCT06174779,hm11260c,Hanmi Pharmaceutical Company Limited,INDUSTRY,A Study to Evaluate Efficacy and Safety of HM11260C in Adult Obesity Patients Without Diabetes Mellitus,PHASE3,COMPLETED,hm11260c,efpeglenatide,Incretin-based,GLP-1,GLP1R,Long-acting GLP-1 receptor agonism,peptide/Fc conjugate,mono,True,VERIFIED_ALIAS,high,https://precision.fda.gov/ginas/app/ui/substances/58e19849-dac4-425f-9ad7-2e51cc074bc0,HM11260C is efpeglenatide (also langlenatide/SAR439977).,False,VERIFIED_ALIAS,VERIFIED_ALIAS,Incretin-based,GLP-1,True,False,False
NCT06176365,survodutide,Boehringer Ingelheim,INDUSTRY,A Study to Test Whether Survodutide Helps Japanese People Living With Obesity Disease,PHASE3,COMPLETED,survodutide,survodutide,Incretin-based,GLP-1/glucagon,GLP1R; GCGR,Dual GLP-1/glucagon receptor agonist,peptide,dual,True,VERIFIED,high,https://pubmed.ncbi.nlm.nih.gov/41054801/,Former development code BI 456906.,False,VERIFIED,VERIFIED,Incretin-based,GLP-1/glucagon,True,False,False
NCT06180616,tirzepatide,Royal North Shore Hospital,OTHER,Tirzepatide for the Treatment of Concurrent Type 1 Diabetes and Overweight or Obesity,PHASE2,NOT_YET_RECRUITING,tirzepatide,tirzepatide,Incretin-based,GLP-1/GIP,GLP1R; GIPR,Dual GLP-1/GIP receptor agonist,peptide,dual,True,VERIFIED,high,https://pubmed.ncbi.nlm.nih.gov/41054801/,Dual incretin agonist.,False,VERIFIED,VERIFIED,Incretin-based,GLP-1/GIP,True,False,False
NCT06184568,mazdutide,Innovent Biologics (Suzhou) Co. Ltd.,INDUSTRY,A Study Comparing IBI362 vs Semaglutide in Chinese Adults With Early Type 2 Diabetes and Obesity,PHASE3,COMPLETED,mazdutide,mazdutide,Incretin-based,GLP-1/glucagon,GLP1R; GCGR,Dual GLP-1/glucagon receptor agonist,peptide,dual,True,VERIFIED,high,https://pubmed.ncbi.nlm.nih.gov/41054801/,Former development code IBI362/LY3305677.,False,VERIFIED,VERIFIED,Incretin-based,GLP-1/glucagon,True,False,False
NCT06184568,semaglutide,Innovent Biologics (Suzhou) Co. Ltd.,INDUSTRY,A Study Comparing IBI362 vs Semaglutide in Chinese Adults With Early Type 2 Diabetes and Obesity,PHASE3,COMPLETED,semaglutide,semaglutide,Incretin-based,GLP-1,GLP1R,GLP-1 receptor agonist,peptide,mono,True,VERIFIED,high,https://pubmed.ncbi.nlm.nih.gov/41054801/,Long-acting GLP-1 analogue.,False,VERIFIED,VERIFIED,Incretin-based,GLP-1,True,False,False
NCT06184633,semaglutide,Rijnstate Hospital,OTHER,DUTCH Weight Control in Atrial Fibrillation Study,PHASE4,RECRUITING,semaglutide,semaglutide,Incretin-based,GLP-1,GLP1R,GLP-1 receptor agonist,peptide,mono,True,VERIFIED,high,https://pubmed.ncbi.nlm.nih.gov/41054801/,Long-acting GLP-1 analogue.,False,VERIFIED,VERIFIED,Incretin-based,GLP-1,True,False,False
NCT06186622,orforglipron,Eli Lilly and Company,INDUSTRY,A Drug-Drug Interaction Study of Orforglipron (LY3502970) in Healthy Overweight and Obese Participants,PHASE1,COMPLETED,orforglipron,orforglipron,Incretin-based,GLP-1,GLP1R,GLP-1 receptor agonist,small molecule,mono,True,VERIFIED,high,https://pubmed.ncbi.nlm.nih.gov/41054801/,Oral nonpeptide GLP-1RA.,False,VERIFIED,VERIFIED,Incretin-based,GLP-1,True,False,False
NCT06186622,simvastatin,Eli Lilly and Company,INDUSTRY,A Drug-Drug Interaction Study of Orforglipron (LY3502970) in Healthy Overweight and Obese Participants,PHASE1,COMPLETED,,simvastatin,,,,,,,,UNMAPPED,,,,False,UNMAPPED,UNCLASSIFIED_LONG_TAIL,Unclassified long tail,Not individually reviewed,False,False,True
NCT06186622,sodium bicarbonate,Eli Lilly and Company,INDUSTRY,A Drug-Drug Interaction Study of Orforglipron (LY3502970) in Healthy Overweight and Obese Participants,PHASE1,COMPLETED,,sodium bicarbonate,,,,,,,,UNMAPPED,,,,False,UNMAPPED,UNCLASSIFIED_LONG_TAIL,Unclassified long tail,Not individually reviewed,False,False,True
NCT06200467,survodutide,Boehringer Ingelheim,INDUSTRY,A Study to Test Whether Multiple Doses of BI 456906 Have an Effect on Cardiac Safety in People With Overweight or Obesity,PHASE1,COMPLETED,survodutide,survodutide,Incretin-based,GLP-1/glucagon,GLP1R; GCGR,Dual GLP-1/glucagon receptor agonist,peptide,dual,True,VERIFIED,high,https://pubmed.ncbi.nlm.nih.gov/41054801/,Former development code BI 456906.,False,VERIFIED,VERIFIED,Incretin-based,GLP-1/glucagon,True,False,False
NCT06201819,liraglutide,Hospital Civil Juan I. Menchaca,OTHER,Liraglutide Effectiveness in Preoperative Weight-loss for Bariatric-metabolic Surgery,PHASE4,COMPLETED,liraglutide,liraglutide,Incretin-based,GLP-1,GLP1R,GLP-1 receptor agonist,peptide,mono,True,VERIFIED,high,https://pubmed.ncbi.nlm.nih.gov/41054801/,GLP-1 analogue.,False,VERIFIED,VERIFIED,Incretin-based,GLP-1,True,False,False
NCT06207877,cagrilintide,Novo Nordisk A/S,INDUSTRY,"A Research Study to Look at How CagriSema Influences Food Intake, Appetite and Emptying of the Stomach in People With Excess Body Weight",PHASE1,COMPLETED,cagrilintide,cagrilintide,Amylin-based,amylin,AMY1R; AMY2R; AMY3R; CTR,Long-acting amylin/calcitonin receptor agonist,peptide,multi,False,VERIFIED,high,https://pubmed.ncbi.nlm.nih.gov/42452898/,Long-acting amylin analogue with activity across amylin receptors and CTR.,False,VERIFIED,VERIFIED,Amylin-based,amylin,True,False,False
NCT06207877,semaglutide,Novo Nordisk A/S,INDUSTRY,"A Research Study to Look at How CagriSema Influences Food Intake, Appetite and Emptying of the Stomach in People With Excess Body Weight",PHASE1,COMPLETED,semaglutide,semaglutide,Incretin-based,GLP-1,GLP1R,GLP-1 receptor agonist,peptide,mono,True,VERIFIED,high,https://pubmed.ncbi.nlm.nih.gov/41054801/,Long-acting GLP-1 analogue.,False,VERIFIED,VERIFIED,Incretin-based,GLP-1,True,False,False
NCT06214741,survodutide,Boehringer Ingelheim,INDUSTRY,A Study to Test Whether Survodutide (BI 456906) Helps Chinese People Living With Overweight or Obesity to Lose Weight,PHASE3,COMPLETED,survodutide,survodutide,Incretin-based,GLP-1/glucagon,GLP1R; GCGR,Dual GLP-1/glucagon receptor agonist,peptide,dual,True,VERIFIED,high,https://pubmed.ncbi.nlm.nih.gov/41054801/,Former development code BI 456906.,False,VERIFIED,VERIFIED,Incretin-based,GLP-1/glucagon,True,False,False
NCT06216340,henagliflozin,The First People's Hospital of Changzhou,OTHER,Efficacy of Henagliflozin for Weight Loss in Obesity Without Diabetes,PHASE4,NOT_YET_RECRUITING,henagliflozin,henagliflozin,Renal/glucose transport,SGLT2,SLC5A2 (SGLT2),SGLT2 inhibition increases urinary glucose excretion,small molecule,,False,VERIFIED,high,,SGLT2 inhibitor.,False,VERIFIED,VERIFIED,Renal/glucose transport,SGLT2,True,False,False
NCT06217848,liraglutide,Seoul National University Hospital,OTHER,"The Effect of GLP-1 Agonist in Patients With Hypothalamic Obesity: Prospective, Pilot Study",EARLY_PHASE1,UNKNOWN,liraglutide,liraglutide,Incretin-based,GLP-1,GLP1R,GLP-1 receptor agonist,peptide,mono,True,VERIFIED,high,https://pubmed.ncbi.nlm.nih.gov/41054801/,GLP-1 analogue.,False,VERIFIED,VERIFIED,Incretin-based,GLP-1,True,False,False
NCT06226090,tg103,"CSPC Baike (Shandong) Biopharmaceutical Co., Ltd.",INDUSTRY,A Study of TG103 Injection in the Management of Non-diabetic Overweight or Obesity,PHASE2,COMPLETED,tg103,tg103,Incretin-based,GLP-1,GLP1R,Long-acting GLP-1 receptor agonist,Fc-fusion protein,mono,True,VERIFIED,high,https://pubmed.ncbi.nlm.nih.gov/37062422/,Long-acting GLP-1/Fc fusion protein.,False,VERIFIED,VERIFIED,Incretin-based,GLP-1,True,False,False
NCT06230523,eloralintide,Eli Lilly and Company,INDUSTRY,A Study of LY3841136 Compared With Placebo in Adult Participants With Obesity or Overweight,PHASE2,COMPLETED,eloralintide,eloralintide,Amylin-based,amylin,AMY1R (preferential); AMY3R; CTR,"Selective amylin receptor agonist, preferential for AMY1R",peptide,multi,False,VERIFIED,high,https://pubmed.ncbi.nlm.nih.gov/41109426/,Long-acting amylin analogue with preferential human AMY1R activation.,False,VERIFIED,VERIFIED,Amylin-based,amylin,True,False,False
NCT06239116,RM-718,"Rhythm Pharmaceuticals, Inc.",INDUSTRY,A Study of RM-718 in Healthy Subjects and Patients With MC4R Pathway Impairment,PHASE1; PHASE2,RECRUITING,RM-718,RM-718,Melanocortin,MC4R,MC4R,Selective melanocortin-4 receptor agonist,cyclic peptide,mono,False,VERIFIED,high,https://www.sec.gov/Archives/edgar/data/1649904/000162828026052170/rytmq22026rm-718.htm,Once-weekly MC4R peptide agonist designed to spare MC1R activity.,False,VERIFIED,VERIFIED,Melanocortin,MC4R,True,False,False
NCT06243536,semaglutide,University Hospital Sestre Milosrdnice,OTHER,The Effect of Semaglutide on Disordered Eating Behaviour in Type 2 Diabetic Patients,PHASE4,UNKNOWN,semaglutide,semaglutide,Incretin-based,GLP-1,GLP1R,GLP-1 receptor agonist,peptide,mono,True,VERIFIED,high,https://pubmed.ncbi.nlm.nih.gov/41054801/,Long-acting GLP-1 analogue.,False,VERIFIED,VERIFIED,Incretin-based,GLP-1,True,False,False
NCT06247748,exendin-4 fc fusion protein jy09,"Beijing Dongfang Biotech Co., Ltd.",INDUSTRY,"Influence of JY09 on Pharmacokinetics of Metformin , Rosuvastatin , and Digoxin and the QT Interval Study in Overweight Chinese Subjects",PHASE1,COMPLETED,exendin-4 fc fusion protein jy09,JY09,Incretin-based,GLP-1,GLP1R,Long-acting GLP-1 receptor agonism,Fc-fusion protein,mono,True,VERIFIED,high,https://synapse.patsnap.com/drug/2debc71c5bba4451be570b7b2b2b5999,JY09 is an exendin-4/Fc fusion protein GLP-1 receptor agonist.,False,VERIFIED,VERIFIED,Incretin-based,GLP-1,True,False,False
NCT06247748,metformin hydrochloride,"Beijing Dongfang Biotech Co., Ltd.",INDUSTRY,"Influence of JY09 on Pharmacokinetics of Metformin , Rosuvastatin , and Digoxin and the QT Interval Study in Overweight Chinese Subjects",PHASE1,COMPLETED,,metformin hydrochloride,,,,,,,,UNMAPPED,,,,False,UNMAPPED,UNCLASSIFIED_LONG_TAIL,Unclassified long tail,Not individually reviewed,False,False,True
NCT06247748,rosuvastatin calcium,"Beijing Dongfang Biotech Co., Ltd.",INDUSTRY,"Influence of JY09 on Pharmacokinetics of Metformin , Rosuvastatin , and Digoxin and the QT Interval Study in Overweight Chinese Subjects",PHASE1,COMPLETED,,rosuvastatin calcium,,,,,,,,UNMAPPED,,,,False,UNMAPPED,UNCLASSIFIED_LONG_TAIL,Unclassified long tail,Not individually reviewed,False,False,True
NCT06250946,hrs-7535,"Shandong Suncadia Medicine Co., Ltd.",INDUSTRY,Efficacy and Safety of HRS-7535 Tablets in Obese Subjects .,PHASE2,COMPLETED,hrs-7535,hrs-7535,Incretin-based,GLP-1,GLP1R,GLP-1 receptor agonist,small molecule,mono,True,VERIFIED,high,https://www.hengrui.com/en/media/detail-1030.html,Oral small-molecule GLP-1RA.,False,VERIFIED,VERIFIED,Incretin-based,GLP-1,True,False,False
NCT06252220,da-1726,NeuroBo Pharmaceuticals Inc.,INDUSTRY,"First in Human Study in Subjects With Obesity, But Otherwise Healthy",PHASE1,RECRUITING,da-1726,DA-1726,Incretin-based,GLP-1/glucagon,GLP1R; GCGR,Dual GLP-1/glucagon receptor agonism,peptide,dual,True,VERIFIED,high,https://diabetesjournals.org/diabetes/article/75/Supplement_1/3102-LB/167968,Oxyntomodulin analogue and dual GLP1R/GCGR agonist.,False,VERIFIED,VERIFIED,Incretin-based,GLP-1/glucagon,True,False,False
NCT06254261,ray1225,"Guangdong Raynovent Biotech Co., Ltd",INDUSTRY,A Study of RAY1225 in Participants With Obesity,PHASE2,RECRUITING,ray1225,ray1225,Incretin-based,GLP-1/GIP,GLP1R; GIPR,Biased dual GLP-1/GIP receptor agonist,peptide,dual,True,VERIFIED,high,https://diabetesjournals.org/diabetes/article/75/Supplement_1/1227-OR/167132/,Long-acting/biweekly dual agonist.,False,VERIFIED,VERIFIED,Incretin-based,GLP-1/GIP,True,False,False
NCT06256536,bofanglutide,"Gan and Lee Pharmaceuticals, USA",INDUSTRY,A Study of GZR18 Injection in Chinese Obese/Overweight Patients,PHASE1; PHASE2,COMPLETED,bofanglutide,bofanglutide,Incretin-based,GLP-1,GLP1R,Long-acting GLP-1 receptor agonist,peptide,mono,True,VERIFIED,high,https://pubmed.ncbi.nlm.nih.gov/41054801/,GZR18; long-acting GLP-1 analogue.,False,VERIFIED,VERIFIED,Incretin-based,GLP-1,True,False,False
NCT06256562,bofanglutide,"Gan and Lee Pharmaceuticals, USA",INDUSTRY,A Study of GZR18 Injection in Obese/Overweight Patients,PHASE2,COMPLETED,bofanglutide,bofanglutide,Incretin-based,GLP-1,GLP1R,Long-acting GLP-1 receptor agonist,peptide,mono,True,VERIFIED,high,https://pubmed.ncbi.nlm.nih.gov/41054801/,GZR18; long-acting GLP-1 analogue.,False,VERIFIED,VERIFIED,Incretin-based,GLP-1,True,False,False
NCT06259981,gly-200,"Glyscend, Inc.",INDUSTRY,"A 16-Week Study to Evaluate the Efficacy, Safety, and Tolerability of GLY-200 in Participants With Obesity",PHASE2,COMPLETED,gly-200,GLY-200,GI nutrient sensing/barrier,pharmacologic duodenal exclusion,proximal intestinal mucin barrier,Non-absorbed polymer binds/crosslinks proximal intestinal mucin to mimic duodenal exclusion physiology,oral non-absorbed polymeric drug,,False,VERIFIED,high,https://pmc.ncbi.nlm.nih.gov/articles/PMC12124365/,Gut-restricted mucin-complexing polymer developed for T2D and obesity.,False,VERIFIED,VERIFIED,GI nutrient sensing/barrier,pharmacologic duodenal exclusion,True,False,False
NCT06266598,metformin,HÜMEYRA ACIKAN,OTHER,Effectiveness of Antidiabetic Treatment Applied in Childhood Obesity,PHASE4,COMPLETED,metformin,metformin,Metabolic/energy expenditure,insulin sensitisation/metabolic,mitochondrial complex I; AMPK-associated pathways,Pleiotropic insulin-sensitising and metabolic effects,small molecule,,False,VERIFIED,medium,,Mechanism is pleiotropic; no single receptor target adequately describes metformin.,False,VERIFIED,VERIFIED,Metabolic/energy expenditure,insulin sensitisation/metabolic,True,False,False
NCT06267092,cagrilintide + semaglutide,Novo Nordisk A/S,INDUSTRY,A Study of How CagriSema Works on Appetite in People With Excess Body Weight,PHASE1,COMPLETED,cagrilintide + semaglutide,cagrilintide + semaglutide,Incretin + amylin,amylin + GLP-1 combination,AMY1R/AMY2R/AMY3R; CTR; GLP1R,Combination of amylin-receptor agonism and GLP-1 receptor agonism,peptide combination,combination,True,VERIFIED,high,https://pubmed.ncbi.nlm.nih.gov/41054801/,CagriSema.,False,VERIFIED,VERIFIED,Incretin + amylin,amylin + GLP-1 combination,True,False,False
NCT06277934,rgt001-075,Regor Pharmaceuticals Inc.,INDUSTRY,A Study of RGT001-075 in Participants With Obesity or Overweight With Weight-Related Comorbidities,PHASE2,COMPLETED,rgt001-075,RGT-075,Incretin-based,GLP-1,GLP1R,Full GLP-1 receptor agonist,small molecule,mono,True,VERIFIED_ALIAS,high,https://diabetesjournals.org/diabetes/article/74/Supplement_1/785-P/159759/,RGT001-075/RGT-075 is an oral nonpeptide small-molecule GLP-1RA.,False,VERIFIED_ALIAS,VERIFIED_ALIAS,Incretin-based,GLP-1,True,False,False
NCT06279234,pf-06954522,Pfizer,INDUSTRY,A Study to Learn How Different Amounts of PF-06954522 Are Tolerated and Act in Adults With Type 2 Diabetes Mellitus,PHASE1,COMPLETED,,pf-06954522,,,,,,,,UNMAPPED,,,,False,UNMAPPED,UNCLASSIFIED_LONG_TAIL,Unclassified long tail,Not individually reviewed,False,False,True
NCT06282458,enobosarm,Veru Inc.,INDUSTRY,Dose-Finding Study Evaluating Effect on Body Composition of Enobosarm in Patients Taking a GLP-1 for Chronic Weight Mgmt,PHASE2,COMPLETED,enobosarm,enobosarm,Lean-mass preservation,androgen receptor modulation,AR,Selective androgen receptor modulation to preserve/increase lean mass,small molecule,,False,VERIFIED,high,https://pubmed.ncbi.nlm.nih.gov/22031847/,Selective androgen receptor modulator (SARM); used as adjunct during GLP-1 weight loss.,False,VERIFIED,VERIFIED,Lean-mass preservation,androgen receptor modulation,True,False,False
NCT06287307,semaglutide,Zuyderland Medisch Centrum,OTHER,Semaglutide 2.4mg for Low Responders After Bariatric Surgery,PHASE4,NOT_YET_RECRUITING,semaglutide,semaglutide,Incretin-based,GLP-1,GLP1R,GLP-1 receptor agonist,peptide,mono,True,VERIFIED,high,https://pubmed.ncbi.nlm.nih.gov/41054801/,Long-acting GLP-1 analogue.,False,VERIFIED,VERIFIED,Incretin-based,GLP-1,True,False,False
NCT06287437,ribupatide,Shanghai Zhongshan Hospital,OTHER,HRS9531 Controls Weight Regain in Obese Subjects,PHASE2,UNKNOWN,ribupatide,ribupatide,Incretin-based,GLP-1/GIP,GLP1R; GIPR,Dual GLP-1/GIP receptor agonist,peptide,dual,True,VERIFIED,high,https://www.hengrui.com/en/media/detail-991.html,HRS9531/KAI-9531; injectable and oral formulations in development.,False,VERIFIED,VERIFIED,Incretin-based,GLP-1/GIP,True,False,False
NCT06289504,cagrilintide,Novo Nordisk A/S,INDUSTRY,A Study on How CagriSema Affects Levels of Atorvastatin and Warfarin in the Blood of Participants With Excess Body Weight,PHASE1,COMPLETED,cagrilintide,cagrilintide,Amylin-based,amylin,AMY1R; AMY2R; AMY3R; CTR,Long-acting amylin/calcitonin receptor agonist,peptide,multi,False,VERIFIED,high,https://pubmed.ncbi.nlm.nih.gov/42452898/,Long-acting amylin analogue with activity across amylin receptors and CTR.,False,VERIFIED,VERIFIED,Amylin-based,amylin,True,False,False
NCT06289504,semaglutide,Novo Nordisk A/S,INDUSTRY,A Study on How CagriSema Affects Levels of Atorvastatin and Warfarin in the Blood of Participants With Excess Body Weight,PHASE1,COMPLETED,semaglutide,semaglutide,Incretin-based,GLP-1,GLP1R,GLP-1 receptor agonist,peptide,mono,True,VERIFIED,high,https://pubmed.ncbi.nlm.nih.gov/41054801/,Long-acting GLP-1 analogue.,False,VERIFIED,VERIFIED,Incretin-based,GLP-1,True,False,False
NCT06297616,eloralintide,Eli Lilly and Company,INDUSTRY,A Study of LY3841136 in Japanese Participants With Obesity or Overweight,PHASE1,COMPLETED,eloralintide,eloralintide,Amylin-based,amylin,AMY1R (preferential); AMY3R; CTR,"Selective amylin receptor agonist, preferential for AMY1R",peptide,multi,False,VERIFIED,high,https://pubmed.ncbi.nlm.nih.gov/41109426/,Long-acting amylin analogue with preferential human AMY1R activation.,False,VERIFIED,VERIFIED,Amylin-based,amylin,True,False,False
NCT06297616,tirzepatide,Eli Lilly and Company,INDUSTRY,A Study of LY3841136 in Japanese Participants With Obesity or Overweight,PHASE1,COMPLETED,tirzepatide,tirzepatide,Incretin-based,GLP-1/GIP,GLP1R; GIPR,Dual GLP-1/GIP receptor agonist,peptide,dual,True,VERIFIED,high,https://pubmed.ncbi.nlm.nih.gov/41054801/,Dual incretin agonist.,False,VERIFIED,VERIFIED,Incretin-based,GLP-1/GIP,True,False,False
NCT06299098,garetosmab,Regeneron Pharmaceuticals,INDUSTRY,"A Study to Test if Trevogrumab or Trevogrumab With Garetosmab When Taken With Semaglutide is Safe and How Well They Work in Adult Patients With Obesity for Weight Loss, Fat Loss, and Lean Mass Preservation",PHASE2,ACTIVE_NOT_RECRUITING,garetosmab,garetosmab,Lean-mass preservation,activin A blockade,Activin A (INHBA),Neutralising anti-activin A antibody,monoclonal antibody,,False,VERIFIED,high,https://pubmed.ncbi.nlm.nih.gov/32557665/,Used in obesity combinations to preserve/improve lean mass.,False,VERIFIED,VERIFIED,Lean-mass preservation,activin A blockade,True,False,False
NCT06299098,semaglutide,Regeneron Pharmaceuticals,INDUSTRY,"A Study to Test if Trevogrumab or Trevogrumab With Garetosmab When Taken With Semaglutide is Safe and How Well They Work in Adult Patients With Obesity for Weight Loss, Fat Loss, and Lean Mass Preservation",PHASE2,ACTIVE_NOT_RECRUITING,semaglutide,semaglutide,Incretin-based,GLP-1,GLP1R,GLP-1 receptor agonist,peptide,mono,True,VERIFIED,high,https://pubmed.ncbi.nlm.nih.gov/41054801/,Long-acting GLP-1 analogue.,False,VERIFIED,VERIFIED,Incretin-based,GLP-1,True,False,False
NCT06299098,trevogrumab-part a,Regeneron Pharmaceuticals,INDUSTRY,"A Study to Test if Trevogrumab or Trevogrumab With Garetosmab When Taken With Semaglutide is Safe and How Well They Work in Adult Patients With Obesity for Weight Loss, Fat Loss, and Lean Mass Preservation",PHASE2,ACTIVE_NOT_RECRUITING,,trevogrumab-part a,,,,,,,,UNMAPPED,,,,False,UNMAPPED,UNCLASSIFIED_LONG_TAIL,Unclassified long tail,Not individually reviewed,False,False,True
NCT06299098,trevogrumab-part b and part c,Regeneron Pharmaceuticals,INDUSTRY,"A Study to Test if Trevogrumab or Trevogrumab With Garetosmab When Taken With Semaglutide is Safe and How Well They Work in Adult Patients With Obesity for Weight Loss, Fat Loss, and Lean Mass Preservation",PHASE2,ACTIVE_NOT_RECRUITING,,trevogrumab-part b and part c,,,,,,,,UNMAPPED,,,,False,UNMAPPED,UNCLASSIFIED_LONG_TAIL,Unclassified long tail,Not individually reviewed,False,False,True
NCT06299891,phentermine + topiramate,Seattle Children's Hospital,OTHER,Efficacy and Safety of Phentermine/Topiramate in Youth With Hypothalamic Obesity,PHASE2,RECRUITING,phentermine + topiramate,phentermine + topiramate,CNS/appetite,sympathomimetic + anticonvulsant,monoaminergic pathways; GABA/glutamate pathways,Appetite suppression through complementary CNS mechanisms,small-molecule combination,,False,VERIFIED,high,,Approved anti-obesity combination; established pharmacology.,False,VERIFIED,VERIFIED,CNS/appetite,sympathomimetic + anticonvulsant,True,False,False
NCT06305351,k-757 and k-833 bid,Kallyope Inc.,INDUSTRY,"A Study to Evaluate the Safety, Tolerability, Pharmacokinetics, and Pharmacodynamics of K-757 and K-833 in Overweight/Obese Patients With Type 2 Diabetes",PHASE1,COMPLETED,,k-757 and k-833 bid,,,,,,,,UNMAPPED,,,,False,UNMAPPED,UNCLASSIFIED_LONG_TAIL,Unclassified long tail,Not individually reviewed,False,False,True
NCT06305351,k-757 and k-833 qd,Kallyope Inc.,INDUSTRY,"A Study to Evaluate the Safety, Tolerability, Pharmacokinetics, and Pharmacodynamics of K-757 and K-833 in Overweight/Obese Patients With Type 2 Diabetes",PHASE1,COMPLETED,,k-757 and k-833 qd,,,,,,,,UNMAPPED,,,,False,UNMAPPED,UNCLASSIFIED_LONG_TAIL,Unclassified long tail,Not individually reviewed,False,False,True
NCT06309667,pg-102 mg12,"ProGen. Co., Ltd.",OTHER,"A Study to Investigate the Safety, Tolerability, and Pharmacokinetics and Pharmacodynamics Following Subcutaneous Injections of PG-102 (MG12) in Healthy Adult and Obesity Participants.",PHASE1,COMPLETED,,pg-102 mg12,,,,,,,,UNMAPPED,,,,False,UNMAPPED,UNCLASSIFIED_LONG_TAIL,Unclassified long tail,Not individually reviewed,False,False,True
NCT06313528,retatrutide,Eli Lilly and Company,INDUSTRY,A Study to Measure Calorie Consumption and Usage in Participants With Obesity Using LY3437943,PHASE1,COMPLETED,retatrutide,retatrutide,Incretin-based,GLP-1/GIP/glucagon,GLP1R; GIPR; GCGR,Triple GLP-1/GIP/glucagon receptor agonist,peptide,triple,True,VERIFIED,high,https://pubmed.ncbi.nlm.nih.gov/41054801/,Triple incretin/glucagon agonist.,False,VERIFIED,VERIFIED,Incretin-based,GLP-1/GIP/glucagon,True,False,False
NCT06326060,nnc0519-0130,Novo Nordisk A/S,INDUSTRY,A Research Study Comparing How Well Different Doses of the Medicine NN0519-0130 Help People With Excess Body Weight Lose Weight,PHASE2,COMPLETED,nnc0519-0130,nnc0519-0130,Undisclosed,undisclosed,,,undisclosed,,,RESEARCH_REQUIRED,low,https://clinicaltrials.gov/study/NCT06567041,"Novo Nordisk publicly identifies it as an obesity medicine, but an authoritative public mechanism was not found.",False,RESEARCH_REQUIRED,UNRESOLVED_PUBLIC_INFO,Undisclosed / insufficient public information,Undisclosed,False,True,False
NCT06345066,eloralintide,Eli Lilly and Company,INDUSTRY,A Study of LY3841136 in Overweight and Obese Participants,PHASE1,COMPLETED,eloralintide,eloralintide,Amylin-based,amylin,AMY1R (preferential); AMY3R; CTR,"Selective amylin receptor agonist, preferential for AMY1R",peptide,multi,False,VERIFIED,high,https://pubmed.ncbi.nlm.nih.gov/41109426/,Long-acting amylin analogue with preferential human AMY1R activation.,False,VERIFIED,VERIFIED,Amylin-based,amylin,True,False,False
NCT06345066,tirzepatide,Eli Lilly and Company,INDUSTRY,A Study of LY3841136 in Overweight and Obese Participants,PHASE1,COMPLETED,tirzepatide,tirzepatide,Incretin-based,GLP-1/GIP,GLP1R; GIPR,Dual GLP-1/GIP receptor agonist,peptide,dual,True,VERIFIED,high,https://pubmed.ncbi.nlm.nih.gov/41054801/,Dual incretin agonist.,False,VERIFIED,VERIFIED,Incretin-based,GLP-1/GIP,True,False,False
NCT06352424,bi 1820237,Boehringer Ingelheim,INDUSTRY,"A Study in People With Overweight or Obesity to Test How BI 1820237, BI 456906, or a Combination of Both Affects Brain Activity",PHASE1,COMPLETED,bi 1820237,bi 1820237,CNS/appetite,NPY2,NPY2R,Long-acting NPY2 receptor agonist,peptide,mono,False,VERIFIED,high,https://www.gubra.dk/mfn_news/phase-1-trial-results-from-a-novel-long-acting-npy2-receptor-agonist-in-partnership-between-gubra-as-and-boehringer-ingelheim-presented-today-at-the-european-congress-on-obesity-eco-2023/,Obesity development was discontinued in 2024; mechanism remains relevant to historical landscape.,False,VERIFIED,VERIFIED,CNS/appetite,NPY2,True,False,False
NCT06352892,maridebart cafraglutide,Amgen,INDUSTRY,A Study to Evaluate AMG 133 in Chinese Participants With Obesity or Overweight,PHASE1,COMPLETED,maridebart cafraglutide,maridebart cafraglutide,Incretin-based,GLP-1 agonism + GIP antagonism,GLP1R; GIPR,GLP-1 receptor agonism plus GIP receptor antagonism,antibody-peptide conjugate,,True,VERIFIED,high,https://pubmed.ncbi.nlm.nih.gov/38316982/,Anti-GIPR antibody conjugated to GLP-1 agonist peptides.,False,VERIFIED,VERIFIED,Incretin-based,GLP-1 agonism + GIP antagonism,True,False,False
NCT06371326,zt002,"Beijing QL Biopharmaceutical Co.,Ltd",INDUSTRY,A Study of ZT002 Injection in Participants With Overweight or Obesity,PHASE1,COMPLETED,zt002,zovaglutide,Incretin-based,GLP-1,GLP1R,Ultra-long-acting GLP-1 receptor agonist,peptide,mono,True,VERIFIED_ALIAS,high,https://clinicaltrials.gov/study/NCT07230119,ZT002 is zovaglutide; collapse into zovaglutide identity.,False,VERIFIED_ALIAS,VERIFIED_ALIAS,Incretin-based,GLP-1,True,False,False
NCT06373146,mibavademab,Eli Lilly and Company,INDUSTRY,A Study of Tirzepatide (LY3298176) Plus Mibavademab Compared With Tirzepatide Alone in Adult Participants With Obesity,PHASE2,COMPLETED,mibavademab,mibavademab,Leptin pathway,leptin receptor,LEPR,Agonistic leptin-receptor monoclonal antibody,monoclonal antibody,mono,False,VERIFIED,high,https://pmc.ncbi.nlm.nih.gov/articles/PMC11003274/,Fully human LEPR agonistic antibody.,False,VERIFIED,VERIFIED,Leptin pathway,leptin receptor,True,False,False
NCT06373146,tirzepatide,Eli Lilly and Company,INDUSTRY,A Study of Tirzepatide (LY3298176) Plus Mibavademab Compared With Tirzepatide Alone in Adult Participants With Obesity,PHASE2,COMPLETED,tirzepatide,tirzepatide,Incretin-based,GLP-1/GIP,GLP1R; GIPR,Dual GLP-1/GIP receptor agonist,peptide,dual,True,VERIFIED,high,https://pubmed.ncbi.nlm.nih.gov/41054801/,Dual incretin agonist.,False,VERIFIED,VERIFIED,Incretin-based,GLP-1/GIP,True,False,False
NCT06374875,incretin-based therapy,The Cleveland Clinic,OTHER,Fibrosis Lessens After Metabolic Surgery,PHASE4,RECRUITING,,incretin-based therapy,,,,,,,,UNMAPPED,,,,False,UNMAPPED,UNCLASSIFIED_LONG_TAIL,Unclassified long tail,Not individually reviewed,False,False,True
NCT06383832,dapagliflozin,Sun Jia,OTHER,Effect of Dapagliflozin on Body Weight in Overweight Women Consuming Different Proportions of Carbohydrate Diet.,PHASE4,COMPLETED,dapagliflozin,dapagliflozin,Renal/glucose transport,SGLT2,SLC5A2 (SGLT2),SGLT2 inhibition increases urinary glucose excretion,small molecule,,False,VERIFIED,high,,Established SGLT2 inhibitor.,False,VERIFIED,VERIFIED,Renal/glucose transport,SGLT2,True,False,False
NCT06388187,cagrilintide,Novo Nordisk A/S,INDUSTRY,A Research Study to See How Well Different Doses of CagriSema Help People With Excess Body Weight Lose Weight,PHASE3,COMPLETED,cagrilintide,cagrilintide,Amylin-based,amylin,AMY1R; AMY2R; AMY3R; CTR,Long-acting amylin/calcitonin receptor agonist,peptide,multi,False,VERIFIED,high,https://pubmed.ncbi.nlm.nih.gov/42452898/,Long-acting amylin analogue with activity across amylin receptors and CTR.,False,VERIFIED,VERIFIED,Amylin-based,amylin,True,False,False
NCT06388187,semaglutide,Novo Nordisk A/S,INDUSTRY,A Research Study to See How Well Different Doses of CagriSema Help People With Excess Body Weight Lose Weight,PHASE3,COMPLETED,semaglutide,semaglutide,Incretin-based,GLP-1,GLP1R,GLP-1 receptor agonist,peptide,mono,True,VERIFIED,high,https://pubmed.ncbi.nlm.nih.gov/41054801/,Long-acting GLP-1 analogue.,False,VERIFIED,VERIFIED,Incretin-based,GLP-1,True,False,False
NCT06396429,ribupatide,"Fujian Shengdi Pharmaceutical Co., Ltd.",INDUSTRY,To Compare the Efficacy and Safety of HRS9531 and Placebo in Subjects With Overweight or Obese,PHASE3,COMPLETED,ribupatide,ribupatide,Incretin-based,GLP-1/GIP,GLP1R; GIPR,Dual GLP-1/GIP receptor agonist,peptide,dual,True,VERIFIED,high,https://www.hengrui.com/en/media/detail-991.html,HRS9531/KAI-9531; injectable and oral formulations in development.,False,VERIFIED,VERIFIED,Incretin-based,GLP-1/GIP,True,False,False
NCT06411210,semaglutide,Yale University,OTHER,Obesity Complicating Type 1 Diabetes: GLP-1 Analogue Anti-obesity Treatment,PHASE2,RECRUITING,semaglutide,semaglutide,Incretin-based,GLP-1,GLP1R,GLP-1 receptor agonist,peptide,mono,True,VERIFIED,high,https://pubmed.ncbi.nlm.nih.gov/41054801/,Long-acting GLP-1 analogue.,False,VERIFIED,VERIFIED,Incretin-based,GLP-1,True,False,False
NCT06417697,xen-101,Xeno Biosciences,INDUSTRY,A Phase 1b Study to Evaluate the Safety of XEN-101,PHASE1,TERMINATED,,xen-101,,,,,,,,UNMAPPED,,,,False,UNMAPPED,UNCLASSIFIED_LONG_TAIL,Unclassified long tail,Not individually reviewed,False,False,True
NCT06423599,semaglutide,"Jens D Hove, MD,PHD",OTHER,Effect of Weight Loss on Physical and Cardiac Performance in People With Obesity and Heart Failure,PHASE2; PHASE3,RECRUITING,semaglutide,semaglutide,Incretin-based,GLP-1,GLP1R,GLP-1 receptor agonist,peptide,mono,True,VERIFIED,high,https://pubmed.ncbi.nlm.nih.gov/41054801/,Long-acting GLP-1 analogue.,False,VERIFIED,VERIFIED,Incretin-based,GLP-1,True,False,False
NCT06435676,ribupatide,"Fujian Shengdi Pharmaceutical Co., Ltd.",INDUSTRY,A Study of Single and Multiple Doses HRS9531 Tablets in Healthy Subjects,PHASE1,COMPLETED,ribupatide,ribupatide,Incretin-based,GLP-1/GIP,GLP1R; GIPR,Dual GLP-1/GIP receptor agonist,peptide,dual,True,VERIFIED,high,https://www.hengrui.com/en/media/detail-991.html,HRS9531/KAI-9531; injectable and oral formulations in development.,False,VERIFIED,VERIFIED,Incretin-based,GLP-1/GIP,True,False,False
NCT06438146,liraglutide,Brigham and Women's Hospital,OTHER,LIROH - Liraglutide for Obesity in HIV,PHASE4,UNKNOWN,liraglutide,liraglutide,Incretin-based,GLP-1,GLP1R,GLP-1 receptor agonist,peptide,mono,True,VERIFIED,high,https://pubmed.ncbi.nlm.nih.gov/41054801/,GLP-1 analogue.,False,VERIFIED,VERIFIED,Incretin-based,GLP-1,True,False,False
NCT06439277,tirzepatide,Eli Lilly and Company,INDUSTRY,A Study of Tirzepatide in Adolescents With Obesity and Weight-Related Comorbidities (SURMOUNT-ADOLESCENTS-2),PHASE3,RECRUITING,tirzepatide,tirzepatide,Incretin-based,GLP-1/GIP,GLP1R; GIPR,Dual GLP-1/GIP receptor agonist,peptide,dual,True,VERIFIED,high,https://pubmed.ncbi.nlm.nih.gov/41054801/,Dual incretin agonist.,False,VERIFIED,VERIFIED,Incretin-based,GLP-1/GIP,True,False,False
NCT06440980,orforglipron,Eli Lilly and Company,INDUSTRY,A Study to Compare Tablets and Capsules of Orforglipron (LY3502970) in Healthy Participants Who Are Obese or Overweight,PHASE1,COMPLETED,orforglipron,orforglipron,Incretin-based,GLP-1,GLP1R,GLP-1 receptor agonist,small molecule,mono,True,VERIFIED,high,https://pubmed.ncbi.nlm.nih.gov/41054801/,Oral nonpeptide GLP-1RA.,False,VERIFIED,VERIFIED,Incretin-based,GLP-1,True,False,False
NCT06445075,apitegromab,"Scholar Rock, Inc.",INDUSTRY,Efficacy and Safety of Apitegromab for the Treatment of Adults Who Are Overweight or Obese,PHASE2,COMPLETED,apitegromab,apitegromab,Lean-mass preservation,myostatin activation blockade,latent/promyostatin,Monoclonal antibody selectively inhibiting activation of myostatin,monoclonal antibody,,False,VERIFIED,high,https://www.nature.com/articles/s41591-026-04440-4,Lean-mass-preservation adjunct during tirzepatide-induced weight loss.,False,VERIFIED,VERIFIED,Lean-mass preservation,myostatin activation blockade,True,False,False
NCT06461039,zenagamtide,Novo Nordisk A/S,INDUSTRY,A Research Study Looking at How the Compound NNC0487-0111 Works With Birth Control Pills and Affects Emptying of the Stomach in Women Not Able to Become Pregnant,PHASE1,COMPLETED,zenagamtide,zenagamtide,Incretin + amylin,GLP-1/amylin,GLP1R; amylin receptors; CTR,"Unimolecular GLP-1, amylin and calcitonin receptor agonist",peptide,multi,True,VERIFIED,high,https://pubmed.ncbi.nlm.nih.gov/42532079/,Formerly amycretin; current name zenagamtide.,False,VERIFIED,VERIFIED,Incretin + amylin,GLP-1/amylin,True,False,False
NCT06468748,semaglutide,United States Army Research Institute of Environmental Medicine,FED,The Effects of Semaglutide on Body Composition and Performance in Military Personnel,PHASE4,WITHDRAWN,semaglutide,semaglutide,Incretin-based,GLP-1,GLP1R,GLP-1 receptor agonist,peptide,mono,True,VERIFIED,high,https://pubmed.ncbi.nlm.nih.gov/41054801/,Long-acting GLP-1 analogue.,False,VERIFIED,VERIFIED,Incretin-based,GLP-1,True,False,False
NCT06471530,te-8105 mad cohort 1,"Immunwork, Inc.",INDUSTRY,A Study to Investigate the Safety and Tolerability of TE-8105 in Overweight/Obese Participants Without Diabetes,PHASE1; PHASE2,COMPLETED,,te-8105 mad cohort 1,,,,,,,,UNMAPPED,,,,False,UNMAPPED,UNCLASSIFIED_LONG_TAIL,Unclassified long tail,Not individually reviewed,False,False,True
NCT06471530,te-8105 mad cohort 2,"Immunwork, Inc.",INDUSTRY,A Study to Investigate the Safety and Tolerability of TE-8105 in Overweight/Obese Participants Without Diabetes,PHASE1; PHASE2,COMPLETED,,te-8105 mad cohort 2,,,,,,,,UNMAPPED,,,,False,UNMAPPED,UNCLASSIFIED_LONG_TAIL,Unclassified long tail,Not individually reviewed,False,False,True
NCT06471530,te-8105 sad cohort 1,"Immunwork, Inc.",INDUSTRY,A Study to Investigate the Safety and Tolerability of TE-8105 in Overweight/Obese Participants Without Diabetes,PHASE1; PHASE2,COMPLETED,,te-8105 sad cohort 1,,,,,,,,UNMAPPED,,,,False,UNMAPPED,UNCLASSIFIED_LONG_TAIL,Unclassified long tail,Not individually reviewed,False,False,True
NCT06471530,te-8105 sad cohort 2,"Immunwork, Inc.",INDUSTRY,A Study to Investigate the Safety and Tolerability of TE-8105 in Overweight/Obese Participants Without Diabetes,PHASE1; PHASE2,COMPLETED,,te-8105 sad cohort 2,,,,,,,,UNMAPPED,,,,False,UNMAPPED,UNCLASSIFIED_LONG_TAIL,Unclassified long tail,Not individually reviewed,False,False,True
NCT06471530,te-8105 sad cohort 3,"Immunwork, Inc.",INDUSTRY,A Study to Investigate the Safety and Tolerability of TE-8105 in Overweight/Obese Participants Without Diabetes,PHASE1; PHASE2,COMPLETED,,te-8105 sad cohort 3,,,,,,,,UNMAPPED,,,,False,UNMAPPED,UNCLASSIFIED_LONG_TAIL,Unclassified long tail,Not individually reviewed,False,False,True
NCT06471530,te-8105 sad cohort 4,"Immunwork, Inc.",INDUSTRY,A Study to Investigate the Safety and Tolerability of TE-8105 in Overweight/Obese Participants Without Diabetes,PHASE1; PHASE2,COMPLETED,,te-8105 sad cohort 4,,,,,,,,UNMAPPED,,,,False,UNMAPPED,UNCLASSIFIED_LONG_TAIL,Unclassified long tail,Not individually reviewed,False,False,True
NCT06471530,te-8105 sad cohort 5 adaptive cohort,"Immunwork, Inc.",INDUSTRY,A Study to Investigate the Safety and Tolerability of TE-8105 in Overweight/Obese Participants Without Diabetes,PHASE1; PHASE2,COMPLETED,,te-8105 sad cohort 5 adaptive cohort,,,,,,,,UNMAPPED,,,,False,UNMAPPED,UNCLASSIFIED_LONG_TAIL,Unclassified long tail,Not individually reviewed,False,False,True
NCT06478563,zenagamtide,Novo Nordisk A/S,INDUSTRY,A Research Study Looking at Different Oral Formulations and the Effect of Food Intake on How the Medicine NNC0487-0111 Behaves in the Body of Participants Living With Overweight or Obesity,PHASE1,COMPLETED,zenagamtide,zenagamtide,Incretin + amylin,GLP-1/amylin,GLP1R; amylin receptors; CTR,"Unimolecular GLP-1, amylin and calcitonin receptor agonist",peptide,multi,True,VERIFIED,high,https://pubmed.ncbi.nlm.nih.gov/42532079/,Formerly amycretin; current name zenagamtide.,False,VERIFIED,VERIFIED,Incretin + amylin,GLP-1/amylin,True,False,False
NCT06481098,hm15275,Hanmi Pharmaceutical Company Limited,INDUSTRY,A Phase 1 Study to Assess HM15275 in Healthy and Obese Subjects.,PHASE1,COMPLETED,hm15275,hm15275,Incretin-based,GLP-1/GIP/glucagon,GLP1R; GIPR; GCGR,Triple GLP-1/GIP/glucagon receptor agonist,peptide,triple,True,VERIFIED,high,https://hanmipharm.com/science/pipeline/focused/hm15275.hm,Long-acting triple agonist.,False,VERIFIED,VERIFIED,Incretin-based,GLP-1/GIP/glucagon,True,False,False
NCT06492135,survodutide,Boehringer Ingelheim,INDUSTRY,A Study in Chinese People With Overweight or Obesity to Test How Different Doses of Survodutide Are Taken up in the Body,PHASE1,COMPLETED,survodutide,survodutide,Incretin-based,GLP-1/glucagon,GLP1R; GCGR,Dual GLP-1/glucagon receptor agonist,peptide,dual,True,VERIFIED,high,https://pubmed.ncbi.nlm.nih.gov/41054801/,Former development code BI 456906.,False,VERIFIED,VERIFIED,Incretin-based,GLP-1/glucagon,True,False,False
NCT06492330,cs0159,Shanghai Jiao Tong University School of Medicine,OTHER,Efficacy and Safety of CS0159 Combined With Semaglutide in MASH Patients With Obesity and T2DM,,COMPLETED,cs0159,cs0159,Undisclosed,undisclosed,,,small molecule (reported; mechanism needs confirmation),,,RESEARCH_REQUIRED,low,https://clinicaltrials.gov/study/NCT06492330,Used with semaglutide in obesity/MASH studies; mechanism requires stronger primary-source verification.,False,RESEARCH_REQUIRED,UNRESOLVED_PUBLIC_INFO,Undisclosed / insufficient public information,Undisclosed,False,True,False
NCT06493084,lae102 administration,Laekna Limited,INDUSTRY,Evaluate LAE102 in Healthy and Overweight/Obese Subjects,PHASE1,RECRUITING,,lae102 administration,,,,,,,,UNMAPPED,,,,False,UNMAPPED,UNCLASSIFIED_LONG_TAIL,Unclassified long tail,Not individually reviewed,False,False,True
NCT06493084,lae102 multiple administration,Laekna Limited,INDUSTRY,Evaluate LAE102 in Healthy and Overweight/Obese Subjects,PHASE1,RECRUITING,,lae102 multiple administration,,,,,,,,UNMAPPED,,,,False,UNMAPPED,UNCLASSIFIED_LONG_TAIL,Unclassified long tail,Not individually reviewed,False,False,True
NCT06499857,semaglutide,University of Chicago,OTHER,Semaglutide for Metabolic Intervention and Adipose Loss to Treat Atrial Fibrillation,PHASE3,RECRUITING,semaglutide,semaglutide,Incretin-based,GLP-1,GLP1R,GLP-1 receptor agonist,peptide,mono,True,VERIFIED,high,https://pubmed.ncbi.nlm.nih.gov/41054801/,Long-acting GLP-1 analogue.,False,VERIFIED,VERIFIED,Incretin-based,GLP-1,True,False,False
NCT06500299,hdm1002 qd,"Hangzhou Zhongmei Huadong Pharmaceutical Co., Ltd.",INDUSTRY,Evaluate the Safety and Efficacy of HDM1002 Tablets in Overweight and Obese Adults,PHASE2,UNKNOWN,hdm1002 qd,hdm1002,Incretin-based,GLP-1,GLP1R,Selective cAMP-biased GLP-1 receptor agonism,small molecule,mono,True,VERIFIED_ALIAS,high,https://pubmed.ncbi.nlm.nih.gov/41803652/,Dose/duration wording; collapse to HDM1002.,False,VERIFIED_ALIAS,VERIFIED_ALIAS,Incretin-based,GLP-1,True,False,False
NCT06500299,hdm1002 qd 12weeks,"Hangzhou Zhongmei Huadong Pharmaceutical Co., Ltd.",INDUSTRY,Evaluate the Safety and Efficacy of HDM1002 Tablets in Overweight and Obese Adults,PHASE2,UNKNOWN,hdm1002 qd 12weeks,hdm1002,Incretin-based,GLP-1,GLP1R,Selective cAMP-biased GLP-1 receptor agonism,small molecule,mono,True,VERIFIED_ALIAS,high,https://pubmed.ncbi.nlm.nih.gov/41803652/,Dose/duration wording; collapse to HDM1002.,False,VERIFIED_ALIAS,VERIFIED_ALIAS,Incretin-based,GLP-1,True,False,False
NCT06501326,liraglutide,Affiliated Hospital of Nantong University,OTHER,Efficacy and Safety of Liraglutide in the Treatment of Obesity Combined With Metabolism Associated Fatty Liver Disease,PHASE4,UNKNOWN,liraglutide,liraglutide,Incretin-based,GLP-1,GLP1R,GLP-1 receptor agonist,peptide,mono,True,VERIFIED,high,https://pubmed.ncbi.nlm.nih.gov/41054801/,GLP-1 analogue.,False,VERIFIED,VERIFIED,Incretin-based,GLP-1,True,False,False
NCT06501326,orlistat,Affiliated Hospital of Nantong University,OTHER,Efficacy and Safety of Liraglutide in the Treatment of Obesity Combined With Metabolism Associated Fatty Liver Disease,PHASE4,UNKNOWN,orlistat,orlistat,GI nutrient absorption,lipase inhibition,gastric and pancreatic lipases,Gastrointestinal lipase inhibitor reducing dietary fat absorption,small molecule,,False,VERIFIED,high,,Peripheral gastrointestinal mechanism.,False,VERIFIED,VERIFIED,GI nutrient absorption,lipase inhibition,True,False,False
NCT06515418,azelaprag bge-105,"BioAge Labs, Inc.",INDUSTRY,Efficacy and Safety of Oral Azelaprag Plus Once Weekly Tirzepatide Compared with Tirzepatide Alone in Participants with Obesity Aged 55 Years and Over,PHASE2,TERMINATED,azelaprag bge-105,azelaprag,Exercise-mimetic/metabolic,apelin receptor,APLNR (APJ),Apelin receptor agonist,small molecule,mono,False,VERIFIED_ALIAS,high,https://www.caymanchem.com/product/44644/azelaprag,"BGE-105/AMG 986 is azelaprag, an APJ agonist.",False,VERIFIED_ALIAS,VERIFIED_ALIAS,Exercise-mimetic/metabolic,apelin receptor,True,False,False
NCT06515418,tirzepatide,"BioAge Labs, Inc.",INDUSTRY,Efficacy and Safety of Oral Azelaprag Plus Once Weekly Tirzepatide Compared with Tirzepatide Alone in Participants with Obesity Aged 55 Years and Over,PHASE2,TERMINATED,tirzepatide,tirzepatide,Incretin-based,GLP-1/GIP,GLP1R; GIPR,Dual GLP-1/GIP receptor agonist,peptide,dual,True,VERIFIED,high,https://pubmed.ncbi.nlm.nih.gov/41054801/,Dual incretin agonist.,False,VERIFIED,VERIFIED,Incretin-based,GLP-1/GIP,True,False,False
NCT06517797,s1b-509 high dose,"S1 Biopharma, Inc.",INDUSTRY,One-Year Study of S1B-509 vs Placebo for Weight Loss,PHASE2,NOT_YET_RECRUITING,,s1b-509 high dose,,,,,,,,UNMAPPED,,,,False,UNMAPPED,UNCLASSIFIED_LONG_TAIL,Unclassified long tail,Not individually reviewed,False,False,True
NCT06517797,s1b-509 low dose,"S1 Biopharma, Inc.",INDUSTRY,One-Year Study of S1B-509 vs Placebo for Weight Loss,PHASE2,NOT_YET_RECRUITING,,s1b-509 low dose,,,,,,,,UNMAPPED,,,,False,UNMAPPED,UNCLASSIFIED_LONG_TAIL,Unclassified long tail,Not individually reviewed,False,False,True
NCT06525935,enicepatide,"Carmot Therapeutics, Inc.",INDUSTRY,A Study of Enicepatide (CT-388) in Participants With Obesity or Overweight With at Least One Weight-Related Comorbidity,PHASE2,COMPLETED,enicepatide,enicepatide,Incretin-based,GLP-1/GIP,GLP1R; GIPR,Dual GLP-1/GIP receptor agonist,peptide,dual,True,VERIFIED,high,https://www.roche.com/media/releases/med-cor-2026-01-27,CT-388; once-weekly dual agonist.,False,VERIFIED,VERIFIED,Incretin-based,GLP-1/GIP,True,False,False
NCT06532578,cpx101,"Guangzhou Chia Tai Innovative Pharmaceutical Co., Ltd.",INDUSTRY,Evaluate the Safety and Efficacy of CPX101 in Overweight and Obese Subjects Without Diabetes Mellitus,PHASE2,COMPLETED,cpx101,cpx101,Undisclosed,undisclosed,,,biological,,,RESEARCH_REQUIRED,low,https://clinicaltrials.gov/study/NCT06532578,Clinical obesity programme verified; authoritative public molecular mechanism not yet identified.,False,RESEARCH_REQUIRED,UNRESOLVED_PUBLIC_INFO,Undisclosed / insufficient public information,Undisclosed,False,True,False
NCT06534320,da-302168s,"Chendu DIAO Pharmaceutical Group CO., LTD.",INDUSTRY,"Safety, Tolerability and Pharmacokinetic Characteristics Evaluation of DA-302168S Tablets",PHASE1,COMPLETED,da-302168s,da-302168s,Incretin-based,GLP-1,GLP1R,GLP-1 receptor agonist,small molecule,mono,True,VERIFIED,high,https://pubmed.ncbi.nlm.nih.gov/40257122/,Oral small-molecule GLP-1RA.,False,VERIFIED,VERIFIED,Incretin-based,GLP-1,True,False,False
NCT06534346,da-302168s,"Chendu DIAO Pharmaceutical Group CO., LTD.",INDUSTRY,The Food Effect on Pharmacokinetics of DA-302168S,PHASE1,COMPLETED,da-302168s,da-302168s,Incretin-based,GLP-1,GLP1R,GLP-1 receptor agonist,small molecule,mono,True,VERIFIED,high,https://pubmed.ncbi.nlm.nih.gov/40257122/,Oral small-molecule GLP-1RA.,False,VERIFIED,VERIFIED,Incretin-based,GLP-1,True,False,False
NCT06536023,mazdutide,Innovent Biologics (Suzhou) Co. Ltd.,INDUSTRY,This is a Study to Evaluate the Pharmacokinetics and Safety of IBI362 in Chinese Adolescents With Obesity,PHASE1,COMPLETED,mazdutide,mazdutide,Incretin-based,GLP-1/glucagon,GLP1R; GCGR,Dual GLP-1/glucagon receptor agonist,peptide,dual,True,VERIFIED,high,https://pubmed.ncbi.nlm.nih.gov/41054801/,Former development code IBI362/LY3305677.,False,VERIFIED,VERIFIED,Incretin-based,GLP-1/glucagon,True,False,False
NCT06541509,semaglutide,University Medical Centre Ljubljana,OTHER,Mechanisms of Semaglutide Therapy in Heart Failure Patients,PHASE1; PHASE2,UNKNOWN,semaglutide,semaglutide,Incretin-based,GLP-1,GLP1R,GLP-1 receptor agonist,peptide,mono,True,VERIFIED,high,https://pubmed.ncbi.nlm.nih.gov/41054801/,Long-acting GLP-1 analogue.,False,VERIFIED,VERIFIED,Incretin-based,GLP-1,True,False,False
NCT06541730,da-302168s,"Chendu DIAO Pharmaceutical Group CO., LTD.",INDUSTRY,A Study Evulating DA-302168S Tablets in Overweight/Obese Subjects,PHASE1,COMPLETED,da-302168s,da-302168s,Incretin-based,GLP-1,GLP1R,GLP-1 receptor agonist,small molecule,mono,True,VERIFIED,high,https://pubmed.ncbi.nlm.nih.gov/40257122/,Oral small-molecule GLP-1RA.,False,VERIFIED,VERIFIED,Incretin-based,GLP-1,True,False,False
NCT06542536,monlunabant,Novo Nordisk A/S,INDUSTRY,A Research Study Investigating Safety and Concentration in the Blood After One Dose Tablet of the New Medicine Monlunabant in Healthy Weight Japanese and Caucasian Men,PHASE1,COMPLETED,,monlunabant,,,,,,,,UNMAPPED,,,,False,UNMAPPED,UNCLASSIFIED_LONG_TAIL,Unclassified long tail,Not individually reviewed,False,False,True
NCT06545162,cpx101,"Guangzhou Chia Tai Innovative Pharmaceutical Co., Ltd.",INDUSTRY,"Safety, Tolerability, and Pharmacokinetics of a Single or Multiple Ascending Doses of CPX101",PHASE1,COMPLETED,cpx101,cpx101,Undisclosed,undisclosed,,,biological,,,RESEARCH_REQUIRED,low,https://clinicaltrials.gov/study/NCT06532578,Clinical obesity programme verified; authoritative public molecular mechanism not yet identified.,False,RESEARCH_REQUIRED,UNRESOLVED_PUBLIC_INFO,Undisclosed / insufficient public information,Undisclosed,False,True,False
NCT06546384,semaglutide,"Insel Gruppe AG, University Hospital Bern",OTHER,"GLP-1 RA on Alcohol Consumption, Metabolism and Liver Parameters in Patients With Obesity and Fatty Liver Disease",,NOT_YET_RECRUITING,semaglutide,semaglutide,Incretin-based,GLP-1,GLP1R,GLP-1 receptor agonist,peptide,mono,True,VERIFIED,high,https://pubmed.ncbi.nlm.nih.gov/41054801/,Long-acting GLP-1 analogue.,False,VERIFIED,VERIFIED,Incretin-based,GLP-1,True,False,False
NCT06547775,kn069,"Suzhou Alphamab Co., Ltd.",INDUSTRY,A Study to Evaluate Features of KN069 in Participants With Obesity or Overweight,PHASE1,RECRUITING,,kn069,,,,,,,,UNMAPPED,,,,False,UNMAPPED,UNCLASSIFIED_LONG_TAIL,Unclassified long tail,Not individually reviewed,False,False,True
NCT06548945,bofanglutide,"Gan and Lee Pharmaceuticals, USA",INDUSTRY,A Phase I Study of GZR18 Injection in Obese/Overweight Subjects,PHASE1,COMPLETED,bofanglutide,bofanglutide,Incretin-based,GLP-1,GLP1R,Long-acting GLP-1 receptor agonist,peptide,mono,True,VERIFIED,high,https://pubmed.ncbi.nlm.nih.gov/41054801/,GZR18; long-acting GLP-1 analogue.,False,VERIFIED,VERIFIED,Incretin-based,GLP-1,True,False,False
NCT06548997,bofanglutide,"Gan and Lee Pharmaceuticals, USA",INDUSTRY,A Phase I Study of GZR18 Injection in Healthy Subjects,PHASE1,COMPLETED,bofanglutide,bofanglutide,Incretin-based,GLP-1,GLP1R,Long-acting GLP-1 receptor agonist,peptide,mono,True,VERIFIED,high,https://pubmed.ncbi.nlm.nih.gov/41054801/,GZR18; long-acting GLP-1 analogue.,False,VERIFIED,VERIFIED,Incretin-based,GLP-1,True,False,False
NCT06557356,ly3532226,Eli Lilly and Company,INDUSTRY,A Study of LY3532226 in Participants With Obesity,PHASE1,COMPLETED,ly3532226,macupatide,Incretin-based,GIP,GIPR,Long-acting GIP receptor agonist,large-molecule biologic,mono,True,VERIFIED_ALIAS,high,https://www.lilly.com/science/research-development/pipeline,LY3532226 is macupatide.,False,VERIFIED_ALIAS,VERIFIED_ALIAS,Incretin-based,GIP,True,False,False
NCT06559527,zenagamtide,Novo Nordisk A/S,INDUSTRY,A Research Study Looking Into Blood Levels of the Medicine NNC0487-0111 in the Body and How Well it is Tolerated in Participants With Reduced Kidney Function and Normal Kidney Function,PHASE1,COMPLETED,zenagamtide,zenagamtide,Incretin + amylin,GLP-1/amylin,GLP1R; amylin receptors; CTR,"Unimolecular GLP-1, amylin and calcitonin receptor agonist",peptide,multi,True,VERIFIED,high,https://pubmed.ncbi.nlm.nih.gov/42532079/,Formerly amycretin; current name zenagamtide.,False,VERIFIED,VERIFIED,Incretin + amylin,GLP-1/amylin,True,False,False
NCT06564441,bupropion,Boehringer Ingelheim,INDUSTRY,"A Study to Test Whether BI 456906 (Survodutide) Influences the Amount of Bupropion, Caffeine and Midazolam in the Blood in People With Overweight or Obesity",PHASE1,COMPLETED,bupropion,bupropion,CNS/appetite,catecholaminergic,NET; DAT,Norepinephrine/dopamine reuptake inhibition,small molecule,,False,VERIFIED,high,,Repurposed CNS agent.,False,VERIFIED,VERIFIED,CNS/appetite,catecholaminergic,True,False,False
NCT06564441,survodutide,Boehringer Ingelheim,INDUSTRY,"A Study to Test Whether BI 456906 (Survodutide) Influences the Amount of Bupropion, Caffeine and Midazolam in the Blood in People With Overweight or Obesity",PHASE1,COMPLETED,survodutide,survodutide,Incretin-based,GLP-1/glucagon,GLP1R; GCGR,Dual GLP-1/glucagon receptor agonist,peptide,dual,True,VERIFIED,high,https://pubmed.ncbi.nlm.nih.gov/41054801/,Former development code BI 456906.,False,VERIFIED,VERIFIED,Incretin-based,GLP-1/glucagon,True,False,False
NCT06564753,na-931 dose 1 daily and orally,"Biomed Industries, Inc.",INDUSTRY,Phase 2 Trials of NA-931 to Study Subjects Who Are Obese With at Least One Weight-related Comorbid Condition,PHASE2,COMPLETED,,na-931 dose 1 daily and orally,,,,,,,,UNMAPPED,,,,False,UNMAPPED,UNCLASSIFIED_LONG_TAIL,Unclassified long tail,Not individually reviewed,False,False,True
NCT06564753,na-931 dose 3 daily and orally,"Biomed Industries, Inc.",INDUSTRY,Phase 2 Trials of NA-931 to Study Subjects Who Are Obese With at Least One Weight-related Comorbid Condition,PHASE2,COMPLETED,,na-931 dose 3 daily and orally,,,,,,,,UNMAPPED,,,,False,UNMAPPED,UNCLASSIFIED_LONG_TAIL,Unclassified long tail,Not individually reviewed,False,False,True
NCT06564753,na-931 dose 4 daily and orally,"Biomed Industries, Inc.",INDUSTRY,Phase 2 Trials of NA-931 to Study Subjects Who Are Obese With at Least One Weight-related Comorbid Condition,PHASE2,COMPLETED,,na-931 dose 4 daily and orally,,,,,,,,UNMAPPED,,,,False,UNMAPPED,UNCLASSIFIED_LONG_TAIL,Unclassified long tail,Not individually reviewed,False,False,True
NCT06564753,na-931 dose2 daily and orally,"Biomed Industries, Inc.",INDUSTRY,Phase 2 Trials of NA-931 to Study Subjects Who Are Obese With at Least One Weight-related Comorbid Condition,PHASE2,COMPLETED,,na-931 dose2 daily and orally,,,,,,,,UNMAPPED,,,,False,UNMAPPED,UNCLASSIFIED_LONG_TAIL,Unclassified long tail,Not individually reviewed,False,False,True
NCT06565611,bremelanotide,"Palatin Technologies, Inc",INDUSTRY,A Phase 2 Study Evaluating the Co-Administration of Bremelanotide With Tirzepatide for the Treatment of Obesity,PHASE2,ACTIVE_NOT_RECRUITING,bremelanotide,bremelanotide,Melanocortin,MC4R,MC4R,Melanocortin-4 receptor agonist,peptide,mono,False,VERIFIED,high,https://palatin.com/press_releases/palatin-initiates-phase-2-clinical-study-of-bremelanotide-for-the-treatment-of-obesity/,Studied as an adjunct to tirzepatide in obesity.,False,VERIFIED,VERIFIED,Melanocortin,MC4R,True,False,False
NCT06565611,tirzepatide,"Palatin Technologies, Inc",INDUSTRY,A Phase 2 Study Evaluating the Co-Administration of Bremelanotide With Tirzepatide for the Treatment of Obesity,PHASE2,ACTIVE_NOT_RECRUITING,tirzepatide,tirzepatide,Incretin-based,GLP-1/GIP,GLP1R; GIPR,Dual GLP-1/GIP receptor agonist,peptide,dual,True,VERIFIED,high,https://pubmed.ncbi.nlm.nih.gov/41054801/,Dual incretin agonist.,False,VERIFIED,VERIFIED,Incretin-based,GLP-1/GIP,True,False,False
NCT06567041,nnc0519-0130,Novo Nordisk A/S,INDUSTRY,A Research Study of How Safe a New Medicine Called NNC0519 0130 is and to Test Its Effect in People Living With Excess Body Weight With or Without Type 2 Diabetes,PHASE1,COMPLETED,nnc0519-0130,nnc0519-0130,Undisclosed,undisclosed,,,undisclosed,,,RESEARCH_REQUIRED,low,https://clinicaltrials.gov/study/NCT06567041,"Novo Nordisk publicly identifies it as an obesity medicine, but an authoritative public mechanism was not found.",False,RESEARCH_REQUIRED,UNRESOLVED_PUBLIC_INFO,Undisclosed / insufficient public information,Undisclosed,False,True,False
NCT06567327,danuglipron,Pfizer,INDUSTRY,A Study to Learn How the Study Medicine Danuglipron is Taken Up Into the Blood and If Danuglipron Changes How the Body Processes Other Study Medicines (Atorvastatin and Rosuvastatin) in Healthy Adults Who Are Overweight or Obese,PHASE1,COMPLETED,danuglipron,danuglipron,Incretin-based,GLP-1,GLP1R,GLP-1 receptor agonist,small molecule,mono,True,VERIFIED,high,https://pubmed.ncbi.nlm.nih.gov/41054801/,Oral nonpeptide GLP-1RA.,False,VERIFIED,VERIFIED,Incretin-based,GLP-1,True,False,False
NCT06568731,danuglipron,Pfizer,INDUSTRY,A Study to Learn How Different Amounts of the Study Medicine Danuglipron Are Taken up Into the Blood in Otherwise Healthy Adults With Overweight or Obesity,PHASE1,COMPLETED,danuglipron,danuglipron,Incretin-based,GLP-1,GLP1R,GLP-1 receptor agonist,small molecule,mono,True,VERIFIED,high,https://pubmed.ncbi.nlm.nih.gov/41054801/,Oral nonpeptide GLP-1RA.,False,VERIFIED,VERIFIED,Incretin-based,GLP-1,True,False,False
NCT06569355,vct220,"Vincentage Pharma Co., Ltd",INDUSTRY,A Study to Evaluate the Efficacy and Safety of VCT220 in Obesity Chinese Population,PHASE2,COMPLETED,vct220,vct220,Incretin-based,GLP-1,GLP1R,GLP-1 receptor agonist,small molecule,mono,True,VERIFIED,high,https://pubmed.ncbi.nlm.nih.gov/42595749/,Oral nonpeptide GLP-1RA.,False,VERIFIED,VERIFIED,Incretin-based,GLP-1,True,False,False
NCT06571383,semaglutide,Novo Nordisk A/S,INDUSTRY,STEP TEENS Weight Maintenance: A Research Study on How Well Semaglutide Helps Teenagers With Excess Body Weight to Lose Weight and Maintain Weight Loss,PHASE4,ACTIVE_NOT_RECRUITING,semaglutide,semaglutide,Incretin-based,GLP-1,GLP1R,GLP-1 receptor agonist,peptide,mono,True,VERIFIED,high,https://pubmed.ncbi.nlm.nih.gov/41054801/,Long-acting GLP-1 analogue.,False,VERIFIED,VERIFIED,Incretin-based,GLP-1,True,False,False
NCT06575738,semaglutide or tirzepatide,"University of Colorado, Denver",OTHER,Physiologic Response to Bariatric Surgery and the Impact of Adjunct Semaglutide in Adolescents,PHASE1,RECRUITING,semaglutide or tirzepatide,semaglutide or tirzepatide,Incretin-based,GLP-1-based mixed class,GLP1R; optionally GIPR,Registry class label covering either semaglutide or tirzepatide,peptide / mixed class label,mixed,True,VERIFIED,medium,,Do not collapse to a single molecule; retain as a mixed treatment-class label.,False,VERIFIED,VERIFIED,Incretin-based,GLP-1-based mixed class,True,False,False
NCT06577090,nimacimab,"Skye Bioscience, Inc.",INDUSTRY,Study to Evaluate the Effect on Obesity of QW Nimacimab and QW Nimacimab Co-administered With Semaglutide vs Placebo,PHASE2,ACTIVE_NOT_RECRUITING,,nimacimab,,,,,,,,UNMAPPED,,,,False,UNMAPPED,UNCLASSIFIED_LONG_TAIL,Unclassified long tail,Not individually reviewed,False,False,True
NCT06577090,semaglutide,"Skye Bioscience, Inc.",INDUSTRY,Study to Evaluate the Effect on Obesity of QW Nimacimab and QW Nimacimab Co-administered With Semaglutide vs Placebo,PHASE2,ACTIVE_NOT_RECRUITING,semaglutide,semaglutide,Incretin-based,GLP-1,GLP1R,GLP-1 receptor agonist,peptide,mono,True,VERIFIED,high,https://pubmed.ncbi.nlm.nih.gov/41054801/,Long-acting GLP-1 analogue.,False,VERIFIED,VERIFIED,Incretin-based,GLP-1,True,False,False
NCT06577766,nnc0638-0355,Novo Nordisk A/S,INDUSTRY,"A Research Study on How NNC0638-0355, a New Medicine, Works in People Living With Overweight or Obesity",PHASE1,ACTIVE_NOT_RECRUITING,,nnc0638-0355,,,,,,,,UNMAPPED,,,,False,UNMAPPED,UNCLASSIFIED_LONG_TAIL,Unclassified long tail,Not individually reviewed,False,False,True
NCT06579092,azd5004,AstraZeneca,INDUSTRY,Effects of AZD5004 in Adults Who Are Living With Obesity or Overweight With at Least 1 Weight-related Comorbidity,PHASE2,COMPLETED,azd5004,elecoglipron,Incretin-based,GLP-1,GLP1R,GLP-1 receptor agonist,small molecule,mono,True,VERIFIED_ALIAS,high,https://www.astrazeneca.com/our-therapy-areas/pipeline.html,AZD5004 (formerly ECC5004) is now named elecoglipron.,False,VERIFIED_ALIAS,VERIFIED_ALIAS,Incretin-based,GLP-1,True,False,False
NCT06584916,orforglipron,Eli Lilly and Company,INDUSTRY,A Study of Orforglipron for the Maintenance of Body Weight Reduction in Participants Who Have Obesity or Overweight With Weight-Related Comorbidities (ATTAIN-MAINTAIN),PHASE3,COMPLETED,orforglipron,orforglipron,Incretin-based,GLP-1,GLP1R,GLP-1 receptor agonist,small molecule,mono,True,VERIFIED,high,https://pubmed.ncbi.nlm.nih.gov/41054801/,Oral nonpeptide GLP-1RA.,False,VERIFIED,VERIFIED,Incretin-based,GLP-1,True,False,False
NCT06588283,tirzepatide,Eli Lilly and Company,INDUSTRY,Ixekizumab Concomitantly Administered With Tirzepatide in Adults With Moderate-to-Severe Plaque Psoriasis and Obesity or Overweight,PHASE3,COMPLETED,tirzepatide,tirzepatide,Incretin-based,GLP-1/GIP,GLP1R; GIPR,Dual GLP-1/GIP receptor agonist,peptide,dual,True,VERIFIED,high,https://pubmed.ncbi.nlm.nih.gov/41054801/,Dual incretin agonist.,False,VERIFIED,VERIFIED,Incretin-based,GLP-1/GIP,True,False,False
NCT06588296,tirzepatide,Eli Lilly and Company,INDUSTRY,Ixekizumab Concomitantly Administered With Tirzepatide in Adults With Psoriatic Arthritis and Obesity or Overweight,PHASE3,COMPLETED,tirzepatide,tirzepatide,Incretin-based,GLP-1/GIP,GLP1R; GIPR,Dual GLP-1/GIP receptor agonist,peptide,dual,True,VERIFIED,high,https://pubmed.ncbi.nlm.nih.gov/41054801/,Dual incretin agonist.,False,VERIFIED,VERIFIED,Incretin-based,GLP-1/GIP,True,False,False
NCT06595238,azd6234,AstraZeneca,INDUSTRY,A Study in Participants With Obesity or Overweight With at Least One Weight-related Comorbidity,PHASE2,COMPLETED,azd6234,azd6234,Amylin-based,amylin,amylin receptors,Selective amylin receptor agonist,peptide,multi,False,VERIFIED,high,https://www.astrazeneca.com/media-centre/press-releases/2026/astrazeneca-agrees-obesity-and-t2d-deal-with-cspc.html,Weekly injectable selective amylin receptor agonist (SARA).,False,VERIFIED,VERIFIED,Amylin-based,amylin,True,False,False
NCT06595797,ribupatide,"Fujian Shengdi Pharmaceutical Co., Ltd.",INDUSTRY,"A Multicenter, Randomized, Double-blind, Placebo-parallel-controlled Phase II Clinical Study Evaluating the Efficacy and Safety of HRS9531 Injection in Obese Subjects With Polycystic Ovary Syndrome",PHASE2,UNKNOWN,ribupatide,ribupatide,Incretin-based,GLP-1/GIP,GLP1R; GIPR,Dual GLP-1/GIP receptor agonist,peptide,dual,True,VERIFIED,high,https://www.hengrui.com/en/media/detail-991.html,HRS9531/KAI-9531; injectable and oral formulations in development.,False,VERIFIED,VERIFIED,Incretin-based,GLP-1/GIP,True,False,False
NCT06596135,setmelanotide,"Rhythm Pharmaceuticals, Inc.",INDUSTRY,Open-Label Extension Study of Setmelanotide,PHASE3,COMPLETED,setmelanotide,setmelanotide,Melanocortin,MC4R,MC4R,Melanocortin-4 receptor agonist,peptide,mono,False,VERIFIED,high,https://www.accessdata.fda.gov/drugsatfda_docs/label/2026/213793s009lbl.pdf,Cyclic peptide MC4R agonist used in genetic/syndromic obesity.,False,VERIFIED,VERIFIED,Melanocortin,MC4R,True,False,False
NCT06600581,imm01-stem,"Immunis, Inc.",INDUSTRY,Safety and Efficacy of IMM01-STEM Against Placebo on Muscle Performance in Seniors With Obesity and Muscle Weakness,PHASE2,ACTIVE_NOT_RECRUITING,,imm01-stem,,,,,,,,UNMAPPED,,,,False,UNMAPPED,UNCLASSIFIED_LONG_TAIL,Unclassified long tail,Not individually reviewed,False,False,True
NCT06601517,hdm1002,"Hangzhou Zhongmei Huadong Pharmaceutical Co., Ltd.",INDUSTRY,"A Drug-Drug Interaction (DDI) Study of HDM1002 With Repaglinide, Atorvastatin, Digoxin and Rosuvastatin in Healthy Subjects and Overweight Subjects.",PHASE1,NOT_YET_RECRUITING,hdm1002,hdm1002,Incretin-based,GLP-1,GLP1R,Potent selective GLP-1 receptor full agonist with cAMP-biased signalling,small molecule,mono,True,VERIFIED,high,https://pubmed.ncbi.nlm.nih.gov/41803652/,Oral small-molecule GLP-1RA.,False,VERIFIED,VERIFIED,Incretin-based,GLP-1,True,False,False
NCT06601517,repaglinide,"Hangzhou Zhongmei Huadong Pharmaceutical Co., Ltd.",INDUSTRY,"A Drug-Drug Interaction (DDI) Study of HDM1002 With Repaglinide, Atorvastatin, Digoxin and Rosuvastatin in Healthy Subjects and Overweight Subjects.",PHASE1,NOT_YET_RECRUITING,,repaglinide,,,,,,,,UNMAPPED,,,,False,UNMAPPED,UNCLASSIFIED_LONG_TAIL,Unclassified long tail,Not individually reviewed,False,False,True
NCT06603571,eloralintide,Eli Lilly and Company,INDUSTRY,"A Study to Investigate Weight Management With LY3841136 and Tirzepatide (LY3298176), Alone or in Combination, in Adult Participants With Obesity or Overweight With Type 2 Diabetes",PHASE2,ACTIVE_NOT_RECRUITING,eloralintide,eloralintide,Amylin-based,amylin,AMY1R (preferential); AMY3R; CTR,"Selective amylin receptor agonist, preferential for AMY1R",peptide,multi,False,VERIFIED,high,https://pubmed.ncbi.nlm.nih.gov/41109426/,Long-acting amylin analogue with preferential human AMY1R activation.,False,VERIFIED,VERIFIED,Amylin-based,amylin,True,False,False
NCT06603571,tirzepatide,Eli Lilly and Company,INDUSTRY,"A Study to Investigate Weight Management With LY3841136 and Tirzepatide (LY3298176), Alone or in Combination, in Adult Participants With Obesity or Overweight With Type 2 Diabetes",PHASE2,ACTIVE_NOT_RECRUITING,tirzepatide,tirzepatide,Incretin-based,GLP-1/GIP,GLP1R; GIPR,Dual GLP-1/GIP receptor agonist,peptide,dual,True,VERIFIED,high,https://pubmed.ncbi.nlm.nih.gov/41054801/,Dual incretin agonist.,False,VERIFIED,VERIFIED,Incretin-based,GLP-1/GIP,True,False,False
NCT06605703,naltrexone + bupropion,WW International Inc,INDUSTRY,A Randomized Controlled Trial Comparing the Effectiveness of Different Treatment Options for Weight Management After Discontinuation of Semaglutide and Tirzepatide (GLP1 Transition Trial),PHASE4,COMPLETED,naltrexone + bupropion,naltrexone + bupropion,CNS/appetite,opioid + catecholamine,OPRM1; NET/DAT pathways,Opioid receptor antagonism plus noradrenergic/dopaminergic appetite modulation,small-molecule combination,,False,VERIFIED,high,,Approved anti-obesity combination; established pharmacology.,False,VERIFIED,VERIFIED,CNS/appetite,opioid + catecholamine,True,False,False
NCT06605703,naltrexone + bupropion + metformin,WW International Inc,INDUSTRY,A Randomized Controlled Trial Comparing the Effectiveness of Different Treatment Options for Weight Management After Discontinuation of Semaglutide and Tirzepatide (GLP1 Transition Trial),PHASE4,COMPLETED,,naltrexone + bupropion + metformin,,,,,,,,UNMAPPED,,,,False,UNMAPPED,UNCLASSIFIED_LONG_TAIL,Unclassified long tail,Not individually reviewed,False,False,True
NCT06606106,ly3537031,Eli Lilly and Company,INDUSTRY,"A Study of LY3537031 in Overweight, Obese, and Healthy Participants",PHASE1,ACTIVE_NOT_RECRUITING,,ly3537031,,,,,,,,UNMAPPED,,,,False,UNMAPPED,UNCLASSIFIED_LONG_TAIL,Unclassified long tail,Not individually reviewed,False,False,True
NCT06606483,mdr-001,MindRank AI Ltd,INDUSTRY,A Study to Evaluate the Efficacy and Safety of MDR-001 in Subjects Who Are Obesity or Overweight,PHASE2,NOT_YET_RECRUITING,mdr-001,mdr-001,Incretin-based,GLP-1,GLP1R,Biased selective GLP-1 receptor agonist,small molecule,mono,True,VERIFIED,high,https://www.mindrank.ai/en/news/detail/155,AI-designed oral small-molecule GLP-1RA.,False,VERIFIED,VERIFIED,Incretin-based,GLP-1,True,False,False
NCT06606821,tirzepatide,Tina Vilsbøll,OTHER,The Effects of Tirzepatide in People With Overweight/Obesity and Coronary Artery Disease,PHASE4,RECRUITING,tirzepatide,tirzepatide,Incretin-based,GLP-1/GIP,GLP1R; GIPR,Dual GLP-1/GIP receptor agonist,peptide,dual,True,VERIFIED,high,https://pubmed.ncbi.nlm.nih.gov/41054801/,Dual incretin agonist.,False,VERIFIED,VERIFIED,Incretin-based,GLP-1/GIP,True,False,False
NCT06611930,ck-0045,Cytoki Pharma,INDUSTRY,CK-0045 Proof-of-concept Study in Participants With Overweight / Obesity and Type 2 Diabetes,PHASE2,TERMINATED,ck-0045,CK-0045,Cytokine/metabolic,IL-22 receptor,IL22RA1; IL10RB,Long-acting IL-22 receptor agonism,lipidated cytokine/peptide biologic,mono,False,VERIFIED,high,https://diabetesjournals.org/diabetes/article/74/Supplement_1/851-P/159924/,Long-acting lipidated IL-22 receptor agonist studied in adults with obesity.,False,VERIFIED,VERIFIED,Cytokine/metabolic,IL-22 receptor,True,False,False
NCT06615700,na-931,"Biomed Industries, Inc.",INDUSTRY,"Phase 1 to Study Safety, Tolerability, Pharmacokinetics, and Pharmacodynamics of NA-931 in Obese Participants and Patients With Type 2 Diabetes Mellitus",PHASE1,COMPLETED,na-931,NA-931,Incretin + growth-factor,IGF-1/GLP-1/GIP/glucagon,IGF1R pathway; GLP1R; GIPR; GCGR,"Quadruple IGF-1, GLP-1, GIP and glucagon pathway agonism",multi-agonist biologic,quadruple,True,VERIFIED,high,https://diabetesjournals.org/diabetes/article/74/Supplement_1/143-OR/159475,Quadruple agonist designed to reduce weight while preserving muscle.,False,VERIFIED,VERIFIED,Incretin + growth-factor,IGF-1/GLP-1/GIP/glucagon,True,False,False
NCT06616961,semaglutide,Popular Medical College Hospital,OTHER,Efficacy and Safety of Semaglutide for Weight Loss in Overweight or Obese Adults in Bangladesh With or Without Type 2 Diabetes Mellitus,PHASE3,NOT_YET_RECRUITING,semaglutide,semaglutide,Incretin-based,GLP-1,GLP1R,GLP-1 receptor agonist,peptide,mono,True,VERIFIED,high,https://pubmed.ncbi.nlm.nih.gov/41054801/,Long-acting GLP-1 analogue.,False,VERIFIED,VERIFIED,Incretin-based,GLP-1,True,False,False
NCT06619015,pramlintide acetate,Esbjerg Hospital - University Hospital of Southern Denmark,OTHER,Tailoring Obesity Treatment Trial,PHASE2; PHASE3,WITHDRAWN,,pramlintide acetate,,,,,,,,UNMAPPED,,,,False,UNMAPPED,UNCLASSIFIED_LONG_TAIL,Unclassified long tail,Not individually reviewed,False,False,True
NCT06619015,semaglutide,Esbjerg Hospital - University Hospital of Southern Denmark,OTHER,Tailoring Obesity Treatment Trial,PHASE2; PHASE3,WITHDRAWN,semaglutide,semaglutide,Incretin-based,GLP-1,GLP1R,GLP-1 receptor agonist,peptide,mono,True,VERIFIED,high,https://pubmed.ncbi.nlm.nih.gov/41054801/,Long-acting GLP-1 analogue.,False,VERIFIED,VERIFIED,Incretin-based,GLP-1,True,False,False
NCT06620562,naltrexone + bupropion,Laval University,OTHER,Improving Efficacity of Sleeve Gastrectomy With Naltrexone/Bupropion Extended-release Tablet,PHASE4,RECRUITING,naltrexone + bupropion,naltrexone + bupropion,CNS/appetite,opioid + catecholamine,OPRM1; NET/DAT pathways,Opioid receptor antagonism plus noradrenergic/dopaminergic appetite modulation,small-molecule combination,,False,VERIFIED,high,,Approved anti-obesity combination; established pharmacology.,False,VERIFIED,VERIFIED,CNS/appetite,opioid + catecholamine,True,False,False
NCT06621017,rose-010,Rose Pharma Inc,INDUSTRY,Effect of GLP-1 Analogue ROSE-010 on Appetite in Overweight and Obese Subjects,PHASE2,COMPLETED,,rose-010,,,,,,,,UNMAPPED,,,,False,UNMAPPED,UNCLASSIFIED_LONG_TAIL,Unclassified long tail,Not individually reviewed,False,False,True
NCT06621316,hrs-7535,"Shandong Suncadia Medicine Co., Ltd.",INDUSTRY,A Study of Safety and Tolerability of Multiple Doses of HRS-7535 in Obese Subjects,PHASE1; PHASE2,COMPLETED,hrs-7535,hrs-7535,Incretin-based,GLP-1,GLP1R,GLP-1 receptor agonist,small molecule,mono,True,VERIFIED,high,https://www.hengrui.com/en/media/detail-1030.html,Oral small-molecule GLP-1RA.,False,VERIFIED,VERIFIED,Incretin-based,GLP-1,True,False,False
NCT06628362,enicepatide,"Carmot Therapeutics, Inc.",INDUSTRY,A Study of Enicepatide (CT-388) in Participants Who Are Overweight or Obese With Type 2 Diabetes Mellitus,PHASE2,ACTIVE_NOT_RECRUITING,enicepatide,enicepatide,Incretin-based,GLP-1/GIP,GLP1R; GIPR,Dual GLP-1/GIP receptor agonist,peptide,dual,True,VERIFIED,high,https://www.roche.com/media/releases/med-cor-2026-01-27,CT-388; once-weekly dual agonist.,False,VERIFIED,VERIFIED,Incretin-based,GLP-1/GIP,True,False,False
NCT06633783,semaglutide,"Hangzhou Jiuyuan Gene Engineering Co. Ltd.,",INDUSTRY,A Phase III Study Comparing the Weight Loss Effects of Semaglutide Injection and Wegovy®,PHASE3,NOT_YET_RECRUITING,semaglutide,semaglutide,Incretin-based,GLP-1,GLP1R,GLP-1 receptor agonist,peptide,mono,True,VERIFIED,high,https://pubmed.ncbi.nlm.nih.gov/41054801/,Long-acting GLP-1 analogue.,False,VERIFIED,VERIFIED,Incretin-based,GLP-1,True,False,False
NCT06637020,poterepatide,"Hangzhou Zhongmei Huadong Pharmaceutical Co., Ltd.",INDUSTRY,Phase Ib Clinical Study of HDM1005 Injection,PHASE1,COMPLETED,poterepatide,poterepatide,Incretin-based,GLP-1/GIP,GLP1R; GIPR,Dual GLP-1/GIP receptor agonist,peptide,dual,True,VERIFIED,high,https://pubmed.ncbi.nlm.nih.gov/42125916/,HDM1005.,False,VERIFIED,VERIFIED,Incretin-based,GLP-1/GIP,True,False,False
NCT06640647,poterepatide,"Hangzhou Zhongmei Huadong Pharmaceutical Co., Ltd.",INDUSTRY,Phase Ia Clinical Study of HDM1005 Injection,PHASE1,COMPLETED,poterepatide,poterepatide,Incretin-based,GLP-1/GIP,GLP1R; GIPR,Dual GLP-1/GIP receptor agonist,peptide,dual,True,VERIFIED,high,https://pubmed.ncbi.nlm.nih.gov/42125916/,HDM1005.,False,VERIFIED,VERIFIED,Incretin-based,GLP-1/GIP,True,False,False
NCT06642571,nnc0519-0130 b,Novo Nordisk A/S,INDUSTRY,A Research Study to Compare How Much of the Medicine NNC0519-0130 is in the Blood of People With Overweight or Obesity Who Receive 2 Preparations of the Medicine,PHASE1,COMPLETED,,nnc0519-0130 b,,,,,,,,UNMAPPED,,,,False,UNMAPPED,UNCLASSIFIED_LONG_TAIL,Unclassified long tail,Not individually reviewed,False,False,True
NCT06642571,nnc0519-0130 c,Novo Nordisk A/S,INDUSTRY,A Research Study to Compare How Much of the Medicine NNC0519-0130 is in the Blood of People With Overweight or Obesity Who Receive 2 Preparations of the Medicine,PHASE1,COMPLETED,,nnc0519-0130 c,,,,,,,,UNMAPPED,,,,False,UNMAPPED,UNCLASSIFIED_LONG_TAIL,Unclassified long tail,Not individually reviewed,False,False,True
NCT06643728,bimagrumab,Eli Lilly and Company,INDUSTRY,"A Study to Investigate Weight Management With Bimagrumab (LY3985863) and Tirzepatide (LY3298176), Alone or in Combination, in Adults With Obesity or Overweight",PHASE2,ACTIVE_NOT_RECRUITING,bimagrumab,bimagrumab,Lean-mass preservation,activin receptor blockade,ActRIIA; ActRIIB,Activin type II receptor-blocking antibody,monoclonal antibody,,False,VERIFIED,high,https://www.nature.com/articles/s41591-026-04204-0,Promotes muscle growth/lean-mass preservation and fat-mass reduction.,False,VERIFIED,VERIFIED,Lean-mass preservation,activin receptor blockade,True,False,False
NCT06643728,tirzepatide,Eli Lilly and Company,INDUSTRY,"A Study to Investigate Weight Management With Bimagrumab (LY3985863) and Tirzepatide (LY3298176), Alone or in Combination, in Adults With Obesity or Overweight",PHASE2,ACTIVE_NOT_RECRUITING,tirzepatide,tirzepatide,Incretin-based,GLP-1/GIP,GLP1R; GIPR,Dual GLP-1/GIP receptor agonist,peptide,dual,True,VERIFIED,high,https://pubmed.ncbi.nlm.nih.gov/41054801/,Dual incretin agonist.,False,VERIFIED,VERIFIED,Incretin-based,GLP-1/GIP,True,False,False
NCT06649045,orforglipron,Eli Lilly and Company,INDUSTRY,A Master Protocol for Orforglipron in Participants With Obstructive Sleep Apnea and Obesity or Overweight,PHASE3,ACTIVE_NOT_RECRUITING,orforglipron,orforglipron,Incretin-based,GLP-1,GLP1R,GLP-1 receptor agonist,small molecule,mono,True,VERIFIED,high,https://pubmed.ncbi.nlm.nih.gov/41054801/,Oral nonpeptide GLP-1RA.,False,VERIFIED,VERIFIED,Incretin-based,GLP-1,True,False,False
NCT06662383,retatrutide,Eli Lilly and Company,INDUSTRY,A Study of Retatrutide (LY3437943) Compared to Tirzepatide (LY3298176) in Adults Who Have Obesity,PHASE3,ACTIVE_NOT_RECRUITING,retatrutide,retatrutide,Incretin-based,GLP-1/GIP/glucagon,GLP1R; GIPR; GCGR,Triple GLP-1/GIP/glucagon receptor agonist,peptide,triple,True,VERIFIED,high,https://pubmed.ncbi.nlm.nih.gov/41054801/,Triple incretin/glucagon agonist.,False,VERIFIED,VERIFIED,Incretin-based,GLP-1/GIP/glucagon,True,False,False
NCT06662383,tirzepatide,Eli Lilly and Company,INDUSTRY,A Study of Retatrutide (LY3437943) Compared to Tirzepatide (LY3298176) in Adults Who Have Obesity,PHASE3,ACTIVE_NOT_RECRUITING,tirzepatide,tirzepatide,Incretin-based,GLP-1/GIP,GLP1R; GIPR,Dual GLP-1/GIP receptor agonist,peptide,dual,True,VERIFIED,high,https://pubmed.ncbi.nlm.nih.gov/41054801/,Dual incretin agonist.,False,VERIFIED,VERIFIED,Incretin-based,GLP-1/GIP,True,False,False
NCT06662539,petrelintide,Zealand Pharma,INDUSTRY,Once-weekly Petrelintide Versus Placebo for Obesity or Overweight With Co-morbidities,PHASE2,COMPLETED,petrelintide,petrelintide,Amylin-based,amylin,amylin receptors; CTR,Long-acting human amylin analogue,peptide,multi,False,VERIFIED,high,https://pubmed.ncbi.nlm.nih.gov/41217931/,Long-acting amylin analogue.,False,VERIFIED,VERIFIED,Amylin-based,amylin,True,False,False
NCT06672549,orforglipron,Eli Lilly and Company,INDUSTRY,A Platform Trial for Pediatric Participants With Obesity or Overweight (LY900040),PHASE3,RECRUITING,orforglipron,orforglipron,Incretin-based,GLP-1,GLP1R,GLP-1 receptor agonist,small molecule,mono,True,VERIFIED,high,https://pubmed.ncbi.nlm.nih.gov/41054801/,Oral nonpeptide GLP-1RA.,False,VERIFIED,VERIFIED,Incretin-based,GLP-1,True,False,False
NCT06672939,orforglipron,Eli Lilly and Company,INDUSTRY,"A Study of Orforglipron (LY3502970) in Adolescent Participants With Obesity, or Overweight With Related Comorbidities",PHASE3,RECRUITING,orforglipron,orforglipron,Incretin-based,GLP-1,GLP1R,GLP-1 receptor agonist,small molecule,mono,True,VERIFIED,high,https://pubmed.ncbi.nlm.nih.gov/41054801/,Oral nonpeptide GLP-1RA.,False,VERIFIED,VERIFIED,Incretin-based,GLP-1,True,False,False
NCT06683508,naperiglipron,Eli Lilly and Company,INDUSTRY,A Study to Investigate Weight Management With LY3549492 Compared With Placebo in Adult Participants With Obesity or Overweight,PHASE2,COMPLETED,naperiglipron,naperiglipron,Incretin-based,GLP-1,GLP1R,GLP-1 receptor agonist,small molecule,mono,True,VERIFIED,high,https://www.lilly.com/science/research-development/pipeline,LY3549492; Lilly oral small-molecule GLP-1RA.,False,VERIFIED,VERIFIED,Incretin-based,GLP-1,True,False,False
NCT06693843,aleniglipron,"Gasherbrum Bio, Inc., a wholly owned subsidiary of Structure Therapeutics",INDUSTRY,"A Phase 2b, Dose-range Finding Study of the Efficacy and Safety of Multiple Doses of Aleniglipron (GSBR-1290) in Participants Living With Obesity or Overweight With at Least One Weight-related Comorbidity",PHASE2,COMPLETED,aleniglipron,aleniglipron,Incretin-based,GLP-1,GLP1R,Biased GLP-1 receptor agonist,small molecule,mono,True,VERIFIED,high,https://ir.structuretx.com/news-releases/news-release-details/structure-therapeutics-reports-positive-topline-data-phase-2,GSBR-1290; oral nonpeptide small-molecule GLP-1RA.,False,VERIFIED,VERIFIED,Incretin-based,GLP-1,True,False,False
NCT06700538,aro-inhbe,Arrowhead Pharmaceuticals,INDUSTRY,A First-In-Human Study of ARO-INHBE in Adults With Obesity With and Without Type 2 Diabetes Mellitus,PHASE1; PHASE2,RECRUITING,aro-inhbe,ARO-INHBE,Adipose signalling/RNAi,INHBE/activin E,INHBE,Hepatocyte-targeted RNA interference reduces INHBE/activin E,siRNA,,False,VERIFIED,high,https://ir.arrowheadpharma.com/news-releases/news-release-details/arrowhead-pharmaceuticals-announces-interim-clinical-data-rnai,RNAi targeting hepatic INHBE/activin E.,False,VERIFIED,VERIFIED,Adipose signalling/RNAi,INHBE/activin E,True,False,False
NCT06700538,tirzepatide,Arrowhead Pharmaceuticals,INDUSTRY,A First-In-Human Study of ARO-INHBE in Adults With Obesity With and Without Type 2 Diabetes Mellitus,PHASE1; PHASE2,RECRUITING,tirzepatide,tirzepatide,Incretin-based,GLP-1/GIP,GLP1R; GIPR,Dual GLP-1/GIP receptor agonist,peptide,dual,True,VERIFIED,high,https://pubmed.ncbi.nlm.nih.gov/41054801/,Dual incretin agonist.,False,VERIFIED,VERIFIED,Incretin-based,GLP-1/GIP,True,False,False
NCT06703021,aleniglipron,"Gasherbrum Bio, Inc., a wholly owned subsidiary of Structure Therapeutics",INDUSTRY,A Dose-Range Study of Aleniglipron (GSBR-1290) in Participants Living With Obesity or Overweight With at Least One Weight-related Comorbidity,PHASE2,COMPLETED,aleniglipron,aleniglipron,Incretin-based,GLP-1,GLP1R,Biased GLP-1 receptor agonist,small molecule,mono,True,VERIFIED,high,https://ir.structuretx.com/news-releases/news-release-details/structure-therapeutics-reports-positive-topline-data-phase-2,GSBR-1290; oral nonpeptide small-molecule GLP-1RA.,False,VERIFIED,VERIFIED,Incretin-based,GLP-1,True,False,False
NCT06704581,bgm0504,BrightGene New Bio-Medical Technology(Wuxi) Co.Ltd.,INDUSTRY,A Study of BGM0504 Injection in Participants with Obesity or Overweight,PHASE3,RECRUITING,bgm0504,bgm0504,Incretin-based,GLP-1/GIP,GLP1R; GIPR,Dual GLP-1/GIP receptor agonist,peptide,dual,True,VERIFIED,high,https://pubmed.ncbi.nlm.nih.gov/39840511/,Optimised dual agonist peptide.,False,VERIFIED,VERIFIED,Incretin-based,GLP-1/GIP,True,False,False
NCT06704581,bgm0504 administered subcutaneously sc once a week,BrightGene New Bio-Medical Technology(Wuxi) Co.Ltd.,INDUSTRY,A Study of BGM0504 Injection in Participants with Obesity or Overweight,PHASE3,RECRUITING,bgm0504 administered subcutaneously sc once a week,bgm0504,Incretin-based,GLP-1/GIP,GLP1R; GIPR,Dual GLP-1/GIP receptor agonist,peptide,dual,True,VERIFIED_ALIAS,high,,Formulation/device label; collapse to BGM0504.,False,VERIFIED_ALIAS,VERIFIED_ALIAS,Incretin-based,GLP-1/GIP,True,False,False
NCT06712615,pg-102,"ProGen. Co., Ltd.",OTHER,Phase II Study of PG-102(MG12) Compared With Placebo in Obesity and Type 2 Diabetes,PHASE2,ACTIVE_NOT_RECRUITING,pg-102,PG-102,Incretin-based,GLP-1/GLP-2,GLP1R; GLP2R,Bispecific dual GLP-1/GLP-2 receptor agonist,Fc-fusion protein,dual,True,VERIFIED,high,https://pubmed.ncbi.nlm.nih.gov/41876542/,Bispecific Fc fusion protein.,False,VERIFIED,VERIFIED,Incretin-based,GLP-1/GLP-2,True,False,False
NCT06712836,berobenatide,Pfizer,INDUSTRY,A Phase 2b Study to Examine the Safety and Efficacy of Once-Weekly MET097 in Adults With Obesity or Overweight,PHASE2,COMPLETED,berobenatide,berobenatide,Incretin-based,GLP-1,GLP1R,Long-acting biased GLP-1 receptor agonist,peptide,mono,True,VERIFIED,high,https://www.pfizer.com/news/press-release/press-release-detail/robust-phase-2b-efficacy-and-favorable-tolerability-support,PF-08653944/MET-097i; ultra-long acting peptide.,False,VERIFIED,VERIFIED,Incretin-based,GLP-1,True,False,False
NCT06714825,hs235,35Pharma Inc,INDUSTRY,"Study of HS235 for Assessing the Pharmacokinetics, Safety, and Pharmacodynamics in Overweight/Obese Healthy Subjects",PHASE1,COMPLETED,hs235,HS235,Lean-mass preservation,activin/GDF ligand trap,activin/GDF ligands in ActRII signalling,Selective ligand trapping of activins and GDFs controlling body composition,Fc-fusion ligand trap,,False,VERIFIED,high,https://diabetesjournals.org/diabetes/article/73/Supplement_1/298-OR/155362/,Precision-engineered activin/GDF ligand trap designed to preserve/increase lean mass during weight loss.,False,VERIFIED,VERIFIED,Lean-mass preservation,activin/GDF ligand trap,True,False,False
NCT06714955,experimental bgm0504 10 milligrams mg bgm0504 administered subcutaneously sc once a week,"BrightGene Bio-Medical Technology Co., Ltd.",INDUSTRY,"Evaluate the Pharmacokinetics, Pharmacodynamics, Safety and Tolerability of BGM0504 Injection in Non-diabetic Overweight or Obese Adult Subjects",PHASE1,COMPLETED,experimental bgm0504 10 milligrams mg bgm0504 administered subcutaneously sc once a week,bgm0504,Incretin-based,GLP-1/GIP,GLP1R; GIPR,Dual GLP-1/GIP receptor agonism,peptide,dual,True,VERIFIED_ALIAS,high,,Registry arm/dose wording; collapse to BGM0504.,False,VERIFIED_ALIAS,VERIFIED_ALIAS,Incretin-based,GLP-1/GIP,True,False,False
NCT06714955,experimental bgm0504 bgm0504 administered sc once a week,"BrightGene Bio-Medical Technology Co., Ltd.",INDUSTRY,"Evaluate the Pharmacokinetics, Pharmacodynamics, Safety and Tolerability of BGM0504 Injection in Non-diabetic Overweight or Obese Adult Subjects",PHASE1,COMPLETED,experimental bgm0504 bgm0504 administered sc once a week,bgm0504,Incretin-based,GLP-1/GIP,GLP1R; GIPR,Dual GLP-1/GIP receptor agonism,peptide,dual,True,VERIFIED_ALIAS,high,,Registry arm/dose wording; collapse to BGM0504.,False,VERIFIED_ALIAS,VERIFIED_ALIAS,Incretin-based,GLP-1/GIP,True,False,False
NCT06716307,cagrilintide + semaglutide,Novo Nordisk A/S,INDUSTRY,A Research Study to Compare Blood Levels of Cagrilintide and Semaglutide After Single Doses of Different Versions of Injectable CagriSema in Adults With Overweight or Obesity,PHASE1,COMPLETED,cagrilintide + semaglutide,cagrilintide + semaglutide,Incretin + amylin,amylin + GLP-1 combination,AMY1R/AMY2R/AMY3R; CTR; GLP1R,Combination of amylin-receptor agonism and GLP-1 receptor agonism,peptide combination,combination,True,VERIFIED,high,https://pubmed.ncbi.nlm.nih.gov/41054801/,CagriSema.,False,VERIFIED,VERIFIED,Incretin + amylin,amylin + GLP-1 combination,True,False,False
NCT06717425,pf-07976016,Pfizer,INDUSTRY,A Study to Learn About the Study Medicine Called PF-07976016 in Adults With Obesity,PHASE2,COMPLETED,pf-07976016,PF-07976016,Undisclosed,undisclosed,,,undisclosed,,,RESEARCH_REQUIRED,low,https://clinical-trials-search.canada.ca/en/clinical-trial/289886-overweightobesity,"Pfizer identifies this as an obesity/weight-loss asset, but an authoritative public mechanism was not found.",False,RESEARCH_REQUIRED,UNRESOLVED_PUBLIC_INFO,Undisclosed / insufficient public information,Undisclosed,False,True,False
NCT06718998,nnc0519-0130,Novo Nordisk A/S,INDUSTRY,A Research Study Comparing Different Ways of Increasing the Dose of NNC0519-0130 in Participants With Overweight or Obesity,PHASE1,COMPLETED,nnc0519-0130,nnc0519-0130,Undisclosed,undisclosed,,,undisclosed,,,RESEARCH_REQUIRED,low,https://clinicaltrials.gov/study/NCT06567041,"Novo Nordisk publicly identifies it as an obesity medicine, but an authoritative public mechanism was not found.",False,RESEARCH_REQUIRED,UNRESOLVED_PUBLIC_INFO,Undisclosed / insufficient public information,Undisclosed,False,True,False
NCT06719011,nnc0174-1213 a,Novo Nordisk A/S,INDUSTRY,A Study on How NNC0174-1213 Works in People With Overweight or Obesity.,PHASE1,COMPLETED,,nnc0174-1213 a,,,,,,,,UNMAPPED,,,,False,UNMAPPED,UNCLASSIFIED_LONG_TAIL,Unclassified long tail,Not individually reviewed,False,False,True
NCT06721507,tirzepatide,Marlene Starr,OTHER,2024 Tirzepatide-Bariatric Surgery,PHASE4,RECRUITING,tirzepatide,tirzepatide,Incretin-based,GLP-1/GIP,GLP1R; GIPR,Dual GLP-1/GIP receptor agonist,peptide,dual,True,VERIFIED,high,https://pubmed.ncbi.nlm.nih.gov/41054801/,Dual incretin agonist.,False,VERIFIED,VERIFIED,Incretin-based,GLP-1/GIP,True,False,False
NCT06728124,bofanglutide,Gan & Lee Pharmaceuticals.,INDUSTRY,A Phase III Clinical Study to Evaluate the Efficacy and Safety of GZR18 Injection in Adult Obese/Overweight Subjects,PHASE3,ACTIVE_NOT_RECRUITING,bofanglutide,bofanglutide,Incretin-based,GLP-1,GLP1R,Long-acting GLP-1 receptor agonist,peptide,mono,True,VERIFIED,high,https://pubmed.ncbi.nlm.nih.gov/41054801/,GZR18; long-acting GLP-1 analogue.,False,VERIFIED,VERIFIED,Incretin-based,GLP-1,True,False,False
NCT06732245,na-931,"Biomed Industries, Inc.",INDUSTRY,Safety and Efficacy of NA-931 and Tirzepatide in Adults Who Are Overweight or Obese,PHASE2,NOT_YET_RECRUITING,na-931,NA-931,Incretin + growth-factor,IGF-1/GLP-1/GIP/glucagon,IGF1R pathway; GLP1R; GIPR; GCGR,"Quadruple IGF-1, GLP-1, GIP and glucagon pathway agonism",multi-agonist biologic,quadruple,True,VERIFIED,high,https://diabetesjournals.org/diabetes/article/74/Supplement_1/143-OR/159475,Quadruple agonist designed to reduce weight while preserving muscle.,False,VERIFIED,VERIFIED,Incretin + growth-factor,IGF-1/GLP-1/GIP/glucagon,True,False,False
NCT06732245,na-931 + no tirzepatide,"Biomed Industries, Inc.",INDUSTRY,Safety and Efficacy of NA-931 and Tirzepatide in Adults Who Are Overweight or Obese,PHASE2,NOT_YET_RECRUITING,,na-931 + no tirzepatide,,,,,,,,UNMAPPED,,,,False,UNMAPPED,UNCLASSIFIED_LONG_TAIL,Unclassified long tail,Not individually reviewed,False,False,True
NCT06732245,tirzepatide,"Biomed Industries, Inc.",INDUSTRY,Safety and Efficacy of NA-931 and Tirzepatide in Adults Who Are Overweight or Obese,PHASE2,NOT_YET_RECRUITING,tirzepatide,tirzepatide,Incretin-based,GLP-1/GIP,GLP1R; GIPR,Dual GLP-1/GIP receptor agonist,peptide,dual,True,VERIFIED,high,https://pubmed.ncbi.nlm.nih.gov/41054801/,Dual incretin agonist.,False,VERIFIED,VERIFIED,Incretin-based,GLP-1/GIP,True,False,False
NCT06732960,efsubaglutide alfa,"Shanghai Yinnuo Pharmaceutical Technology Co., Ltd.",OTHER,A Study of the Efficacy and Safety of Efsubaglutide Alfa in Overweight or Obesity Patients,PHASE2,COMPLETED,efsubaglutide alfa,efsubaglutide alfa,Incretin-based,GLP-1,GLP1R,Long-acting GLP-1 receptor agonist,Fc-fusion protein,mono,True,VERIFIED,high,https://pubmed.ncbi.nlm.nih.gov/41107649/,Two GLP-1 molecules fused to human IgG2 Fc.,False,VERIFIED,VERIFIED,Incretin-based,GLP-1,True,False,False
NCT06734273,tirzepatide,Nicholas Skertich,OTHER,Randomized Control Trial of Sleeve Gastrectomy With Tirzepatide in Maximizing Weight Loss,EARLY_PHASE1,RECRUITING,tirzepatide,tirzepatide,Incretin-based,GLP-1/GIP,GLP1R; GIPR,Dual GLP-1/GIP receptor agonist,peptide,dual,True,VERIFIED,high,https://pubmed.ncbi.nlm.nih.gov/41054801/,Dual incretin agonist.,False,VERIFIED,VERIFIED,Incretin-based,GLP-1/GIP,True,False,False
NCT06737042,bofanglutide,"Gan and Lee Pharmaceuticals, USA",INDUSTRY,Efficacy and Safety of GZR18 Every 2 Weeks Versus Tirzepatide and Placebo in Obese or Overweight Participants,PHASE2,COMPLETED,bofanglutide,bofanglutide,Incretin-based,GLP-1,GLP1R,Long-acting GLP-1 receptor agonist,peptide,mono,True,VERIFIED,high,https://pubmed.ncbi.nlm.nih.gov/41054801/,GZR18; long-acting GLP-1 analogue.,False,VERIFIED,VERIFIED,Incretin-based,GLP-1,True,False,False
NCT06737536,nnc0662-0419,Novo Nordisk A/S,INDUSTRY,A First-in-human Research Study on How NNC0662-0419 Works in People Living With Overweight or Obesity,PHASE1,COMPLETED,nnc0662-0419,nnc0662-0419,Undisclosed,undisclosed,,,undisclosed,,,RESEARCH_REQUIRED,low,https://clinicaltrials.gov/study/NCT06737536,"Novo Nordisk publicly identifies it as an obesity medicine, but an authoritative public mechanism was not found.",False,RESEARCH_REQUIRED,UNRESOLVED_PUBLIC_INFO,Undisclosed / insufficient public information,Undisclosed,False,True,False
NCT06738979,semaglutide,"Chia Tai Tianqing Pharmaceutical Group Co., Ltd.",INDUSTRY,A Clinical Study Comparing Semaglutide Injection and Wegovy® for Weight Management in Obese Subjects,PHASE3,NOT_YET_RECRUITING,semaglutide,semaglutide,Incretin-based,GLP-1,GLP1R,GLP-1 receptor agonist,peptide,mono,True,VERIFIED,high,https://pubmed.ncbi.nlm.nih.gov/41054801/,Long-acting GLP-1 analogue.,False,VERIFIED,VERIFIED,Incretin-based,GLP-1,True,False,False
NCT06745128,tirzepatide,University of Texas Southwestern Medical Center,OTHER,Tirzepatide for Obesity and Meth Use Disorder,PHASE2,ACTIVE_NOT_RECRUITING,tirzepatide,tirzepatide,Incretin-based,GLP-1/GIP,GLP1R; GIPR,Dual GLP-1/GIP receptor agonist,peptide,dual,True,VERIFIED,high,https://pubmed.ncbi.nlm.nih.gov/41054801/,Dual incretin agonist.,False,VERIFIED,VERIFIED,Incretin-based,GLP-1/GIP,True,False,False
NCT06745284,semaglutide,Boehringer Ingelheim,INDUSTRY,A Study to Test Whether Survodutide Improves How the Body Uses Energy and Breaks Down Fat in People With Obesity,PHASE1,ACTIVE_NOT_RECRUITING,semaglutide,semaglutide,Incretin-based,GLP-1,GLP1R,GLP-1 receptor agonist,peptide,mono,True,VERIFIED,high,https://pubmed.ncbi.nlm.nih.gov/41054801/,Long-acting GLP-1 analogue.,False,VERIFIED,VERIFIED,Incretin-based,GLP-1,True,False,False
NCT06745284,survodutide,Boehringer Ingelheim,INDUSTRY,A Study to Test Whether Survodutide Improves How the Body Uses Energy and Breaks Down Fat in People With Obesity,PHASE1,ACTIVE_NOT_RECRUITING,survodutide,survodutide,Incretin-based,GLP-1/glucagon,GLP1R; GCGR,Dual GLP-1/glucagon receptor agonist,peptide,dual,True,VERIFIED,high,https://pubmed.ncbi.nlm.nih.gov/41054801/,Former development code BI 456906.,False,VERIFIED,VERIFIED,Incretin-based,GLP-1/glucagon,True,False,False
NCT06754163,semaglutide in combination with a healthy lifestyle intervention diet and exercise,St Andrew's Healthcare,OTHER,Evaluating the Effect of the STEP@STAH Semaglutide Protocol on the Physical Health Measures of Atypical Antipsychotic-Treated Patients,PHASE4,ACTIVE_NOT_RECRUITING,,semaglutide in combination with a healthy lifestyle intervention diet and exercise,,,,,,,,UNMAPPED,,,,False,UNMAPPED,UNCLASSIFIED_LONG_TAIL,Unclassified long tail,Not individually reviewed,False,False,True
NCT06758583,dapiglutide,Zealand Pharma,INDUSTRY,"A Trial Comparing Pharmacokinetics, Safety and Tolerability of Two Subcutaneous Concentrations of Dapiglutide",PHASE1,COMPLETED,dapiglutide,dapiglutide,Incretin-based,GLP-1/GLP-2,GLP1R; GLP2R,Dual GLP-1/GLP-2 receptor agonist,peptide,dual,True,VERIFIED,high,https://www.zealandpharma.com/pipeline/dapiglutide-program-paused/,Long-acting dual GLP-1R/GLP-2R agonist; programme currently paused.,False,VERIFIED,VERIFIED,Incretin-based,GLP-1/GLP-2,True,False,False
NCT06760546,setmelanotide,"Rhythm Pharmaceuticals, Inc.",INDUSTRY,A Trial of Setmelanotide in Patients With Congenital Hypothalamic Obesity (Sub-study of NCT05774756),PHASE3,RECRUITING,setmelanotide,setmelanotide,Melanocortin,MC4R,MC4R,Melanocortin-4 receptor agonist,peptide,mono,False,VERIFIED,high,https://www.accessdata.fda.gov/drugsatfda_docs/label/2026/213793s009lbl.pdf,Cyclic peptide MC4R agonist used in genetic/syndromic obesity.,False,VERIFIED,VERIFIED,Melanocortin,MC4R,True,False,False
NCT06762600,hrs-4729,"Fujian Shengdi Pharmaceutical Co., Ltd.",INDUSTRY,"A Study to Evaluate the Safety, Tolerability, Pharmacokinetics and Pharmacodynamics of HRS-4729 Injection in Healthy Subjects",PHASE1,COMPLETED,hrs-4729,hrs-4729,Incretin-based,GLP-1/GIP/glucagon,GLP1R; GIPR; GCGR,Triple GLP-1/GIP/glucagon receptor agonist,peptide,triple,True,VERIFIED,high,https://www.hengrui.com/images/investor/%E6%81%92%E7%91%9E%E9%86%AB%E8%97%A5%202025%E5%B9%B4%E5%A0%B1.pdf,Subcutaneous peptide triple agonist.,False,VERIFIED,VERIFIED,Incretin-based,GLP-1/GIP/glucagon,True,False,False
NCT06764056,semaglutide,"Institut universitaire de cardiologie et de pneumologie de Québec, University Laval",OTHER,Characterization and Management of Metabolic Dysfunction-Associated Fatty Liver Disease (MAFLD),,NOT_YET_RECRUITING,semaglutide,semaglutide,Incretin-based,GLP-1,GLP1R,GLP-1 receptor agonist,peptide,mono,True,VERIFIED,high,https://pubmed.ncbi.nlm.nih.gov/41054801/,Long-acting GLP-1 analogue.,False,VERIFIED,VERIFIED,Incretin-based,GLP-1,True,False,False
NCT06768320,lomaira,Loma Linda University,OTHER,Treating Toddler Obesity by Treating the Parent/Caregiver Obesity With Weight Loss Medications,PHASE4,WITHDRAWN,,lomaira,,,,,,,,UNMAPPED,,,,False,UNMAPPED,UNCLASSIFIED_LONG_TAIL,Unclassified long tail,Not individually reviewed,False,False,True
NCT06771115,semaglutide,Zomagen Biosciences Ltd.,INDUSTRY,Phase 2a Placebo-Controlled Study of VTX3232 Alone or in Combination With Semaglutide in Obesity,PHASE2,COMPLETED,semaglutide,semaglutide,Incretin-based,GLP-1,GLP1R,GLP-1 receptor agonist,peptide,mono,True,VERIFIED,high,https://pubmed.ncbi.nlm.nih.gov/41054801/,Long-acting GLP-1 analogue.,False,VERIFIED,VERIFIED,Incretin-based,GLP-1,True,False,False
NCT06771115,vtx3232 dose a,Zomagen Biosciences Ltd.,INDUSTRY,Phase 2a Placebo-Controlled Study of VTX3232 Alone or in Combination With Semaglutide in Obesity,PHASE2,COMPLETED,,vtx3232 dose a,,,,,,,,UNMAPPED,,,,False,UNMAPPED,UNCLASSIFIED_LONG_TAIL,Unclassified long tail,Not individually reviewed,False,False,True
NCT06772597,setmelanotide,"Rhythm Pharmaceuticals, Inc.",INDUSTRY,A Study of Setmelanotide in Patients With Prader-Willi Syndrome,PHASE2,ACTIVE_NOT_RECRUITING,setmelanotide,setmelanotide,Melanocortin,MC4R,MC4R,Melanocortin-4 receptor agonist,peptide,mono,False,VERIFIED,high,https://www.accessdata.fda.gov/drugsatfda_docs/label/2026/213793s009lbl.pdf,Cyclic peptide MC4R agonist used in genetic/syndromic obesity.,False,VERIFIED,VERIFIED,Melanocortin,MC4R,True,False,False
NCT06778850,mdr-001,MindRank AI Ltd,INDUSTRY,A Phase I/IIa Clinical Study to Assess the Single and Multiple Ascending Doses of MDR-001 Tablets in Healthy Participants and Obese/ Overweight Participants,PHASE1; PHASE2,RECRUITING,mdr-001,mdr-001,Incretin-based,GLP-1,GLP1R,Biased selective GLP-1 receptor agonist,small molecule,mono,True,VERIFIED,high,https://www.mindrank.ai/en/news/detail/155,AI-designed oral small-molecule GLP-1RA.,False,VERIFIED,VERIFIED,Incretin-based,GLP-1,True,False,False
NCT06780449,cagrilintide,Novo Nordisk A/S,INDUSTRY,A Research Study to Look Into the Long-term Effect on Weight Loss of CagriSema in People With Obesity,PHASE3,ACTIVE_NOT_RECRUITING,cagrilintide,cagrilintide,Amylin-based,amylin,AMY1R; AMY2R; AMY3R; CTR,Long-acting amylin/calcitonin receptor agonist,peptide,multi,False,VERIFIED,high,https://pubmed.ncbi.nlm.nih.gov/42452898/,Long-acting amylin analogue with activity across amylin receptors and CTR.,False,VERIFIED,VERIFIED,Amylin-based,amylin,True,False,False
NCT06780449,semaglutide,Novo Nordisk A/S,INDUSTRY,A Research Study to Look Into the Long-term Effect on Weight Loss of CagriSema in People With Obesity,PHASE3,ACTIVE_NOT_RECRUITING,semaglutide,semaglutide,Incretin-based,GLP-1,GLP1R,GLP-1 receptor agonist,peptide,mono,True,VERIFIED,high,https://pubmed.ncbi.nlm.nih.gov/41054801/,Long-acting GLP-1 analogue.,False,VERIFIED,VERIFIED,Incretin-based,GLP-1,True,False,False
NCT06792955,ribupatide,"Fujian Shengdi Pharmaceutical Co., Ltd.",INDUSTRY,The Evaluation of Bioequivalence Between a Single-dose Pen and a Multi-dose Pen of HRS9531 Injection Solution,PHASE1,COMPLETED,ribupatide,ribupatide,Incretin-based,GLP-1/GIP,GLP1R; GIPR,Dual GLP-1/GIP receptor agonist,peptide,dual,True,VERIFIED,high,https://www.hengrui.com/en/media/detail-991.html,HRS9531/KAI-9531; injectable and oral formulations in development.,False,VERIFIED,VERIFIED,Incretin-based,GLP-1/GIP,True,False,False
NCT06801015,semaglutide,Mayo Clinic,OTHER,Effects of Long-Acting GLP-1 (Glucagon-like Peptide-1) or Dual Incretin (GLP-1 and GIP [Glucose-dependent Insulinotropic Peptide]) Modulation on Gastric Motor Functions,PHASE4,ACTIVE_NOT_RECRUITING,semaglutide,semaglutide,Incretin-based,GLP-1,GLP1R,GLP-1 receptor agonist,peptide,mono,True,VERIFIED,high,https://pubmed.ncbi.nlm.nih.gov/41054801/,Long-acting GLP-1 analogue.,False,VERIFIED,VERIFIED,Incretin-based,GLP-1,True,False,False
NCT06801015,tirzepatide,Mayo Clinic,OTHER,Effects of Long-Acting GLP-1 (Glucagon-like Peptide-1) or Dual Incretin (GLP-1 and GIP [Glucose-dependent Insulinotropic Peptide]) Modulation on Gastric Motor Functions,PHASE4,ACTIVE_NOT_RECRUITING,tirzepatide,tirzepatide,Incretin-based,GLP-1/GIP,GLP1R; GIPR,Dual GLP-1/GIP receptor agonist,peptide,dual,True,VERIFIED,high,https://pubmed.ncbi.nlm.nih.gov/41054801/,Dual incretin agonist.,False,VERIFIED,VERIFIED,Incretin-based,GLP-1/GIP,True,False,False
NCT06802081,tirzepatide,The Cleveland Clinic,OTHER,TIRzepatide for the Treatment of Obesity in Patients With Atrial Fibrillation,PHASE2,RECRUITING,tirzepatide,tirzepatide,Incretin-based,GLP-1/GIP,GLP1R; GIPR,Dual GLP-1/GIP receptor agonist,peptide,dual,True,VERIFIED,high,https://pubmed.ncbi.nlm.nih.gov/41054801/,Dual incretin agonist.,False,VERIFIED,VERIFIED,Incretin-based,GLP-1/GIP,True,False,False
NCT06803888,semaglutide,Ali Aminian,OTHER,Bariatric Surgery vs. Semaglutide vs. Tirzepatide,PHASE4,ACTIVE_NOT_RECRUITING,semaglutide,semaglutide,Incretin-based,GLP-1,GLP1R,GLP-1 receptor agonist,peptide,mono,True,VERIFIED,high,https://pubmed.ncbi.nlm.nih.gov/41054801/,Long-acting GLP-1 analogue.,False,VERIFIED,VERIFIED,Incretin-based,GLP-1,True,False,False
NCT06803888,tirzepatide,Ali Aminian,OTHER,Bariatric Surgery vs. Semaglutide vs. Tirzepatide,PHASE4,ACTIVE_NOT_RECRUITING,tirzepatide,tirzepatide,Incretin-based,GLP-1/GIP,GLP1R; GIPR,Dual GLP-1/GIP receptor agonist,peptide,dual,True,VERIFIED,high,https://pubmed.ncbi.nlm.nih.gov/41054801/,Dual incretin agonist.,False,VERIFIED,VERIFIED,Incretin-based,GLP-1/GIP,True,False,False
NCT06809166,naltrexone + bupropion,The Royal's Institute of Mental Health Research,OTHER,Metabolic and Behavioural Effects of CONTRAVE as Potential Mechanisms of Weight Loss in Adults With Obesity,PHASE4,RECRUITING,naltrexone + bupropion,naltrexone + bupropion,CNS/appetite,opioid + catecholamine,OPRM1; NET/DAT pathways,Opioid receptor antagonism plus noradrenergic/dopaminergic appetite modulation,small-molecule combination,,False,VERIFIED,high,,Approved anti-obesity combination; established pharmacology.,False,VERIFIED,VERIFIED,CNS/appetite,opioid + catecholamine,True,False,False
NCT06811324,tirzepatide,The University of Texas Health Science Center at San Antonio,OTHER,Effects of Tirzepatide on Muscle and Vascular Health in Obese Older Adults,PHASE2,RECRUITING,tirzepatide,tirzepatide,Incretin-based,GLP-1/GIP,GLP1R; GIPR,Dual GLP-1/GIP receptor agonist,peptide,dual,True,VERIFIED,high,https://pubmed.ncbi.nlm.nih.gov/41054801/,Dual incretin agonist.,False,VERIFIED,VERIFIED,Incretin-based,GLP-1/GIP,True,False,False
NCT06814938,semaglutide,Mayo Clinic,OTHER,A Study of a Novel Precision Medicine Approach For Obesity,PHASE4,ACTIVE_NOT_RECRUITING,semaglutide,semaglutide,Incretin-based,GLP-1,GLP1R,GLP-1 receptor agonist,peptide,mono,True,VERIFIED,high,https://pubmed.ncbi.nlm.nih.gov/41054801/,Long-acting GLP-1 analogue.,False,VERIFIED,VERIFIED,Incretin-based,GLP-1,True,False,False
NCT06820099,hrs-7535,"Shandong Suncadia Medicine Co., Ltd.",INDUSTRY,Study on the Efficacy and Safety of HRS-7535 in Patients With Mild Decrease in Ejection Fraction/Preserved Ejection Fraction Heart Failure and Obesity,PHASE2,RECRUITING,hrs-7535,hrs-7535,Incretin-based,GLP-1,GLP1R,GLP-1 receptor agonist,small molecule,mono,True,VERIFIED,high,https://www.hengrui.com/en/media/detail-1030.html,Oral small-molecule GLP-1RA.,False,VERIFIED,VERIFIED,Incretin-based,GLP-1,True,False,False
NCT06820476,zenagamtide,Novo Nordisk A/S,INDUSTRY,"A Research Study on How NNC0487-0111, a New Medicine, Works in Chinese Participants After 10 Days of Oral Dosing",PHASE1,COMPLETED,zenagamtide,zenagamtide,Incretin + amylin,GLP-1/amylin,GLP1R; amylin receptors; CTR,"Unimolecular GLP-1, amylin and calcitonin receptor agonist",peptide,multi,True,VERIFIED,high,https://pubmed.ncbi.nlm.nih.gov/42532079/,Formerly amycretin; current name zenagamtide.,False,VERIFIED,VERIFIED,Incretin + amylin,GLP-1/amylin,True,False,False
NCT06824051,orforglipron,Eli Lilly and Company,INDUSTRY,A Study of Orforglipron (LY3502970) in Adult Participants With Obesity or Overweight,PHASE1,COMPLETED,orforglipron,orforglipron,Incretin-based,GLP-1,GLP1R,GLP-1 receptor agonist,small molecule,mono,True,VERIFIED,high,https://pubmed.ncbi.nlm.nih.gov/41054801/,Oral nonpeptide GLP-1RA.,False,VERIFIED,VERIFIED,Incretin-based,GLP-1,True,False,False
NCT06825793,semaglutide,Beijing Chao Yang Hospital,OTHER,Semaglutide's Weight Loss Effects in Obesity,,NOT_YET_RECRUITING,semaglutide,semaglutide,Incretin-based,GLP-1,GLP1R,GLP-1 receptor agonist,peptide,mono,True,VERIFIED,high,https://pubmed.ncbi.nlm.nih.gov/41054801/,Long-acting GLP-1 analogue.,False,VERIFIED,VERIFIED,Incretin-based,GLP-1,True,False,False
NCT06830343,syh9017,"CSPC Baike (Shandong) Biopharmaceutical Co., Ltd.",INDUSTRY,"The Safety, Tolerability, and Pharmacokinetics of of SYH9017 in Chinese Participants With Overweight and Obesity",PHASE1,RECRUITING,,syh9017,,,,,,,,UNMAPPED,,,,False,UNMAPPED,UNCLASSIFIED_LONG_TAIL,Unclassified long tail,Not individually reviewed,False,False,True
NCT06833749,kbp-336,KeyBioscience AG,INDUSTRY,Efficacy and Safety of KBP-336 in Obese Individuals with Osteoarthritis,PHASE2,RECRUITING,,kbp-336,,,,,,,,UNMAPPED,,,,False,UNMAPPED,UNCLASSIFIED_LONG_TAIL,Unclassified long tail,Not individually reviewed,False,False,True
NCT06839664,hs-20094,"Jiangsu Hansoh Pharmaceutical Co., Ltd.",INDUSTRY,A Study of HS-20094 in Chinese Adults With Overweight or Obesity,PHASE3,COMPLETED,hs-20094,olatorepatide,Incretin-based,GLP-1/GIP,GLP1R; GIPR,Dual GLP-1/GIP receptor agonist,peptide,dual,True,VERIFIED_ALIAS,high,https://www.hspharm.com/news/news-detail-513468.htm,HS-20094 is olatorepatide.,False,VERIFIED_ALIAS,VERIFIED_ALIAS,Incretin-based,GLP-1/GIP,True,False,False
NCT06842186,wve-007,"Wave Life Sciences USA, Inc.",INDUSTRY,A Phase 1/2a Study of WVE-007 in Adults Living With Overweight or Obesity,PHASE1; PHASE2,RECRUITING,,wve-007,,,,,,,,UNMAPPED,,,,False,UNMAPPED,UNCLASSIFIED_LONG_TAIL,Unclassified long tail,Not individually reviewed,False,False,True
NCT06845345,mysimba,Carmen Dietvorst,OTHER,Effect of an Early Time Restricted Eating Mediterranean Diet Compared to Naltrexone/Bupropion on Liver Fibrosis in People With Cardiometabolic Risk Factors in a Hospital Outpatient Clinic (MEDFAST-study),PHASE4,ENROLLING_BY_INVITATION,,mysimba,,,,,,,,UNMAPPED,,,,False,UNMAPPED,UNCLASSIFIED_LONG_TAIL,Unclassified long tail,Not individually reviewed,False,False,True
NCT06845943,hcr-188,"Helicore Biopharma, Inc.",INDUSTRY,A First-in-human Study of HCR-188 in Overweight or Obese Otherwise Healthy Volunteers Without Type 2 Diabetes,EARLY_PHASE1,SUSPENDED,hcr-188,hcr-188,Undisclosed,undisclosed,,,undisclosed,,,RESEARCH_REQUIRED,low,https://clinicaltrials.gov/study/NCT06845943,First-in-human obesity asset; authoritative public molecular mechanism not identified.,False,RESEARCH_REQUIRED,UNRESOLVED_PUBLIC_INFO,Undisclosed / insufficient public information,Undisclosed,False,True,False
NCT06847399,lisdexamfetamine,Johns Hopkins University,OTHER,Efficacy and Safety of Tirzepatide Versus Placebo or Lisdexamfetamine Dimesylate for Binge-Eating Disorder,PHASE2,RECRUITING,lisdexamfetamine,lisdexamfetamine,CNS/appetite,catecholaminergic,DAT/NET pathways via dextroamphetamine,Prodrug stimulant increasing central catecholaminergic signalling,small molecule,,False,VERIFIED,high,,Repurposed CNS agent rather than a dedicated obesity asset.,False,VERIFIED,VERIFIED,CNS/appetite,catecholaminergic,True,False,False
NCT06847399,tirzepatide,Johns Hopkins University,OTHER,Efficacy and Safety of Tirzepatide Versus Placebo or Lisdexamfetamine Dimesylate for Binge-Eating Disorder,PHASE2,RECRUITING,tirzepatide,tirzepatide,Incretin-based,GLP-1/GIP,GLP1R; GIPR,Dual GLP-1/GIP receptor agonist,peptide,dual,True,VERIFIED,high,https://pubmed.ncbi.nlm.nih.gov/41054801/,Dual incretin agonist.,False,VERIFIED,VERIFIED,Incretin-based,GLP-1/GIP,True,False,False
NCT06851858,azd6234,AstraZeneca,INDUSTRY,"Efficacy, Safety and Tolerability of AZD6234 in Participants Living With Overweight or Obesity With Type 2 Diabetes Who Are on a Stable Dose of GLP-1 Receptor Agonist",PHASE2,ACTIVE_NOT_RECRUITING,azd6234,azd6234,Amylin-based,amylin,amylin receptors,Selective amylin receptor agonist,peptide,multi,False,VERIFIED,high,https://www.astrazeneca.com/media-centre/press-releases/2026/astrazeneca-agrees-obesity-and-t2d-deal-with-cspc.html,Weekly injectable selective amylin receptor agonist (SARA).,False,VERIFIED,VERIFIED,Amylin-based,amylin,True,False,False
NCT06852391,semaglutide,McMaster University,OTHER,JOULE - Metabolic Adaptation to Weight Loss in Response to a Behavioural Lifestyle Program With or Without Semaglutide in Adolescents With Obesity,PHASE4,RECRUITING,semaglutide,semaglutide,Incretin-based,GLP-1,GLP1R,GLP-1 receptor agonist,peptide,mono,True,VERIFIED,high,https://pubmed.ncbi.nlm.nih.gov/41054801/,Long-acting GLP-1 analogue.,False,VERIFIED,VERIFIED,Incretin-based,GLP-1,True,False,False
NCT06854614,naltrexone + bupropion,The Cleveland Clinic,OTHER,Sequential or CombinaTion Anti-obesitY Medication With Muscle Preservation for Weight Loss and MaintEnance: A PragmAtic Randomized CoNtrolled Trial (STAY-LEAN Trial),PHASE4,ACTIVE_NOT_RECRUITING,naltrexone + bupropion,naltrexone + bupropion,CNS/appetite,opioid + catecholamine,OPRM1; NET/DAT pathways,Opioid receptor antagonism plus noradrenergic/dopaminergic appetite modulation,small-molecule combination,,False,VERIFIED,high,,Approved anti-obesity combination; established pharmacology.,False,VERIFIED,VERIFIED,CNS/appetite,opioid + catecholamine,True,False,False
NCT06854614,orlistat,The Cleveland Clinic,OTHER,Sequential or CombinaTion Anti-obesitY Medication With Muscle Preservation for Weight Loss and MaintEnance: A PragmAtic Randomized CoNtrolled Trial (STAY-LEAN Trial),PHASE4,ACTIVE_NOT_RECRUITING,orlistat,orlistat,GI nutrient absorption,lipase inhibition,gastric and pancreatic lipases,Gastrointestinal lipase inhibitor reducing dietary fat absorption,small molecule,,False,VERIFIED,high,,Peripheral gastrointestinal mechanism.,False,VERIFIED,VERIFIED,GI nutrient absorption,lipase inhibition,True,False,False
NCT06854614,phentermine + topiramate,The Cleveland Clinic,OTHER,Sequential or CombinaTion Anti-obesitY Medication With Muscle Preservation for Weight Loss and MaintEnance: A PragmAtic Randomized CoNtrolled Trial (STAY-LEAN Trial),PHASE4,ACTIVE_NOT_RECRUITING,phentermine + topiramate,phentermine + topiramate,CNS/appetite,sympathomimetic + anticonvulsant,monoaminergic pathways; GABA/glutamate pathways,Appetite suppression through complementary CNS mechanisms,small-molecule combination,,False,VERIFIED,high,,Approved anti-obesity combination; established pharmacology.,False,VERIFIED,VERIFIED,CNS/appetite,sympathomimetic + anticonvulsant,True,False,False
NCT06854952,tern-601,"Terns, Inc., a subsidiary of Merck & Co., Inc. (Rahway, New Jersey USA)",INDUSTRY,"A Clinical Study to Evaluate the Efficacy, Safety, and Tolerability of TERN-601 in Adults With Overweight or Obesity",PHASE2,COMPLETED,,tern-601,,,,,,,,UNMAPPED,,,,False,UNMAPPED,UNCLASSIFIED_LONG_TAIL,Unclassified long tail,Not individually reviewed,False,False,True
NCT06857617,part c met097,"Metsera, a wholly owned subsidiary of Pfizer",INDUSTRY,"This Study Will Investigate the Safety, Tolerability, Pharmacokinetics, and Efficacy of MET097 in Adult Participants With Overweight or Obesity",PHASE1; PHASE2,COMPLETED,,part c met097,,,,,,,,UNMAPPED,,,,False,UNMAPPED,UNCLASSIFIED_LONG_TAIL,Unclassified long tail,Not individually reviewed,False,False,True
NCT06857942,tirzepatide,Eli Lilly and Company,INDUSTRY,A Study to Investigate the Effectiveness of Tirzepatide (LY3298176) Following Initiation of Ixekizumab (LY2439821) in Participants With Moderate-to-Severe Plaque PsO and Obesity or Overweight in Clinical Practice (TOGETHER AMPLIFY-PsO),PHASE4,RECRUITING,tirzepatide,tirzepatide,Incretin-based,GLP-1/GIP,GLP1R; GIPR,Dual GLP-1/GIP receptor agonist,peptide,dual,True,VERIFIED,high,https://pubmed.ncbi.nlm.nih.gov/41054801/,Dual incretin agonist.,False,VERIFIED,VERIFIED,Incretin-based,GLP-1/GIP,True,False,False
NCT06858839,maridebart cafraglutide,Amgen,INDUSTRY,Evaluation of Maridebart Cafraglutide in Adult Participants Without Type 2 Diabetes Mellitus Who Have Obesity or Are Overweight,PHASE3,ACTIVE_NOT_RECRUITING,maridebart cafraglutide,maridebart cafraglutide,Incretin-based,GLP-1 agonism + GIP antagonism,GLP1R; GIPR,GLP-1 receptor agonism plus GIP receptor antagonism,antibody-peptide conjugate,,True,VERIFIED,high,https://pubmed.ncbi.nlm.nih.gov/38316982/,Anti-GIPR antibody conjugated to GLP-1 agonist peptides.,False,VERIFIED,VERIFIED,Incretin-based,GLP-1 agonism + GIP antagonism,True,False,False
NCT06858878,maridebart cafraglutide,Amgen,INDUSTRY,Efficacy and Safety of Maridebart Cafraglutide in Adult Participants With Type 2 Diabetes Mellitus Who Have Obesity or Are Overweight,PHASE3,ACTIVE_NOT_RECRUITING,maridebart cafraglutide,maridebart cafraglutide,Incretin-based,GLP-1 agonism + GIP antagonism,GLP1R; GIPR,GLP-1 receptor agonism plus GIP receptor antagonism,antibody-peptide conjugate,,True,VERIFIED,high,https://pubmed.ncbi.nlm.nih.gov/38316982/,Anti-GIPR antibody conjugated to GLP-1 agonist peptides.,False,VERIFIED,VERIFIED,Incretin-based,GLP-1 agonism + GIP antagonism,True,False,False
NCT06859268,retatrutide,Eli Lilly and Company,INDUSTRY,A Study of Retatrutide (LY3437943) in the Maintenance of Weight Reduction in Individuals With Obesity,PHASE3,ACTIVE_NOT_RECRUITING,retatrutide,retatrutide,Incretin-based,GLP-1/GIP/glucagon,GLP1R; GIPR; GCGR,Triple GLP-1/GIP/glucagon receptor agonist,peptide,triple,True,VERIFIED,high,https://pubmed.ncbi.nlm.nih.gov/41054801/,Triple incretin/glucagon agonist.,False,VERIFIED,VERIFIED,Incretin-based,GLP-1/GIP/glucagon,True,False,False
NCT06859853,single and mutiple dose,"Shanghai Minwei Biotechnology Co., Ltd",INDUSTRY,A Study to Evaluate MWN109 Injection in Healthy Subjects,PHASE1,RECRUITING,,single and mutiple dose,,,,,,,,UNMAPPED,,,,False,UNMAPPED,UNCLASSIFIED_LONG_TAIL,Unclassified long tail,Not individually reviewed,False,False,True
NCT06861439,tirzepatide,Wake Forest University Health Sciences,OTHER,GLP-1s to Enhance Lasting Optimal Weight,PHASE4,ACTIVE_NOT_RECRUITING,tirzepatide,tirzepatide,Incretin-based,GLP-1/GIP,GLP1R; GIPR,Dual GLP-1/GIP receptor agonist,peptide,dual,True,VERIFIED,high,https://pubmed.ncbi.nlm.nih.gov/41054801/,Dual incretin agonist.,False,VERIFIED,VERIFIED,Incretin-based,GLP-1/GIP,True,False,False
NCT06862791,azd6234,AstraZeneca,INDUSTRY,A Weight Loss Study Evaluating Subcutaneous Treatment With AZD9550 and AZD6234 in Combination Against Placebo or Each of the Drugs Alone,PHASE2,COMPLETED,azd6234,azd6234,Amylin-based,amylin,amylin receptors,Selective amylin receptor agonist,peptide,multi,False,VERIFIED,high,https://www.astrazeneca.com/media-centre/press-releases/2026/astrazeneca-agrees-obesity-and-t2d-deal-with-cspc.html,Weekly injectable selective amylin receptor agonist (SARA).,False,VERIFIED,VERIFIED,Amylin-based,amylin,True,False,False
NCT06862791,azd9550,AstraZeneca,INDUSTRY,A Weight Loss Study Evaluating Subcutaneous Treatment With AZD9550 and AZD6234 in Combination Against Placebo or Each of the Drugs Alone,PHASE2,COMPLETED,azd9550,azd9550,Incretin-based,GLP-1/glucagon,GLP1R; GCGR,Dual GLP-1/glucagon receptor agonist,peptide,dual,True,VERIFIED,high,https://www.astrazeneca.com/media-centre/press-releases/2026/astrazeneca-agrees-obesity-and-t2d-deal-with-cspc.html,Weekly injectable dual agonist.,False,VERIFIED,VERIFIED,Incretin-based,GLP-1/glucagon,True,False,False
NCT06864026,tirzepatide,Eli Lilly and Company,INDUSTRY,A Study to Investigate Effectiveness of Tirzepatide Following Initiation of Ixekizumab in Participants With Active Psoriatic Arthritis and Overweight or Obesity in Clinical Practice (TOGETHER AMPLIFY-PsA),PHASE4,RECRUITING,tirzepatide,tirzepatide,Incretin-based,GLP-1/GIP,GLP1R; GIPR,Dual GLP-1/GIP receptor agonist,peptide,dual,True,VERIFIED,high,https://pubmed.ncbi.nlm.nih.gov/41054801/,Dual incretin agonist.,False,VERIFIED,VERIFIED,Incretin-based,GLP-1/GIP,True,False,False
NCT06865365,liraglutide,Medical University of Vienna,OTHER,Preoperative Use of Liraglutide Additionally to Common Dietological Measures as Opposed to Dietological Measures Alone,PHASE4,NOT_YET_RECRUITING,liraglutide,liraglutide,Incretin-based,GLP-1,GLP1R,GLP-1 receptor agonist,peptide,mono,True,VERIFIED,high,https://pubmed.ncbi.nlm.nih.gov/41054801/,GLP-1 analogue.,False,VERIFIED,VERIFIED,Incretin-based,GLP-1,True,False,False
NCT06867718,rgt001-075,Regor Pharmaceuticals Inc.,INDUSTRY,Study of Once-Daily Oral RGT001-075 Compared With Placebo in Adults With Obesity or Are Overweight With Weight-Related Health Conditions,PHASE2,COMPLETED,rgt001-075,RGT-075,Incretin-based,GLP-1,GLP1R,Full GLP-1 receptor agonist,small molecule,mono,True,VERIFIED_ALIAS,high,https://diabetesjournals.org/diabetes/article/74/Supplement_1/785-P/159759/,RGT001-075/RGT-075 is an oral nonpeptide small-molecule GLP-1RA.,False,VERIFIED_ALIAS,VERIFIED_ALIAS,Incretin-based,GLP-1,True,False,False
NCT06884293,mazdutide,Innovent Biologics (Suzhou) Co. Ltd.,INDUSTRY,A Study Comparing IBI362 vs Semaglutide in Chinese Overweight or Obese Adults With Metabolic Dysfunction-associated Fatty Liver Disease （MAFLD）,PHASE3,ACTIVE_NOT_RECRUITING,mazdutide,mazdutide,Incretin-based,GLP-1/glucagon,GLP1R; GCGR,Dual GLP-1/glucagon receptor agonist,peptide,dual,True,VERIFIED,high,https://pubmed.ncbi.nlm.nih.gov/41054801/,Former development code IBI362/LY3305677.,False,VERIFIED,VERIFIED,Incretin-based,GLP-1/glucagon,True,False,False
NCT06884293,semaglutide,Innovent Biologics (Suzhou) Co. Ltd.,INDUSTRY,A Study Comparing IBI362 vs Semaglutide in Chinese Overweight or Obese Adults With Metabolic Dysfunction-associated Fatty Liver Disease （MAFLD）,PHASE3,ACTIVE_NOT_RECRUITING,semaglutide,semaglutide,Incretin-based,GLP-1,GLP1R,GLP-1 receptor agonist,peptide,mono,True,VERIFIED,high,https://pubmed.ncbi.nlm.nih.gov/41054801/,Long-acting GLP-1 analogue.,False,VERIFIED,VERIFIED,Incretin-based,GLP-1,True,False,False
NCT06885021,hdm1002 once daily 52 weeks,"Hangzhou Zhongmei Huadong Pharmaceutical Co., Ltd.",INDUSTRY,Evaluate the Safety and Efficacy of HDM1002 Tablets in Chinese Overweight and Obese Adults,PHASE3,NOT_YET_RECRUITING,hdm1002 once daily 52 weeks,hdm1002,Incretin-based,GLP-1,GLP1R,Selective cAMP-biased GLP-1 receptor agonism,small molecule,mono,True,VERIFIED_ALIAS,high,https://pubmed.ncbi.nlm.nih.gov/41803652/,Dose/duration wording; collapse to HDM1002.,False,VERIFIED_ALIAS,VERIFIED_ALIAS,Incretin-based,GLP-1,True,False,False
NCT06886126,poterepatide,"Hangzhou Zhongmei Huadong Pharmaceutical Co., Ltd.",INDUSTRY,Phase II Clinical Study of HDM1005 Injection in Obese Adults Without Diabetes Mellitus,PHASE2,RECRUITING,poterepatide,poterepatide,Incretin-based,GLP-1/GIP,GLP1R; GIPR,Dual GLP-1/GIP receptor agonist,peptide,dual,True,VERIFIED,high,https://pubmed.ncbi.nlm.nih.gov/42125916/,HDM1005.,False,VERIFIED,VERIFIED,Incretin-based,GLP-1/GIP,True,False,False
NCT06891287,pg-102,RANI Therapeutics,INDUSTRY,"An Early Phase Study of RT-114 (RaniPill Containing PG-102, a GLP-1/2 Dual Agonist) in Healthy Volunteers.",PHASE1,RECRUITING,pg-102,PG-102,Incretin-based,GLP-1/GLP-2,GLP1R; GLP2R,Bispecific dual GLP-1/GLP-2 receptor agonist,Fc-fusion protein,dual,True,VERIFIED,high,https://pubmed.ncbi.nlm.nih.gov/41876542/,Bispecific Fc fusion protein.,False,VERIFIED,VERIFIED,Incretin-based,GLP-1/GLP-2,True,False,False
NCT06891287,rt-114 is the ranipill with pg-102 for the treatment of obesity,RANI Therapeutics,INDUSTRY,"An Early Phase Study of RT-114 (RaniPill Containing PG-102, a GLP-1/2 Dual Agonist) in Healthy Volunteers.",PHASE1,RECRUITING,,rt-114 is the ranipill with pg-102 for the treatment of obesity,,,,,,,,UNMAPPED,,,,False,UNMAPPED,UNCLASSIFIED_LONG_TAIL,Unclassified long tail,Not individually reviewed,False,False,True
NCT06893016,ray1225,"Guangdong Raynovent Biotech Co., Ltd",INDUSTRY,Evaluation of RAY1225 in Adult Participants Who Have Obesity or Are Overweight,PHASE3,RECRUITING,ray1225,ray1225,Incretin-based,GLP-1/GIP,GLP1R; GIPR,Biased dual GLP-1/GIP receptor agonist,peptide,dual,True,VERIFIED,high,https://diabetesjournals.org/diabetes/article/75/Supplement_1/1227-OR/167132/,Long-acting/biweekly dual agonist.,False,VERIFIED,VERIFIED,Incretin-based,GLP-1/GIP,True,False,False
NCT06896981,metformin with semaglutide,"Bangabandhu Sheikh Mujib Medical University, Dhaka, Bangladesh",OTHER,Semaglutide in Women With Polycystic Ovary Syndrome and Obesity,PHASE2; PHASE3,RECRUITING,,metformin with semaglutide,,,,,,,,UNMAPPED,,,,False,UNMAPPED,UNCLASSIFIED_LONG_TAIL,Unclassified long tail,Not individually reviewed,False,False,True
NCT06897202,berobenatide,Pfizer,INDUSTRY,A Study to Evaluate the Efficacy and Safety of Once-Weekly MET097 in Adults With Obesity or Overweight and T2DM,PHASE2,COMPLETED,berobenatide,berobenatide,Incretin-based,GLP-1,GLP1R,Long-acting biased GLP-1 receptor agonist,peptide,mono,True,VERIFIED,high,https://www.pfizer.com/news/press-release/press-release-detail/robust-phase-2b-efficacy-and-favorable-tolerability-support,PF-08653944/MET-097i; ultra-long acting peptide.,False,VERIFIED,VERIFIED,Incretin-based,GLP-1,True,False,False
NCT06899178,atomoxetine,Icahn School of Medicine at Mount Sinai,OTHER,Atomoxetine in Melanocortin Obesity Syndrome,PHASE2,RECRUITING,atomoxetine,atomoxetine,CNS/appetite,noradrenergic,NET (SLC6A2),Selective norepinephrine reuptake inhibition,small molecule,,False,VERIFIED,high,,Established pharmacology.,False,VERIFIED,VERIFIED,CNS/appetite,noradrenergic,True,False,False
NCT06901245,tirzepatide,Grace Kim,OTHER,"Tirzepatide in PWS, HO and GNSO",PHASE4,RECRUITING,tirzepatide,tirzepatide,Incretin-based,GLP-1/GIP,GLP1R; GIPR,Dual GLP-1/GIP receptor agonist,peptide,dual,True,VERIFIED,high,https://pubmed.ncbi.nlm.nih.gov/41054801/,Dual incretin agonist.,False,VERIFIED,VERIFIED,Incretin-based,GLP-1/GIP,True,False,False
NCT06901349,bimagrumab,Eli Lilly and Company,INDUSTRY,"A Study of Bimagrumab (LY3985863) and Tirzepatide (LY3298176), Alone or in Combination, in Participants With Obesity or Overweight With Type 2 Diabetes",PHASE2,WITHDRAWN,bimagrumab,bimagrumab,Lean-mass preservation,activin receptor blockade,ActRIIA; ActRIIB,Activin type II receptor-blocking antibody,monoclonal antibody,,False,VERIFIED,high,https://www.nature.com/articles/s41591-026-04204-0,Promotes muscle growth/lean-mass preservation and fat-mass reduction.,False,VERIFIED,VERIFIED,Lean-mass preservation,activin receptor blockade,True,False,False
NCT06901349,tirzepatide,Eli Lilly and Company,INDUSTRY,"A Study of Bimagrumab (LY3985863) and Tirzepatide (LY3298176), Alone or in Combination, in Participants With Obesity or Overweight With Type 2 Diabetes",PHASE2,WITHDRAWN,tirzepatide,tirzepatide,Incretin-based,GLP-1/GIP,GLP1R; GIPR,Dual GLP-1/GIP receptor agonist,peptide,dual,True,VERIFIED,high,https://pubmed.ncbi.nlm.nih.gov/41054801/,Dual incretin agonist.,False,VERIFIED,VERIFIED,Incretin-based,GLP-1/GIP,True,False,False
NCT06904105,hrs-7535,"Shandong Suncadia Medicine Co., Ltd.",INDUSTRY,A Trial of HRS-7535 Tablets in Subjects With Overweight or Obesity,PHASE3,COMPLETED,hrs-7535,hrs-7535,Incretin-based,GLP-1,GLP1R,GLP-1 receptor agonist,small molecule,mono,True,VERIFIED,high,https://www.hengrui.com/en/media/detail-1030.html,Oral small-molecule GLP-1RA.,False,VERIFIED,VERIFIED,Incretin-based,GLP-1,True,False,False
NCT06909006,semaglutide,Nordsjaellands Hospital,OTHER,Semaglutide Treatment in Type 1 Diabetes,PHASE3,NOT_YET_RECRUITING,semaglutide,semaglutide,Incretin-based,GLP-1,GLP1R,GLP-1 receptor agonist,peptide,mono,True,VERIFIED,high,https://pubmed.ncbi.nlm.nih.gov/41054801/,Long-acting GLP-1 analogue.,False,VERIFIED,VERIFIED,Incretin-based,GLP-1,True,False,False
NCT06910839,danuglipron,Pfizer,INDUSTRY,"Study to Learn About How the Study Medicines Called PF-07976016 and PF-06882961 Are Taken Up by the Body, and if Either of Them Change How the Body Processes the Other Medicine in Otherwise Healthy Adults With Overweight or Obesity",PHASE1,TERMINATED,danuglipron,danuglipron,Incretin-based,GLP-1,GLP1R,GLP-1 receptor agonist,small molecule,mono,True,VERIFIED,high,https://pubmed.ncbi.nlm.nih.gov/41054801/,Oral nonpeptide GLP-1RA.,False,VERIFIED,VERIFIED,Incretin-based,GLP-1,True,False,False
NCT06910839,pf-07976016,Pfizer,INDUSTRY,"Study to Learn About How the Study Medicines Called PF-07976016 and PF-06882961 Are Taken Up by the Body, and if Either of Them Change How the Body Processes the Other Medicine in Otherwise Healthy Adults With Overweight or Obesity",PHASE1,TERMINATED,pf-07976016,PF-07976016,Undisclosed,undisclosed,,,undisclosed,,,RESEARCH_REQUIRED,low,https://clinical-trials-search.canada.ca/en/clinical-trial/289886-overweightobesity,"Pfizer identifies this as an obesity/weight-loss asset, but an authoritative public mechanism was not found.",False,RESEARCH_REQUIRED,UNRESOLVED_PUBLIC_INFO,Undisclosed / insufficient public information,Undisclosed,False,True,False
NCT06911203,bgm0504,"BrightGene Bio-Medical Technology Co., Ltd.",INDUSTRY,A Study of BGM0504 in Participants With Obesity,PHASE2,RECRUITING,bgm0504,bgm0504,Incretin-based,GLP-1/GIP,GLP1R; GIPR,Dual GLP-1/GIP receptor agonist,peptide,dual,True,VERIFIED,high,https://pubmed.ncbi.nlm.nih.gov/39840511/,Optimised dual agonist peptide.,False,VERIFIED,VERIFIED,Incretin-based,GLP-1/GIP,True,False,False
NCT06911203,tirzepatide,"BrightGene Bio-Medical Technology Co., Ltd.",INDUSTRY,A Study of BGM0504 in Participants With Obesity,PHASE2,RECRUITING,tirzepatide,tirzepatide,Incretin-based,GLP-1/GIP,GLP1R; GIPR,Dual GLP-1/GIP receptor agonist,peptide,dual,True,VERIFIED,high,https://pubmed.ncbi.nlm.nih.gov/41054801/,Dual incretin agonist.,False,VERIFIED,VERIFIED,Incretin-based,GLP-1/GIP,True,False,False
NCT06914895,tirzepatide,Eli Lilly and Company,INDUSTRY,A Study of Tirzepatide (LY3298176) Compared With Placebo in Adults With Type 1 Diabetes and Obesity or Overweight,PHASE3,ACTIVE_NOT_RECRUITING,tirzepatide,tirzepatide,Incretin-based,GLP-1/GIP,GLP1R; GIPR,Dual GLP-1/GIP receptor agonist,peptide,dual,True,VERIFIED,high,https://pubmed.ncbi.nlm.nih.gov/41054801/,Dual incretin agonist.,False,VERIFIED,VERIFIED,Incretin-based,GLP-1/GIP,True,False,False
NCT06916065,eloralintide,Eli Lilly and Company,INDUSTRY,A Study of Eloralintide (LY3841136) and Eloralintide With Tirzepatide in Participants With Overweight or Obesity,PHASE1,COMPLETED,eloralintide,eloralintide,Amylin-based,amylin,AMY1R (preferential); AMY3R; CTR,"Selective amylin receptor agonist, preferential for AMY1R",peptide,multi,False,VERIFIED,high,https://pubmed.ncbi.nlm.nih.gov/41109426/,Long-acting amylin analogue with preferential human AMY1R activation.,False,VERIFIED,VERIFIED,Amylin-based,amylin,True,False,False
NCT06916065,eloralintide + tirzepatide,Eli Lilly and Company,INDUSTRY,A Study of Eloralintide (LY3841136) and Eloralintide With Tirzepatide in Participants With Overweight or Obesity,PHASE1,COMPLETED,eloralintide + tirzepatide,eloralintide + tirzepatide,Incretin + amylin,amylin + GLP-1/GIP combination,amylin receptors; GLP1R; GIPR,Combination of selective amylin-receptor agonism with dual GLP-1/GIP agonism,peptide combination,combination,True,VERIFIED,high,,Combination obesity regimen.,False,VERIFIED,VERIFIED,Incretin + amylin,amylin + GLP-1/GIP combination,True,False,False
NCT06916091,eloralintide,Eli Lilly and Company,INDUSTRY,A Study of Eloralintide (LY3841136) in Chinese Participants With Obesity or Overweight,PHASE1,COMPLETED,eloralintide,eloralintide,Amylin-based,amylin,AMY1R (preferential); AMY3R; CTR,"Selective amylin receptor agonist, preferential for AMY1R",peptide,multi,False,VERIFIED,high,https://pubmed.ncbi.nlm.nih.gov/41109426/,Long-acting amylin analogue with preferential human AMY1R activation.,False,VERIFIED,VERIFIED,Amylin-based,amylin,True,False,False
NCT06918405,tirzepatide,Chittagong Medical College,OTHER,Efficacy and Safety of Tirzepatide for Weight Management,PHASE3,ACTIVE_NOT_RECRUITING,tirzepatide,tirzepatide,Incretin-based,GLP-1/GIP,GLP1R; GIPR,Dual GLP-1/GIP receptor agonist,peptide,dual,True,VERIFIED,high,https://pubmed.ncbi.nlm.nih.gov/41054801/,Dual incretin agonist.,False,VERIFIED,VERIFIED,Incretin-based,GLP-1/GIP,True,False,False
NCT06920056,bgm0504,"BrightGene Bio-Medical Technology Co., Ltd.",INDUSTRY,A Study of BGM0504 in Overweight or Obese Participants,PHASE1,COMPLETED,bgm0504,bgm0504,Incretin-based,GLP-1/GIP,GLP1R; GIPR,Dual GLP-1/GIP receptor agonist,peptide,dual,True,VERIFIED,high,https://pubmed.ncbi.nlm.nih.gov/39840511/,Optimised dual agonist peptide.,False,VERIFIED,VERIFIED,Incretin-based,GLP-1/GIP,True,False,False
NCT06921486,efsubaglutide alfa,"Shanghai Yinnuo Pharmaceutical Technology Co., Ltd.",OTHER,The Efficacy and Safety of Efsubaglutide Alfa Injection in Overweight and Obese Subjects (ENLIGHT),PHASE2; PHASE3,ACTIVE_NOT_RECRUITING,efsubaglutide alfa,efsubaglutide alfa,Incretin-based,GLP-1,GLP1R,Long-acting GLP-1 receptor agonist,Fc-fusion protein,mono,True,VERIFIED,high,https://pubmed.ncbi.nlm.nih.gov/41107649/,Two GLP-1 molecules fused to human IgG2 Fc.,False,VERIFIED,VERIFIED,Incretin-based,GLP-1,True,False,False
NCT06924320,berobenatide,Pfizer,INDUSTRY,A Study of MET233 in Combination With MET097 in Individuals With Obesity or Overweight With or Without Diabetes,PHASE1; PHASE2,RECRUITING,berobenatide,berobenatide,Incretin-based,GLP-1,GLP1R,Long-acting biased GLP-1 receptor agonist,peptide,mono,True,VERIFIED,high,https://www.pfizer.com/news/press-release/press-release-detail/robust-phase-2b-efficacy-and-favorable-tolerability-support,PF-08653944/MET-097i; ultra-long acting peptide.,False,VERIFIED,VERIFIED,Incretin-based,GLP-1,True,False,False
NCT06924320,met233 and met097,Pfizer,INDUSTRY,A Study of MET233 in Combination With MET097 in Individuals With Obesity or Overweight With or Without Diabetes,PHASE1; PHASE2,RECRUITING,,met233 and met097,,,,,,,,UNMAPPED,,,,False,UNMAPPED,UNCLASSIFIED_LONG_TAIL,Unclassified long tail,Not individually reviewed,False,False,True
NCT06926842,petrelintide,Zealand Pharma,INDUSTRY,Efficacy and Safety of Petrelintide in Participants With Overweight or Obesity and Type 2 Diabetes (ZUPREME 2),PHASE2,ACTIVE_NOT_RECRUITING,petrelintide,petrelintide,Amylin-based,amylin,amylin receptors; CTR,Long-acting human amylin analogue,peptide,multi,False,VERIFIED,high,https://pubmed.ncbi.nlm.nih.gov/41217931/,Long-acting amylin analogue.,False,VERIFIED,VERIFIED,Amylin-based,amylin,True,False,False
NCT06929156,bgm0504,"BrightGene Bio-Medical Technology Co., Ltd.",INDUSTRY,A Study of BGM0504 in Healthy Participants and Participants With Impaired Renal Function,PHASE1,COMPLETED,bgm0504,bgm0504,Incretin-based,GLP-1/GIP,GLP1R; GIPR,Dual GLP-1/GIP receptor agonist,peptide,dual,True,VERIFIED,high,https://pubmed.ncbi.nlm.nih.gov/39840511/,Optimised dual agonist peptide.,False,VERIFIED,VERIFIED,Incretin-based,GLP-1/GIP,True,False,False
NCT06934408,hrs-5817,"Fujian Shengdi Pharmaceutical Co., Ltd.",INDUSTRY,"A Phase I Study to Evaluate the Safety, Tolerability, Pharmacokinetics and Pharmacodynamics of HRS-5817 Injection",PHASE1,RECRUITING,hrs-5817,hrs-5817,Undisclosed,undisclosed,,,injectable,,,RESEARCH_REQUIRED,low,https://www.hengrui.com/media/detail-745.html,"Hengrui confirms a novel obesity target and notes no marketed drug shares the target, but does not publicly disclose the target.",False,RESEARCH_REQUIRED,UNRESOLVED_PUBLIC_INFO,Undisclosed / insufficient public information,Undisclosed,False,True,False
NCT06934655,semaglutide,Children's Hospital Los Angeles,OTHER,Early Reinitiation of Semaglutide Post-Sleeve Gastrectomy in Youth,PHASE3,RECRUITING,semaglutide,semaglutide,Incretin-based,GLP-1,GLP1R,GLP-1 receptor agonist,peptide,mono,True,VERIFIED,high,https://pubmed.ncbi.nlm.nih.gov/41054801/,Long-acting GLP-1 analogue.,False,VERIFIED,VERIFIED,Incretin-based,GLP-1,True,False,False
NCT06935838,tirzepatide,University of Hawaii,OTHER,Effects of Tirzepatide on Weight Loss and Chronic Inflammation in People With HIV,PHASE2,COMPLETED,tirzepatide,tirzepatide,Incretin-based,GLP-1/GIP,GLP1R; GIPR,Dual GLP-1/GIP receptor agonist,peptide,dual,True,VERIFIED,high,https://pubmed.ncbi.nlm.nih.gov/41054801/,Dual incretin agonist.,False,VERIFIED,VERIFIED,Incretin-based,GLP-1/GIP,True,False,False
NCT06937086,tirzepatide,Eli Lilly and Company,INDUSTRY,Mirikizumab Administered at the Same Time as Tirzepatide in Adult Participants With Moderately to Severely Active Ulcerative Colitis and Obesity or Overweight: Phase 3b Study,PHASE3,RECRUITING,tirzepatide,tirzepatide,Incretin-based,GLP-1/GIP,GLP1R; GIPR,Dual GLP-1/GIP receptor agonist,peptide,dual,True,VERIFIED,high,https://pubmed.ncbi.nlm.nih.gov/41054801/,Dual incretin agonist.,False,VERIFIED,VERIFIED,Incretin-based,GLP-1/GIP,True,False,False
NCT06937099,tirzepatide,Eli Lilly and Company,INDUSTRY,Mirikizumab and Tirzepatide Administered in Adult Participants With Moderately to Severely Active Crohn's Disease and Obesity or Overweight,PHASE3,RECRUITING,tirzepatide,tirzepatide,Incretin-based,GLP-1/GIP,GLP1R; GIPR,Dual GLP-1/GIP receptor agonist,peptide,dual,True,VERIFIED,high,https://pubmed.ncbi.nlm.nih.gov/41054801/,Dual incretin agonist.,False,VERIFIED,VERIFIED,Incretin-based,GLP-1/GIP,True,False,False
NCT06937203,aro-alk7,Arrowhead Pharmaceuticals,INDUSTRY,A First-In-Human Study of ARO-ALK7 in Adults With Obesity With and Without Type 2 Diabetes Mellitus,PHASE1; PHASE2,RECRUITING,aro-alk7,ARO-ALK7,Adipose signalling/RNAi,ALK7/ACVR1C,ACVR1C (ALK7),Adipocyte-targeted RNA interference reduces ALK7 expression,siRNA,,False,VERIFIED,high,https://ir.arrowheadpharma.com/news-releases/news-release-details/arrowhead-pharmaceuticals-announces-interim-clinical-data-rnai,Adipocyte-targeted RNAi obesity therapy.,False,VERIFIED,VERIFIED,Adipose signalling/RNAi,ALK7/ACVR1C,True,False,False
NCT06938269,mwn109,"Shanghai Minwei Biotechnology Co., Ltd",INDUSTRY,A Study to Evaluate MWN109 Tablets in Healthy Adult Participants,PHASE1,RECRUITING,mwn109,mwn109,Incretin-based,GLP-1/GIP/glucagon,GLP1R; GIPR; GCGR,Triple GLP-1/GIP/glucagon receptor agonist,peptide,triple,True,VERIFIED,high,https://diabetesjournals.org/diabetes/article/74/Supplement_1/1967-LB/158767/,Long-acting triagonist; company also evaluates oral delivery.,False,VERIFIED,VERIFIED,Incretin-based,GLP-1/GIP/glucagon,True,False,False
NCT06938529,vct220,"Vincentage Pharma Co., Ltd",INDUSTRY,A Pharmacokinetic Study of VCT220 in Particicants With Hepatic Injury and Normal Hepatic Function,PHASE1,COMPLETED,vct220,vct220,Incretin-based,GLP-1,GLP1R,GLP-1 receptor agonist,small molecule,mono,True,VERIFIED,high,https://pubmed.ncbi.nlm.nih.gov/42595749/,Oral nonpeptide GLP-1RA.,False,VERIFIED,VERIFIED,Incretin-based,GLP-1,True,False,False
NCT06939296,vct220,"Vincentage Pharma Co., Ltd",INDUSTRY,A Research Study of VCT220 in Adult Chinese Participants With Obesity,PHASE3,ACTIVE_NOT_RECRUITING,vct220,vct220,Incretin-based,GLP-1,GLP1R,GLP-1 receptor agonist,small molecule,mono,True,VERIFIED,high,https://pubmed.ncbi.nlm.nih.gov/42595749/,Oral nonpeptide GLP-1RA.,False,VERIFIED,VERIFIED,Incretin-based,GLP-1,True,False,False
NCT06945419,ly4086940,Eli Lilly and Company,INDUSTRY,"A Study of LY4086940 in Healthy Participants and Participants With Overweight or Obesity, With or Without Type 2 Diabetes",PHASE1,COMPLETED,,ly4086940,,,,,,,,UNMAPPED,,,,False,UNMAPPED,UNCLASSIFIED_LONG_TAIL,Unclassified long tail,Not individually reviewed,False,False,True
NCT06948435,orforglipron,Eli Lilly and Company,INDUSTRY,A Master Protocol Study of Orforglipron (LY3502970) in Participants With Hypertension and Obesity or Overweight (ATTAIN-Hypertension) GZL1,PHASE3,ACTIVE_NOT_RECRUITING,orforglipron,orforglipron,Incretin-based,GLP-1,GLP1R,GLP-1 receptor agonist,small molecule,mono,True,VERIFIED,high,https://pubmed.ncbi.nlm.nih.gov/41054801/,Oral nonpeptide GLP-1RA.,False,VERIFIED,VERIFIED,Incretin-based,GLP-1,True,False,False
NCT06951945,thdbh120,"Tonghua Dongbao Pharmaceutical Co.,Ltd",INDUSTRY,"Multiple Dose Study to Investigate the Safety, Tolerability, Pharmacokinetics, and Efficacy of THDBH120 in Chinese Patients With Obesity",PHASE1,COMPLETED,thdbh120,THDBH120,Incretin-based,GLP-1/GIP,GLP1R; GIPR,Long-acting dual GLP-1/GIP receptor agonist,peptide,dual,True,VERIFIED,high,https://pubmed.ncbi.nlm.nih.gov/41690462/,Long-acting dual GIPR/GLP-1R agonist.,False,VERIFIED,VERIFIED,Incretin-based,GLP-1/GIP,True,False,False
NCT06953063,da-302168s,"Chendu DIAO Pharmaceutical Group CO., LTD.",INDUSTRY,A Study to Evaluate the Efficacy and Safety of DA-302168S Tablets in Overweight/Obese Subjects,PHASE2,COMPLETED,da-302168s,da-302168s,Incretin-based,GLP-1,GLP1R,GLP-1 receptor agonist,small molecule,mono,True,VERIFIED,high,https://pubmed.ncbi.nlm.nih.gov/40257122/,Oral small-molecule GLP-1RA.,False,VERIFIED,VERIFIED,Incretin-based,GLP-1,True,False,False
NCT06962280,tirzepatide,Eli Lilly and Company,INDUSTRY,A Long-Term Study of Tirzepatide (LY3298176) in Adults With Type 1 Diabetes and Obesity or Overweight,PHASE3,ACTIVE_NOT_RECRUITING,tirzepatide,tirzepatide,Incretin-based,GLP-1/GIP,GLP1R; GIPR,Dual GLP-1/GIP receptor agonist,peptide,dual,True,VERIFIED,high,https://pubmed.ncbi.nlm.nih.gov/41054801/,Dual incretin agonist.,False,VERIFIED,VERIFIED,Incretin-based,GLP-1/GIP,True,False,False
NCT06965413,ro7204239,Hoffmann-La Roche,INDUSTRY,"A Study to Assess Efficacy, Safety, Tolerability, Pharmacokinetics (PK) and Pharmacodynamics (PD) of RO7204239 in Combination With Tirzepatide in Participants With Obesity or Overweight With At Least One Weight-related Comorbidity",PHASE2,ACTIVE_NOT_RECRUITING,ro7204239,emugrobart,Lean-mass preservation,myostatin blockade,MSTN (myostatin/GDF8),Recycling/antigen-sweeping anti-myostatin monoclonal antibody,monoclonal antibody,,False,VERIFIED_ALIAS,high,https://forpatients.roche.com/content/dam/patient-platform/lps/global/bp45369/LPS_BP45369_final-results_May2026_English.pdf,RO7204239/GYM329 is emugrobart.,False,VERIFIED_ALIAS,VERIFIED_ALIAS,Lean-mass preservation,myostatin blockade,True,False,False
NCT06965413,tirzepatide,Hoffmann-La Roche,INDUSTRY,"A Study to Assess Efficacy, Safety, Tolerability, Pharmacokinetics (PK) and Pharmacodynamics (PD) of RO7204239 in Combination With Tirzepatide in Participants With Obesity or Overweight With At Least One Weight-related Comorbidity",PHASE2,ACTIVE_NOT_RECRUITING,tirzepatide,tirzepatide,Incretin-based,GLP-1/GIP,GLP1R; GIPR,Dual GLP-1/GIP receptor agonist,peptide,dual,True,VERIFIED,high,https://pubmed.ncbi.nlm.nih.gov/41054801/,Dual incretin agonist.,False,VERIFIED,VERIFIED,Incretin-based,GLP-1/GIP,True,False,False
NCT06968208,puerarin,Ruijin Hospital,OTHER,The Efficacy and Safety of Puerarin in Obesity Treatment,PHASE2,NOT_YET_RECRUITING,,puerarin,,,,,,,,UNMAPPED,,,,False,UNMAPPED,UNCLASSIFIED_LONG_TAIL,Unclassified long tail,Not individually reviewed,False,False,True
NCT06970405,garetosmab,Regeneron Pharmaceuticals,INDUSTRY,Study of Safety and Effects of Garetosmab in Healthy Obese Men and Post-Menopausal Women,PHASE1,WITHDRAWN,garetosmab,garetosmab,Lean-mass preservation,activin A blockade,Activin A (INHBA),Neutralising anti-activin A antibody,monoclonal antibody,,False,VERIFIED,high,https://pubmed.ncbi.nlm.nih.gov/32557665/,Used in obesity combinations to preserve/improve lean mass.,False,VERIFIED,VERIFIED,Lean-mass preservation,activin A blockade,True,False,False
NCT06972459,orforglipron,Eli Lilly and Company,INDUSTRY,A Study of Orforglipron (LY3502970) in Participants With Obesity or Overweight and at Least One Weight-Related Comorbidity,PHASE3,ACTIVE_NOT_RECRUITING,orforglipron,orforglipron,Incretin-based,GLP-1,GLP1R,GLP-1 receptor agonist,small molecule,mono,True,VERIFIED,high,https://pubmed.ncbi.nlm.nih.gov/41054801/,Oral nonpeptide GLP-1RA.,False,VERIFIED,VERIFIED,Incretin-based,GLP-1,True,False,False
NCT06972472,orforglipron,Eli Lilly and Company,INDUSTRY,A Study of Orforglipron (LY3502970) in Participants With Obesity or Overweight and Type 2 Diabetes,PHASE3,ACTIVE_NOT_RECRUITING,orforglipron,orforglipron,Incretin-based,GLP-1,GLP1R,GLP-1 receptor agonist,small molecule,mono,True,VERIFIED,high,https://pubmed.ncbi.nlm.nih.gov/41054801/,Oral nonpeptide GLP-1RA.,False,VERIFIED,VERIFIED,Incretin-based,GLP-1,True,False,False
NCT06973681,bgm0504,"BrightGene Bio-Medical Technology Co., Ltd.",INDUSTRY,A Study of BGM0504 Evaluating Weight Loss in Overweight or Obese Chinese Subjects,PHASE2,COMPLETED,bgm0504,bgm0504,Incretin-based,GLP-1/GIP,GLP1R; GIPR,Dual GLP-1/GIP receptor agonist,peptide,dual,True,VERIFIED,high,https://pubmed.ncbi.nlm.nih.gov/39840511/,Optimised dual agonist peptide.,False,VERIFIED,VERIFIED,Incretin-based,GLP-1/GIP,True,False,False
NCT06973720,berobenatide,Pfizer,INDUSTRY,A Phase 2b Study to Evaluate the Efficacy and Safety of Once-Monthly MET097 in Adults With Obesity or Overweight,PHASE2,ACTIVE_NOT_RECRUITING,berobenatide,berobenatide,Incretin-based,GLP-1,GLP1R,Long-acting biased GLP-1 receptor agonist,peptide,mono,True,VERIFIED,high,https://www.pfizer.com/news/press-release/press-release-detail/robust-phase-2b-efficacy-and-favorable-tolerability-support,PF-08653944/MET-097i; ultra-long acting peptide.,False,VERIFIED,VERIFIED,Incretin-based,GLP-1,True,False,False
NCT06974851,ribupatide,"Fujian Shengdi Pharmaceutical Co., Ltd.",INDUSTRY,A Phase III Study Evaluating the Efficacy and Safety of HRS9531 Injection in Subjects With Obstructive Sleep Apnea (OSA) and Obesity,PHASE3,RECRUITING,ribupatide,ribupatide,Incretin-based,GLP-1/GIP,GLP1R; GIPR,Dual GLP-1/GIP receptor agonist,peptide,dual,True,VERIFIED,high,https://www.hengrui.com/en/media/detail-991.html,HRS9531/KAI-9531; injectable and oral formulations in development.,False,VERIFIED,VERIFIED,Incretin-based,GLP-1/GIP,True,False,False
NCT06976372,maridebart cafraglutide,Amgen,INDUSTRY,A Study to Evaluate AMG 133 Administered Subcutaneously in Participants With Overweight or Obesity,PHASE1,COMPLETED,maridebart cafraglutide,maridebart cafraglutide,Incretin-based,GLP-1 agonism + GIP antagonism,GLP1R; GIPR,GLP-1 receptor agonism plus GIP receptor antagonism,antibody-peptide conjugate,,True,VERIFIED,high,https://pubmed.ncbi.nlm.nih.gov/38316982/,Anti-GIPR antibody conjugated to GLP-1 agonist peptides.,False,VERIFIED,VERIFIED,Incretin-based,GLP-1 agonism + GIP antagonism,True,False,False
NCT06977438,semaglutide,University of Minnesota,OTHER,GLP-1 Plus Lifestyle for Overall Wellness: Find Your Way Forward,PHASE4,NOT_YET_RECRUITING,semaglutide,semaglutide,Incretin-based,GLP-1,GLP1R,GLP-1 receptor agonist,peptide,mono,True,VERIFIED,high,https://pubmed.ncbi.nlm.nih.gov/41054801/,Long-acting GLP-1 analogue.,False,VERIFIED,VERIFIED,Incretin-based,GLP-1,True,False,False
NCT06982131,pitavastatin,Hoffmann-La Roche,INDUSTRY,A Study Investigating the Safety of RO7795081 and the Effect of RO7795081 on How the Body Processes Pitavastatin and Rosuvastatin in Otherwise Healthy Overweight or Obese Adult Participants,PHASE1,RECRUITING,,pitavastatin,,,,,,,,UNMAPPED,,,,False,UNMAPPED,UNCLASSIFIED_LONG_TAIL,Unclassified long tail,Not individually reviewed,False,False,True
NCT06982131,ro7795081,Hoffmann-La Roche,INDUSTRY,A Study Investigating the Safety of RO7795081 and the Effect of RO7795081 on How the Body Processes Pitavastatin and Rosuvastatin in Otherwise Healthy Overweight or Obese Adult Participants,PHASE1,RECRUITING,ro7795081,ro7795081,Incretin-based,GLP-1,GLP1R,Biased GLP-1 receptor agonist,small molecule,mono,True,VERIFIED,high,https://clinicaltrials.gov/study/NCT05814107,Same molecule as CT-996 / RG6652; Roche now uses active-substance code RO7795081.,False,VERIFIED,VERIFIED,Incretin-based,GLP-1,True,False,False
NCT06987695,maridebart cafraglutide,Amgen,INDUSTRY,Efficacy and Safety of Maridebart Cafraglutide in Adult Participants in Japan Who Have Obesity Disease,PHASE3,ACTIVE_NOT_RECRUITING,maridebart cafraglutide,maridebart cafraglutide,Incretin-based,GLP-1 agonism + GIP antagonism,GLP1R; GIPR,GLP-1 receptor agonism plus GIP receptor antagonism,antibody-peptide conjugate,,True,VERIFIED,high,https://pubmed.ncbi.nlm.nih.gov/38316982/,Anti-GIPR antibody conjugated to GLP-1 agonist peptides.,False,VERIFIED,VERIFIED,Incretin-based,GLP-1 agonism + GIP antagonism,True,False,False
NCT06988553,azd5004,Eccogene,INDUSTRY,A Phase Ib Study of AZD5004 in Chinese Participants With Overweight/Obesity With or Without Type 2 Diabetes Mellitus,PHASE1,COMPLETED,azd5004,elecoglipron,Incretin-based,GLP-1,GLP1R,GLP-1 receptor agonist,small molecule,mono,True,VERIFIED_ALIAS,high,https://www.astrazeneca.com/our-therapy-areas/pipeline.html,AZD5004 (formerly ECC5004) is now named elecoglipron.,False,VERIFIED_ALIAS,VERIFIED_ALIAS,Incretin-based,GLP-1,True,False,False
NCT06989177,semaglutide,Chinese Academy of Sciences,OTHER_GOV,Probiotic Intervention on Body Weight,,RECRUITING,semaglutide,semaglutide,Incretin-based,GLP-1,GLP1R,GLP-1 receptor agonist,peptide,mono,True,VERIFIED,high,https://pubmed.ncbi.nlm.nih.gov/41054801/,Long-acting GLP-1 analogue.,False,VERIFIED,VERIFIED,Incretin-based,GLP-1,True,False,False
NCT06989203,semaglutide,Chinese Academy of Sciences,OTHER_GOV,Protein Supplementation Intervention on Body Weight,,RECRUITING,semaglutide,semaglutide,Incretin-based,GLP-1,GLP1R,GLP-1 receptor agonist,peptide,mono,True,VERIFIED,high,https://pubmed.ncbi.nlm.nih.gov/41054801/,Long-acting GLP-1 analogue.,False,VERIFIED,VERIFIED,Incretin-based,GLP-1,True,False,False
NCT06993428,emp16-02 orlistat/ acarbose,Empros Pharma AB,INDUSTRY,A Trial With EMP16 in Preparation for Late Phase Studies,PHASE2,NOT_YET_RECRUITING,emp16-02 orlistat/ acarbose,EMP16 (orlistat + acarbose),GI nutrient absorption,lipase + carbohydrate-digestion inhibition,gastric/pancreatic lipases; intestinal alpha-glucosidases/amylase,Modified-release combination reduces fat absorption and delays carbohydrate digestion,small-molecule combination/formulation,,False,VERIFIED_ALIAS,high,https://pubmed.ncbi.nlm.nih.gov/36123783/,EMP16 is modified-release orlistat + acarbose.,False,VERIFIED_ALIAS,VERIFIED_ALIAS,GI nutrient absorption,lipase + carbohydrate-digestion inhibition,True,False,False
NCT06993428,orlistat,Empros Pharma AB,INDUSTRY,A Trial With EMP16 in Preparation for Late Phase Studies,PHASE2,NOT_YET_RECRUITING,orlistat,orlistat,GI nutrient absorption,lipase inhibition,gastric and pancreatic lipases,Gastrointestinal lipase inhibitor reducing dietary fat absorption,small molecule,,False,VERIFIED,high,,Peripheral gastrointestinal mechanism.,False,VERIFIED,VERIFIED,GI nutrient absorption,lipase inhibition,True,False,False
NCT06994338,tirzepatide,University of Southern California,OTHER,Tirzepatide for Alcohol Use Disorder,PHASE2,RECRUITING,tirzepatide,tirzepatide,Incretin-based,GLP-1/GIP,GLP1R; GIPR,Dual GLP-1/GIP receptor agonist,peptide,dual,True,VERIFIED,high,https://pubmed.ncbi.nlm.nih.gov/41054801/,Dual incretin agonist.,False,VERIFIED,VERIFIED,Incretin-based,GLP-1/GIP,True,False,False
NCT06994650,ribupatide,"Fujian Shengdi Pharmaceutical Co., Ltd.",INDUSTRY,"A Multicenter, Randomized, Double-blind, Placebo-controlled Phase III Clinical Study to Evaluate the Efficacy and Safety of HRS9531 Injection in Subjects With Obstructive Sleep Apnea (OSA) and Obesity Who Are on Positive Airway Pressure Ventilation (PAP) Therapy",PHASE3,RECRUITING,ribupatide,ribupatide,Incretin-based,GLP-1/GIP,GLP1R; GIPR,Dual GLP-1/GIP receptor agonist,peptide,dual,True,VERIFIED,high,https://www.hengrui.com/en/media/detail-991.html,HRS9531/KAI-9531; injectable and oral formulations in development.,False,VERIFIED,VERIFIED,Incretin-based,GLP-1/GIP,True,False,False
NCT07000955,mazdutide,Innovent Biologics (Suzhou) Co. Ltd.,INDUSTRY,Tolerance and Pharmacokinetic/Pharmacokinetic Study of IBI362 15mg in Patients With Moderate to Severe Obesity,PHASE1; PHASE2,ACTIVE_NOT_RECRUITING,mazdutide,mazdutide,Incretin-based,GLP-1/glucagon,GLP1R; GCGR,Dual GLP-1/glucagon receptor agonist,peptide,dual,True,VERIFIED,high,https://pubmed.ncbi.nlm.nih.gov/41054801/,Former development code IBI362/LY3305677.,False,VERIFIED,VERIFIED,Incretin-based,GLP-1/glucagon,True,False,False
NCT07004322,nnc0519-0130,Novo Nordisk A/S,INDUSTRY,A Research Study of the New Medicine NNC0519-0130 in Male Chinese Participants Living With Excess Body Weight,PHASE1,COMPLETED,nnc0519-0130,nnc0519-0130,Undisclosed,undisclosed,,,undisclosed,,,RESEARCH_REQUIRED,low,https://clinicaltrials.gov/study/NCT06567041,"Novo Nordisk publicly identifies it as an obesity medicine, but an authoritative public mechanism was not found.",False,RESEARCH_REQUIRED,UNRESOLVED_PUBLIC_INFO,Undisclosed / insufficient public information,Undisclosed,False,True,False
NCT07009171,kds2010,"NeuroBiogen Co., Ltd",INDUSTRY,Study to Evaluate the Efficacy and Safety of KDS2010 in Overweight or Obese Patients,PHASE2,RECRUITING,,kds2010,,,,,,,,UNMAPPED,,,,False,UNMAPPED,UNCLASSIFIED_LONG_TAIL,Unclassified long tail,Not individually reviewed,False,False,True
NCT07010432,cagrilintide,Novo Nordisk A/S,INDUSTRY,The Role of the Amylin Analogue Cagrilintide in Bone Metabolism,PHASE1,RECRUITING,cagrilintide,cagrilintide,Amylin-based,amylin,AMY1R; AMY2R; AMY3R; CTR,Long-acting amylin/calcitonin receptor agonist,peptide,multi,False,VERIFIED,high,https://pubmed.ncbi.nlm.nih.gov/42452898/,Long-acting amylin analogue with activity across amylin receptors and CTR.,False,VERIFIED,VERIFIED,Amylin-based,amylin,True,False,False
NCT07010432,semaglutide,Novo Nordisk A/S,INDUSTRY,The Role of the Amylin Analogue Cagrilintide in Bone Metabolism,PHASE1,RECRUITING,semaglutide,semaglutide,Incretin-based,GLP-1,GLP1R,GLP-1 receptor agonist,peptide,mono,True,VERIFIED,high,https://pubmed.ncbi.nlm.nih.gov/41054801/,Long-acting GLP-1 analogue.,False,VERIFIED,VERIFIED,Incretin-based,GLP-1,True,False,False
NCT07011667,cagrilintide + semaglutide,Novo Nordisk A/S,INDUSTRY,A Research Study to Look at How Well CagriSema Helps People Living With Obesity Lose Weight and Maintain Weight Loss in the Long-term,PHASE3,ACTIVE_NOT_RECRUITING,cagrilintide + semaglutide,cagrilintide + semaglutide,Incretin + amylin,amylin + GLP-1 combination,AMY1R/AMY2R/AMY3R; CTR; GLP1R,Combination of amylin-receptor agonism and GLP-1 receptor agonism,peptide combination,combination,True,VERIFIED,high,https://pubmed.ncbi.nlm.nih.gov/41054801/,CagriSema.,False,VERIFIED,VERIFIED,Incretin + amylin,amylin + GLP-1 combination,True,False,False
NCT07011797,cx11,Corxel Pharmaceuticals,INDUSTRY,A Study to Evaluate the Efficacy and Safety of CX11 Tablets in Overweight/Obese Participants,PHASE2,COMPLETED,cx11,vct220,Incretin-based,GLP-1,GLP1R,GLP-1 receptor agonist,small molecule,mono,True,VERIFIED_ALIAS,high,https://www.corxelbio.com/en/pipeline-science/,CX11 is also known as VCT220; collapse to VCT220 identity.,False,VERIFIED_ALIAS,VERIFIED_ALIAS,Incretin-based,GLP-1,True,False,False
NCT07017179,azd6234,AstraZeneca,INDUSTRY,"This is a Multi-centre, Multi-drug, Platform Study in Chinese Participants Living With Obesity / Overweight",PHASE2,ACTIVE_NOT_RECRUITING,azd6234,azd6234,Amylin-based,amylin,amylin receptors,Selective amylin receptor agonist,peptide,multi,False,VERIFIED,high,https://www.astrazeneca.com/media-centre/press-releases/2026/astrazeneca-agrees-obesity-and-t2d-deal-with-cspc.html,Weekly injectable selective amylin receptor agonist (SARA).,False,VERIFIED,VERIFIED,Amylin-based,amylin,True,False,False
NCT07017179,azd6234 in combination with azd9550,AstraZeneca,INDUSTRY,"This is a Multi-centre, Multi-drug, Platform Study in Chinese Participants Living With Obesity / Overweight",PHASE2,ACTIVE_NOT_RECRUITING,azd6234 in combination with azd9550,AZD6234 + AZD9550,Incretin + amylin,amylin + GLP-1/glucagon combination,amylin receptors; GLP1R; GCGR,Combination of selective amylin-receptor agonism with dual GLP-1/glucagon agonism,peptide combination,combination,True,VERIFIED_ALIAS,high,https://www.astrazeneca.com/our-therapy-areas/pipeline.html,Registry wording for AZD6234 + AZD9550 combination.,False,VERIFIED_ALIAS,VERIFIED_ALIAS,Incretin + amylin,amylin + GLP-1/glucagon combination,True,False,False
NCT07017179,azd9550,AstraZeneca,INDUSTRY,"This is a Multi-centre, Multi-drug, Platform Study in Chinese Participants Living With Obesity / Overweight",PHASE2,ACTIVE_NOT_RECRUITING,azd9550,azd9550,Incretin-based,GLP-1/glucagon,GLP1R; GCGR,Dual GLP-1/glucagon receptor agonist,peptide,dual,True,VERIFIED,high,https://www.astrazeneca.com/media-centre/press-releases/2026/astrazeneca-agrees-obesity-and-t2d-deal-with-cspc.html,Weekly injectable dual agonist.,False,VERIFIED,VERIFIED,Incretin-based,GLP-1/glucagon,True,False,False
NCT07020884,zt002,"Beijing QL Biopharmaceutical Co.,Ltd",INDUSTRY,A Study of ZT002 Injection With Subjects With Overweight or Obesity,PHASE2,COMPLETED,zt002,zovaglutide,Incretin-based,GLP-1,GLP1R,Ultra-long-acting GLP-1 receptor agonist,peptide,mono,True,VERIFIED_ALIAS,high,https://clinicaltrials.gov/study/NCT07230119,ZT002 is zovaglutide; collapse into zovaglutide identity.,False,VERIFIED_ALIAS,VERIFIED_ALIAS,Incretin-based,GLP-1,True,False,False
NCT07022977,met233,Pfizer,INDUSTRY,A Study of MET233 in Individuals With Obesity or Overweight,PHASE1,COMPLETED,,met233,,,,,,,,UNMAPPED,,,,False,UNMAPPED,UNCLASSIFIED_LONG_TAIL,Unclassified long tail,Not individually reviewed,False,False,True
NCT07030868,naperiglipron,Eli Lilly and Company,INDUSTRY,A Study of LY3549492 in Adults With Obesity or Overweight With Type 2 Diabetes,PHASE2,TERMINATED,naperiglipron,naperiglipron,Incretin-based,GLP-1,GLP1R,GLP-1 receptor agonist,small molecule,mono,True,VERIFIED,high,https://www.lilly.com/science/research-development/pipeline,LY3549492; Lilly oral small-molecule GLP-1RA.,False,VERIFIED,VERIFIED,Incretin-based,GLP-1,True,False,False
NCT07035093,retatrutide,Eli Lilly and Company,INDUSTRY,A Study of Retatrutide (LY3437943) in Participants Who Have Obesity or Overweight and Chronic Low Back Pain,PHASE3,ACTIVE_NOT_RECRUITING,retatrutide,retatrutide,Incretin-based,GLP-1/GIP/glucagon,GLP1R; GIPR; GCGR,Triple GLP-1/GIP/glucagon receptor agonist,peptide,triple,True,VERIFIED,high,https://pubmed.ncbi.nlm.nih.gov/41054801/,Triple incretin/glucagon agonist.,False,VERIFIED,VERIFIED,Incretin-based,GLP-1/GIP/glucagon,True,False,False
NCT07036172,hdm1702,"Hangzhou Zhongmei Huadong Pharmaceutical Co., Ltd.",INDUSTRY,Efficacy and Safety of Semaglutide Injection Vs WEGOVY® in Chinese Obese Patients,PHASE3,RECRUITING,hdm1702,hdm1702,Undisclosed,undisclosed,,,undisclosed,,,RESEARCH_REQUIRED,low,https://static.cninfo.com.cn/finalpage/2026-07-09/1225414770.PDF,Huadong obesity programme confirmed; authoritative public mechanism not identified.,False,RESEARCH_REQUIRED,UNRESOLVED_PUBLIC_INFO,Undisclosed / insufficient public information,Undisclosed,False,True,False
NCT07036172,semaglutide,"Hangzhou Zhongmei Huadong Pharmaceutical Co., Ltd.",INDUSTRY,Efficacy and Safety of Semaglutide Injection Vs WEGOVY® in Chinese Obese Patients,PHASE3,RECRUITING,semaglutide,semaglutide,Incretin-based,GLP-1,GLP1R,GLP-1 receptor agonist,peptide,mono,True,VERIFIED,high,https://pubmed.ncbi.nlm.nih.gov/41054801/,Long-acting GLP-1 analogue.,False,VERIFIED,VERIFIED,Incretin-based,GLP-1,True,False,False
NCT07036601,thdbh120,"Tonghua Dongbao Pharmaceutical Co.,Ltd",INDUSTRY,Phase II Study of THDBH120 Injection in Overweight or Obese Subjects,PHASE2,RECRUITING,thdbh120,THDBH120,Incretin-based,GLP-1/GIP,GLP1R; GIPR,Long-acting dual GLP-1/GIP receptor agonist,peptide,dual,True,VERIFIED,high,https://pubmed.ncbi.nlm.nih.gov/41690462/,Long-acting dual GIPR/GLP-1R agonist.,False,VERIFIED,VERIFIED,Incretin-based,GLP-1/GIP,True,False,False
NCT07037459,maridebart cafraglutide,Amgen,INDUSTRY,Maridebart Cafraglutide in Heart Failure With Preserved or Mildly Reduced Ejection Fraction and Obesity,PHASE3,RECRUITING,maridebart cafraglutide,maridebart cafraglutide,Incretin-based,GLP-1 agonism + GIP antagonism,GLP1R; GIPR,GLP-1 receptor agonism plus GIP receptor antagonism,antibody-peptide conjugate,,True,VERIFIED,high,https://pubmed.ncbi.nlm.nih.gov/38316982/,Anti-GIPR antibody conjugated to GLP-1 agonist peptides.,False,VERIFIED,VERIFIED,Incretin-based,GLP-1 agonism + GIP antagonism,True,False,False
NCT07055516,nt-0796,NodThera Limited,INDUSTRY,Evaluate the Efficacy and Safety of NT-0796 in Participants With Obesity With or Without Type 2 Diabetes Mellitus,PHASE2,COMPLETED,nt-0796,NT-0796,Inflammation/metabolic,NLRP3 inflammasome,NLRP3,NLRP3 inflammasome inhibitor,small molecule,,False,VERIFIED,high,https://pmc.ncbi.nlm.nih.gov/articles/PMC12210099/,Anti-inflammatory metabolic mechanism; developed alone and with GLP-1RA.,False,VERIFIED,VERIFIED,Inflammation/metabolic,NLRP3 inflammasome,True,False,False
NCT07056842,itraconazole + vct220,"Vincentage Pharma Co., Ltd",INDUSTRY,"This is an Open-label, Non-randomized Study to Assess the Pharmacokinetics (PK) of VCT220 in Healthy Volunteers When Administered With Rifampin or Itraconazole",PHASE1,COMPLETED,,itraconazole + vct220,,,,,,,,UNMAPPED,,,,False,UNMAPPED,UNCLASSIFIED_LONG_TAIL,Unclassified long tail,Not individually reviewed,False,False,True
NCT07056842,rifampin + vct220,"Vincentage Pharma Co., Ltd",INDUSTRY,"This is an Open-label, Non-randomized Study to Assess the Pharmacokinetics (PK) of VCT220 in Healthy Volunteers When Administered With Rifampin or Itraconazole",PHASE1,COMPLETED,,rifampin + vct220,,,,,,,,UNMAPPED,,,,False,UNMAPPED,UNCLASSIFIED_LONG_TAIL,Unclassified long tail,Not individually reviewed,False,False,True
NCT07057310,semaglutide or tirzepatide,Mayo Clinic,OTHER,Aging Well: Targeting Obesity With GLP-1 Agonists to Enhance Physical and Vascular Health in Postmenopausal Women,PHASE4,ENROLLING_BY_INVITATION,semaglutide or tirzepatide,semaglutide or tirzepatide,Incretin-based,GLP-1-based mixed class,GLP1R; optionally GIPR,Registry class label covering either semaglutide or tirzepatide,peptide / mixed class label,mixed,True,VERIFIED,medium,,Do not collapse to a single molecule; retain as a mixed treatment-class label.,False,VERIFIED,VERIFIED,Incretin-based,GLP-1-based mixed class,True,False,False
NCT07057674,hs-20094 ai pen,"Jiangsu Hansoh Pharmaceutical Co., Ltd.",INDUSTRY,A Study of HS-20094 in Overweight or Obese Participants,PHASE1,RECRUITING,hs-20094 ai pen,olatorepatide,Incretin-based,GLP-1/GIP,GLP1R; GIPR,Dual GLP-1/GIP receptor agonism,peptide,dual,True,VERIFIED_ALIAS,high,https://www.hspharm.com/news/news-detail-513468.htm,Pen/device wording; HS-20094 is olatorepatide.,False,VERIFIED_ALIAS,VERIFIED_ALIAS,Incretin-based,GLP-1/GIP,True,False,False
NCT07057674,hs-20094 mdv pen,"Jiangsu Hansoh Pharmaceutical Co., Ltd.",INDUSTRY,A Study of HS-20094 in Overweight or Obese Participants,PHASE1,RECRUITING,hs-20094 mdv pen,olatorepatide,Incretin-based,GLP-1/GIP,GLP1R; GIPR,Dual GLP-1/GIP receptor agonism,peptide,dual,True,VERIFIED_ALIAS,high,https://www.hspharm.com/news/news-detail-513468.htm,Pen/device wording; HS-20094 is olatorepatide.,False,VERIFIED_ALIAS,VERIFIED_ALIAS,Incretin-based,GLP-1/GIP,True,False,False
NCT07058155,anti-obesity pharmacotherapy class effect,The Cleveland Clinic,OTHER,Optimizing Portal Hypertension With TIPS and Interval Metabolic Surgery for Advanced Liver Disease,PHASE4,RECRUITING,anti-obesity pharmacotherapy class effect,unspecified anti-obesity pharmacotherapy,Mixed/unspecified,mixed anti-obesity class,,Generic registry label for an anti-obesity pharmacotherapy class rather than a single mechanism,mixed/unspecified,mixed,,VERIFIED,low,,Retain as mixed class; unsuitable for molecule-specific mechanism charts.,False,VERIFIED,VERIFIED,Mixed/unspecified,mixed anti-obesity class,True,False,False
NCT07065058,drug vct220 repaglinide rosuvastatin and digoxin,"Vincentage Pharma Co., Ltd",INDUSTRY,"A Drug Drug Interaction Study to Evaluate the Effect of VCT220 on the Pharmacokinetics of Repaglinide, Rosuvastatin, and Digoxin in Healthy, Overweight, and Obese Subjects",PHASE1,COMPLETED,drug vct220 repaglinide rosuvastatin and digoxin,vct220,Incretin-based,GLP-1,GLP1R,GLP-1 receptor agonism,small molecule,mono,True,VERIFIED_ALIAS,high,https://clinicaltrials.gov/study/NCT07065058,"VCT220 is the focal obesity-development asset; repaglinide, rosuvastatin and digoxin are DDI probe drugs.",False,VERIFIED_ALIAS,VERIFIED_ALIAS,Incretin-based,GLP-1,True,False,False
NCT07073417,ecnoglutide,"Hangzhou Sciwind Biosciences Co., Ltd.",INDUSTRY,A Study to Compare XW003 Injection and Semaglutide Injection in Chinese Adults With Obesity (SLIMMER-UP-SWITCH),PHASE2,ACTIVE_NOT_RECRUITING,ecnoglutide,ecnoglutide,Incretin-based,GLP-1,GLP1R,cAMP-biased GLP-1 receptor agonist,peptide,mono,True,VERIFIED,high,https://pubmed.ncbi.nlm.nih.gov/37364710/,XW003; long-acting GLP-1 analogue.,False,VERIFIED,VERIFIED,Incretin-based,GLP-1,True,False,False
NCT07073417,semaglutide,"Hangzhou Sciwind Biosciences Co., Ltd.",INDUSTRY,A Study to Compare XW003 Injection and Semaglutide Injection in Chinese Adults With Obesity (SLIMMER-UP-SWITCH),PHASE2,ACTIVE_NOT_RECRUITING,semaglutide,semaglutide,Incretin-based,GLP-1,GLP1R,GLP-1 receptor agonist,peptide,mono,True,VERIFIED,high,https://pubmed.ncbi.nlm.nih.gov/41054801/,Long-acting GLP-1 analogue.,False,VERIFIED,VERIFIED,Incretin-based,GLP-1,True,False,False
NCT07081958,ro7795081,Hoffmann-La Roche,INDUSTRY,A Study Evaluating the Effect of Daily Oral RO7795081 in Participants With Obesity or Overweight With at Least One Weight-Related Comorbidity,PHASE2,COMPLETED,ro7795081,ro7795081,Incretin-based,GLP-1,GLP1R,Biased GLP-1 receptor agonist,small molecule,mono,True,VERIFIED,high,https://clinicaltrials.gov/study/NCT05814107,Same molecule as CT-996 / RG6652; Roche now uses active-substance code RO7795081.,False,VERIFIED,VERIFIED,Incretin-based,GLP-1,True,False,False
NCT07096908,tirzepatide,Dasman Diabetes Institute,OTHER,Tirzepatide Use in People With Obesity and Type 1 Diabetes,PHASE4,RECRUITING,tirzepatide,tirzepatide,Incretin-based,GLP-1/GIP,GLP1R; GIPR,Dual GLP-1/GIP receptor agonist,peptide,dual,True,VERIFIED,high,https://pubmed.ncbi.nlm.nih.gov/41054801/,Dual incretin agonist.,False,VERIFIED,VERIFIED,Incretin-based,GLP-1/GIP,True,False,False
NCT07098663,mkp10241,Mankind Pharma Limited,INDUSTRY,"Food Effect, Efficacy and Safety of MKP10241 in Healthy and Obese Adult Participants, With and Without Diabetes",PHASE2,RECRUITING,,mkp10241,,,,,,,,UNMAPPED,,,,False,UNMAPPED,UNCLASSIFIED_LONG_TAIL,Unclassified long tail,Not individually reviewed,False,False,True
NCT07101783,nnc0662-0419,Novo Nordisk A/S,INDUSTRY,"A Research Study on How a Dose of NNC0662-0419 Works in Japanese, Chinese and Non-Asian Participants Living With Overweight or Obesity",PHASE1,COMPLETED,nnc0662-0419,nnc0662-0419,Undisclosed,undisclosed,,,undisclosed,,,RESEARCH_REQUIRED,low,https://clinicaltrials.gov/study/NCT06737536,"Novo Nordisk publicly identifies it as an obesity medicine, but an authoritative public mechanism was not found.",False,RESEARCH_REQUIRED,UNRESOLVED_PUBLIC_INFO,Undisclosed / insufficient public information,Undisclosed,False,True,False
NCT07101939,s -pindolol benzoate,Actimed Therapeutics Ltd,INDUSTRY,"A Study of the Effect of (S)-Pindolol Benzoate (ACM-001.1) on Lean Body Mass (LBM) in Obese Patents During (PROACT 1), and Post-semaglutide Therapy (PROACT 2)",PHASE2,RECRUITING,,s -pindolol benzoate,,,,,,,,UNMAPPED,,,,False,UNMAPPED,UNCLASSIFIED_LONG_TAIL,Unclassified long tail,Not individually reviewed,False,False,True
NCT07101939,semaglutide,Actimed Therapeutics Ltd,INDUSTRY,"A Study of the Effect of (S)-Pindolol Benzoate (ACM-001.1) on Lean Body Mass (LBM) in Obese Patents During (PROACT 1), and Post-semaglutide Therapy (PROACT 2)",PHASE2,RECRUITING,semaglutide,semaglutide,Incretin-based,GLP-1,GLP1R,GLP-1 receptor agonist,peptide,mono,True,VERIFIED,high,https://pubmed.ncbi.nlm.nih.gov/41054801/,Long-acting GLP-1 analogue.,False,VERIFIED,VERIFIED,Incretin-based,GLP-1,True,False,False
NCT07110766,mdr-001,MindRank AI Ltd,INDUSTRY,Phase Ib Clinical Study on the Efficacy and Safety of MDR-001 in Patients Who Are Obesity or Overweight,PHASE1,NOT_YET_RECRUITING,mdr-001,mdr-001,Incretin-based,GLP-1,GLP1R,Biased selective GLP-1 receptor agonist,small molecule,mono,True,VERIFIED,high,https://www.mindrank.ai/en/news/detail/155,AI-designed oral small-molecule GLP-1RA.,False,VERIFIED,VERIFIED,Incretin-based,GLP-1,True,False,False
NCT07114419,efsubaglutide alfa,"Shanghai Yinnuo Pharmaceutical Technology Co., Ltd.",OTHER,The Efficacy and Safety of Efsubaglutide Alfa in Overweight/Obesity（SPARKLE）,PHASE2,RECRUITING,efsubaglutide alfa,efsubaglutide alfa,Incretin-based,GLP-1,GLP1R,Long-acting GLP-1 receptor agonist,Fc-fusion protein,mono,True,VERIFIED,high,https://pubmed.ncbi.nlm.nih.gov/41107649/,Two GLP-1 molecules fused to human IgG2 Fc.,False,VERIFIED,VERIFIED,Incretin-based,GLP-1,True,False,False
NCT07119450,gzr18 gzr18,Gan & Lee Pharmaceuticals.,INDUSTRY,The Study of [14C] GZR18,PHASE1,COMPLETED,gzr18 gzr18,bofanglutide,Incretin-based,GLP-1,GLP1R,Long-acting GLP-1 receptor agonism,peptide,mono,True,VERIFIED_ALIAS,high,https://pubmed.ncbi.nlm.nih.gov/41956096/,"GZR18 is bofanglutide. In the DDI wording, digoxin, rosuvastatin and warfarin are probe drugs rather than separate focal obesity therapies.",False,VERIFIED_ALIAS,VERIFIED_ALIAS,Incretin-based,GLP-1,True,False,False
NCT07121153,zenagamtide,Novo Nordisk A/S,INDUSTRY,"A Research Study on How NNC0487-0111, a New Medicine, Works in Chinese Participants When Injected Under the Skin.",PHASE1,COMPLETED,zenagamtide,zenagamtide,Incretin + amylin,GLP-1/amylin,GLP1R; amylin receptors; CTR,"Unimolecular GLP-1, amylin and calcitonin receptor agonist",peptide,multi,True,VERIFIED,high,https://pubmed.ncbi.nlm.nih.gov/42532079/,Formerly amycretin; current name zenagamtide.,False,VERIFIED,VERIFIED,Incretin + amylin,GLP-1/amylin,True,False,False
NCT07128888,gzr18 digoxin rosuvastatin calcium and warfarin sodium,Gan & Lee Pharmaceuticals.,INDUSTRY,Study on Gastric Emptying Effect and Drug-Drug Interactions of GZR18 Injection,PHASE1,RECRUITING,gzr18 digoxin rosuvastatin calcium and warfarin sodium,bofanglutide,Incretin-based,GLP-1,GLP1R,Long-acting GLP-1 receptor agonism,peptide,mono,True,VERIFIED_ALIAS,high,https://pubmed.ncbi.nlm.nih.gov/41956096/,"GZR18 is bofanglutide. In the DDI wording, digoxin, rosuvastatin and warfarin are probe drugs rather than separate focal obesity therapies.",False,VERIFIED_ALIAS,VERIFIED_ALIAS,Incretin-based,GLP-1,True,False,False
NCT07135141,sleeve gastrectomy plus early mazdutide initiation,Beijing Friendship Hospital,OTHER,Mazdutide as Adjuvant Therapy Following Sleeve Gastrectomy in Severe Obesity,,NOT_YET_RECRUITING,,sleeve gastrectomy plus early mazdutide initiation,,,,,,,,UNMAPPED,,,,False,UNMAPPED,UNCLASSIFIED_LONG_TAIL,Unclassified long tail,Not individually reviewed,False,False,True
NCT07137585,ro7204239,Hoffmann-La Roche,INDUSTRY,A Study to Evaluate the Effect of RO7204239 on Insulin Sensitivity and Muscle Composition in Participants With Type 2 Diabetes Mellitus (T2DM) and Overweight or Obesity,PHASE1,ACTIVE_NOT_RECRUITING,ro7204239,emugrobart,Lean-mass preservation,myostatin blockade,MSTN (myostatin/GDF8),Recycling/antigen-sweeping anti-myostatin monoclonal antibody,monoclonal antibody,,False,VERIFIED_ALIAS,high,https://forpatients.roche.com/content/dam/patient-platform/lps/global/bp45369/LPS_BP45369_final-results_May2026_English.pdf,RO7204239/GYM329 is emugrobart.,False,VERIFIED_ALIAS,VERIFIED_ALIAS,Lean-mass preservation,myostatin blockade,True,False,False
NCT07141030,bofanglutide,Gan & Lee Pharmaceuticals.,INDUSTRY,Study of Pharmacokinetics and Safety of GZR18 Injection in Subjects With Renal Impairment and Normal Renal Function,PHASE1,RECRUITING,bofanglutide,bofanglutide,Incretin-based,GLP-1,GLP1R,Long-acting GLP-1 receptor agonist,peptide,mono,True,VERIFIED,high,https://pubmed.ncbi.nlm.nih.gov/41054801/,GZR18; long-acting GLP-1 analogue.,False,VERIFIED,VERIFIED,Incretin-based,GLP-1,True,False,False
NCT07142707,mbx 4291,MBX Biosciences,INDUSTRY,"A Study to Evaluate the Safety, Tolerability, Pharmacokinetics, and Pharmacodynamics of MBX 4291 in Adult Participants With Obesity",PHASE1,RECRUITING,,mbx 4291,,,,,,,,UNMAPPED,,,,False,UNMAPPED,UNCLASSIFIED_LONG_TAIL,Unclassified long tail,Not individually reviewed,False,False,True
NCT07143227,ecnoglutide,"Hangzhou Sciwind Biosciences Co., Ltd.",INDUSTRY,A Study of XW003 Injection in Chinese Adolescents With Obesity,PHASE1,COMPLETED,ecnoglutide,ecnoglutide,Incretin-based,GLP-1,GLP1R,cAMP-biased GLP-1 receptor agonist,peptide,mono,True,VERIFIED,high,https://pubmed.ncbi.nlm.nih.gov/37364710/,XW003; long-acting GLP-1 analogue.,False,VERIFIED,VERIFIED,Incretin-based,GLP-1,True,False,False
NCT07144098,bofanglutide,Gan & Lee Pharmaceuticals.,INDUSTRY,Study of Pharmacokinetics and Safety of GZR18 Injection in Subjects With Liver Insufficiency and Normal Liver Function,PHASE1,RECRUITING,bofanglutide,bofanglutide,Incretin-based,GLP-1,GLP1R,Long-acting GLP-1 receptor agonist,peptide,mono,True,VERIFIED,high,https://pubmed.ncbi.nlm.nih.gov/41054801/,GZR18; long-acting GLP-1 analogue.,False,VERIFIED,VERIFIED,Incretin-based,GLP-1,True,False,False
NCT07150962,ribupatide,"Fujian Shengdi Pharmaceutical Co., Ltd.",INDUSTRY,Relative Bioavailability of First vs Second-Generation Formulations of HRS9531 Tablets in Obese or Overweight Subjects,PHASE1,RECRUITING,ribupatide,ribupatide,Incretin-based,GLP-1/GIP,GLP1R; GIPR,Dual GLP-1/GIP receptor agonist,peptide,dual,True,VERIFIED,high,https://www.hengrui.com/en/media/detail-991.html,HRS9531/KAI-9531; injectable and oral formulations in development.,False,VERIFIED,VERIFIED,Incretin-based,GLP-1/GIP,True,False,False
NCT07150975,bofanglutide,Gan & Lee Pharmaceuticals.,INDUSTRY,Phase III Clinical Study Comparing the Efficacy and Safety of GZR18 Injection and Semaglutide (Wegovy®) in Adult Obese or Overweight Subjects,PHASE3,RECRUITING,bofanglutide,bofanglutide,Incretin-based,GLP-1,GLP1R,Long-acting GLP-1 receptor agonist,peptide,mono,True,VERIFIED,high,https://pubmed.ncbi.nlm.nih.gov/41054801/,GZR18; long-acting GLP-1 analogue.,False,VERIFIED,VERIFIED,Incretin-based,GLP-1,True,False,False
NCT07150975,semaglutide,Gan & Lee Pharmaceuticals.,INDUSTRY,Phase III Clinical Study Comparing the Efficacy and Safety of GZR18 Injection and Semaglutide (Wegovy®) in Adult Obese or Overweight Subjects,PHASE3,RECRUITING,semaglutide,semaglutide,Incretin-based,GLP-1,GLP1R,GLP-1 receptor agonist,peptide,mono,True,VERIFIED,high,https://pubmed.ncbi.nlm.nih.gov/41054801/,Long-acting GLP-1 analogue.,False,VERIFIED,VERIFIED,Incretin-based,GLP-1,True,False,False
NCT07152002,ly4064912,Eli Lilly and Company,INDUSTRY,A Study of LY4064912 in Healthy Participants and With Overweight or Obesity,PHASE1,ACTIVE_NOT_RECRUITING,,ly4064912,,,,,,,,UNMAPPED,,,,False,UNMAPPED,UNCLASSIFIED_LONG_TAIL,Unclassified long tail,Not individually reviewed,False,False,True
NCT07153172,inv-347,Novo Nordisk A/S,INDUSTRY,Safety Follow-up Study of Participants Dosed With INV-347 in Study INV-CL-108,PHASE1,RECRUITING,,inv-347,,,,,,,,UNMAPPED,,,,False,UNMAPPED,UNCLASSIFIED_LONG_TAIL,Unclassified long tail,Not individually reviewed,False,False,True
NCT07154719,tirzepatide,Pennington Biomedical Research Center,OTHER,GLP-1R Actions on Muscle and the Skeleton,PHASE4,RECRUITING,tirzepatide,tirzepatide,Incretin-based,GLP-1/GIP,GLP1R; GIPR,Dual GLP-1/GIP receptor agonist,peptide,dual,True,VERIFIED,high,https://pubmed.ncbi.nlm.nih.gov/41054801/,Dual incretin agonist.,False,VERIFIED,VERIFIED,Incretin-based,GLP-1/GIP,True,False,False
NCT07156578,bivamelagon,"Rhythm Pharmaceuticals, Inc.",INDUSTRY,A Long-Term Study of Bivamelagon in Participants With Hypothalamic Obesity (HO),PHASE2,ENROLLING_BY_INVITATION,bivamelagon,bivamelagon,Melanocortin,MC4R,MC4R,Melanocortin-4 receptor agonist,small molecule,mono,False,VERIFIED,high,https://rhythmpharmaceuticals.gcs-web.com/news-releases/news-release-details/rhythm-pharmaceuticals-announces-oral-mc4r-agonist-bivamelagon,Formerly LB54640.,False,VERIFIED,VERIFIED,Melanocortin,MC4R,True,False,False
NCT07160400,ibi3032,Innovent Biologics Technology Limited (Shanghai R&D Center),INDUSTRY,A Study of IBI3032 in Chinese Healthy Participants and Participants With Overweight or Obesity,PHASE1,RECRUITING,ibi3032,ibi3032,Incretin-based,GLP-1,GLP1R,Selective cAMP-biased GLP-1 receptor agonist,small molecule,mono,True,VERIFIED,high,https://diabetesjournals.org/diabetes/article/75/Supplement_1/1678-P/167721,Once-daily oral nonpeptide GLP-1RA.,False,VERIFIED,VERIFIED,Incretin-based,GLP-1,True,False,False
NCT07163650,efsubaglutide alfa,The Affiliated Nanjing Drum Tower Hospital of Nanjing University Medical School,OTHER,Evaluating Anti-Obesity Medications 6 Months After Metabolic Surgery,PHASE4,RECRUITING,efsubaglutide alfa,efsubaglutide alfa,Incretin-based,GLP-1,GLP1R,Long-acting GLP-1 receptor agonist,Fc-fusion protein,mono,True,VERIFIED,high,https://pubmed.ncbi.nlm.nih.gov/41107649/,Two GLP-1 molecules fused to human IgG2 Fc.,False,VERIFIED,VERIFIED,Incretin-based,GLP-1,True,False,False
NCT07166081,bgm0504,"BrightGene Bio-Medical Technology Co., Ltd.",INDUSTRY,"Evaluate the Pharmacokinetics, Pharmacodynamics, Safety and Tolerability of BGM0504 Tablets in Non-diabetic Overweight or Obese Adult Subjects",PHASE1,RECRUITING,bgm0504,bgm0504,Incretin-based,GLP-1/GIP,GLP1R; GIPR,Dual GLP-1/GIP receptor agonist,peptide,dual,True,VERIFIED,high,https://pubmed.ncbi.nlm.nih.gov/39840511/,Optimised dual agonist peptide.,False,VERIFIED,VERIFIED,Incretin-based,GLP-1/GIP,True,False,False
NCT07169942,aleniglipron,"Gasherbrum Bio, Inc., a wholly owned subsidiary of Structure Therapeutics",INDUSTRY,Aleniglipron Phase 2 Body Composition Study,PHASE2,ACTIVE_NOT_RECRUITING,aleniglipron,aleniglipron,Incretin-based,GLP-1,GLP1R,Biased GLP-1 receptor agonist,small molecule,mono,True,VERIFIED,high,https://ir.structuretx.com/news-releases/news-release-details/structure-therapeutics-reports-positive-topline-data-phase-2,GSBR-1290; oral nonpeptide small-molecule GLP-1RA.,False,VERIFIED,VERIFIED,Incretin-based,GLP-1,True,False,False
NCT07170189,hu6,"Rivus Pharmaceuticals, Inc.",INDUSTRY,"Phase 1, Open-Label, Randomized, Study of the Safety and Pharmacokinetics of HU6",PHASE1,COMPLETED,hu6,hu6,Metabolic/energy expenditure,mitochondrial uncoupling,mitochondrial proton gradient / oxidative phosphorylation,Controlled mitochondrial uncoupling increases resting energy expenditure and fat oxidation,small molecule,,False,VERIFIED,high,https://www.rivuspharma.com/our-pipeline/,Controlled Metabolic Accelerator (CMA); increases energy expenditure through mitochondrial uncoupling.,False,VERIFIED,VERIFIED,Metabolic/energy expenditure,mitochondrial uncoupling,True,False,False
NCT07170319,ibi3032,Innovent Biologics Technology Limited (Shanghai R&D Center),INDUSTRY,A Study of IBI3032 in Chinese Participants With Overweight or Obesity,PHASE1,ACTIVE_NOT_RECRUITING,ibi3032,ibi3032,Incretin-based,GLP-1,GLP1R,Selective cAMP-biased GLP-1 receptor agonist,small molecule,mono,True,VERIFIED,high,https://diabetesjournals.org/diabetes/article/75/Supplement_1/1678-P/167721,Once-daily oral nonpeptide GLP-1RA.,False,VERIFIED,VERIFIED,Incretin-based,GLP-1,True,False,False
NCT07171723,liver-expressed antimicrobial peptide 2 leap2,"University Hospital, Gentofte, Copenhagen",OTHER,Studying the Influence of LEAP2 on Integrated Endocrine Control of Eating During Semaglutide Treatment,PHASE1; PHASE2,RECRUITING,,liver-expressed antimicrobial peptide 2 leap2,,,,,,,,UNMAPPED,,,,False,UNMAPPED,UNCLASSIFIED_LONG_TAIL,Unclassified long tail,Not individually reviewed,False,False,True
NCT07172867,ht-6184,"Halia Therapeutics, Inc.",INDUSTRY,"A Ph2 Study to Evaluate the Safety, Efficacy and Tolerability of HT-6184 and Semaglutide in Obese Participants With T2DM",PHASE2,WITHDRAWN,ht-6184,ofirnoflast,Inflammation/metabolic,NEK7/NLRP3 inflammasome,NEK7,Allosteric NEK7 inhibition blocks NLRP3 inflammasome assembly and activation,small molecule,,False,VERIFIED_ALIAS,high,https://www.guidetopharmacology.org/GRAC/LigandDisplayForward?ligandId=13227,"HT-6184 is ofirnoflast, an oral allosteric NEK7 inhibitor.",False,VERIFIED_ALIAS,VERIFIED_ALIAS,Inflammation/metabolic,NEK7/NLRP3 inflammasome,True,False,False
NCT07172867,semaglutide,"Halia Therapeutics, Inc.",INDUSTRY,"A Ph2 Study to Evaluate the Safety, Efficacy and Tolerability of HT-6184 and Semaglutide in Obese Participants With T2DM",PHASE2,WITHDRAWN,semaglutide,semaglutide,Incretin-based,GLP-1,GLP1R,GLP-1 receptor agonist,peptide,mono,True,VERIFIED,high,https://pubmed.ncbi.nlm.nih.gov/41054801/,Long-acting GLP-1 analogue.,False,VERIFIED,VERIFIED,Incretin-based,GLP-1,True,False,False
NCT07176663,tirzepatide,Shahid Beheshti University of Medical Sciences,OTHER,Efficacy and Safety of Tirzepatide (Spartina) in Chronic Kidney Failure,,NOT_YET_RECRUITING,tirzepatide,tirzepatide,Incretin-based,GLP-1/GIP,GLP1R; GIPR,Dual GLP-1/GIP receptor agonist,peptide,dual,True,VERIFIED,high,https://pubmed.ncbi.nlm.nih.gov/41054801/,Dual incretin agonist.,False,VERIFIED,VERIFIED,Incretin-based,GLP-1/GIP,True,False,False
NCT07177469,ubt251,"The United Bio-Technology (Hengqin) Co., Ltd.",INDUSTRY,UBT251 Injection Phase II Study (Overweight or Obesity),PHASE2,COMPLETED,ubt251,ubt251,Incretin-based,GLP-1/GIP/glucagon,GLP1R; GIPR; GCGR,Triple GLP-1/GIP/glucagon receptor agonist,peptide,triple,True,VERIFIED,high,https://www.novonordisk.com/news-and-media/news-and-ir-materials/news-details.html?id=916503,Triple-G agonist.,False,VERIFIED,VERIFIED,Incretin-based,GLP-1/GIP/glucagon,True,False,False
NCT07184086,cagrilintide + semaglutide,Novo Nordisk A/S,INDUSTRY,A Study to See How Metabolism is Influenced by Weight Loss Due to Intervention With Cagrilintide and Semaglutide Compared to Diet,PHASE1,RECRUITING,cagrilintide + semaglutide,cagrilintide + semaglutide,Incretin + amylin,amylin + GLP-1 combination,AMY1R/AMY2R/AMY3R; CTR; GLP1R,Combination of amylin-receptor agonism and GLP-1 receptor agonism,peptide combination,combination,True,VERIFIED,high,https://pubmed.ncbi.nlm.nih.gov/41054801/,CagriSema.,False,VERIFIED,VERIFIED,Incretin + amylin,amylin + GLP-1 combination,True,False,False
NCT07184632,nnc0662-0419,Novo Nordisk A/S,INDUSTRY,A Research Study on How Well Different Doses of the Medicine NNC0662-0419 Help People Living With Overweight or Obesity,PHASE2,ACTIVE_NOT_RECRUITING,nnc0662-0419,nnc0662-0419,Undisclosed,undisclosed,,,undisclosed,,,RESEARCH_REQUIRED,low,https://clinicaltrials.gov/study/NCT06737536,"Novo Nordisk publicly identifies it as an obesity medicine, but an authoritative public mechanism was not found.",False,RESEARCH_REQUIRED,UNRESOLVED_PUBLIC_INFO,Undisclosed / insufficient public information,Undisclosed,False,True,False
NCT07192263,in-b00009,HK inno.N Corporation,INDUSTRY,Study to Evaluate the Efficacy and Safety of IN-B00009 Injection in Adults With Obesity or Overweight Without Diabetes Mellitus,PHASE3,NOT_YET_RECRUITING,,in-b00009,,,,,,,,UNMAPPED,,,,False,UNMAPPED,UNCLASSIFIED_LONG_TAIL,Unclassified long tail,Not individually reviewed,False,False,True
NCT07205432,xtl6001,"Shanghai Xitaili Biomedicine Technology co., Ltd.",INDUSTRY,Phase I Study of XTL6001 Injection in Healthy and Obese Subjects,PHASE1,RECRUITING,,xtl6001,,,,,,,,UNMAPPED,,,,False,UNMAPPED,UNCLASSIFIED_LONG_TAIL,Unclassified long tail,Not individually reviewed,False,False,True
NCT07205900,hm15275,Hanmi Pharmaceutical Company Limited,INDUSTRY,Study to Evaluate HM15275 in Obese or Overweight Subjects Without Diabetes Mellitus,PHASE2,ACTIVE_NOT_RECRUITING,hm15275,hm15275,Incretin-based,GLP-1/GIP/glucagon,GLP1R; GIPR; GCGR,Triple GLP-1/GIP/glucagon receptor agonist,peptide,triple,True,VERIFIED,high,https://hanmipharm.com/science/pipeline/focused/hm15275.hm,Long-acting triple agonist.,False,VERIFIED,VERIFIED,Incretin-based,GLP-1/GIP/glucagon,True,False,False
NCT07213466,naltrexone + bupropion,Mayo Clinic,OTHER,Individualized Pharmacological Approach to Obesity in Patients With Bipolar Disorder,PHASE4,RECRUITING,naltrexone + bupropion,naltrexone + bupropion,CNS/appetite,opioid + catecholamine,OPRM1; NET/DAT pathways,Opioid receptor antagonism plus noradrenergic/dopaminergic appetite modulation,small-molecule combination,,False,VERIFIED,high,,Approved anti-obesity combination; established pharmacology.,False,VERIFIED,VERIFIED,CNS/appetite,opioid + catecholamine,True,False,False
NCT07213466,phentermine + topiramate,Mayo Clinic,OTHER,Individualized Pharmacological Approach to Obesity in Patients With Bipolar Disorder,PHASE4,RECRUITING,phentermine + topiramate,phentermine + topiramate,CNS/appetite,sympathomimetic + anticonvulsant,monoaminergic pathways; GABA/glutamate pathways,Appetite suppression through complementary CNS mechanisms,small-molecule combination,,False,VERIFIED,high,,Approved anti-obesity combination; established pharmacology.,False,VERIFIED,VERIFIED,CNS/appetite,sympathomimetic + anticonvulsant,True,False,False
NCT07213466,semaglutide,Mayo Clinic,OTHER,Individualized Pharmacological Approach to Obesity in Patients With Bipolar Disorder,PHASE4,RECRUITING,semaglutide,semaglutide,Incretin-based,GLP-1,GLP1R,GLP-1 receptor agonist,peptide,mono,True,VERIFIED,high,https://pubmed.ncbi.nlm.nih.gov/41054801/,Long-acting GLP-1 analogue.,False,VERIFIED,VERIFIED,Incretin-based,GLP-1,True,False,False
NCT07215559,eloralintide,Eli Lilly and Company,INDUSTRY,"A Study of Macupatide (LY3532226) and Eloralintide (LY3841136), Alone or in Combination, in Adults With Obesity or Overweight and With Type 2 Diabetes",PHASE2,RECRUITING,eloralintide,eloralintide,Amylin-based,amylin,AMY1R (preferential); AMY3R; CTR,"Selective amylin receptor agonist, preferential for AMY1R",peptide,multi,False,VERIFIED,high,https://pubmed.ncbi.nlm.nih.gov/41109426/,Long-acting amylin analogue with preferential human AMY1R activation.,False,VERIFIED,VERIFIED,Amylin-based,amylin,True,False,False
NCT07215559,macupatide,Eli Lilly and Company,INDUSTRY,"A Study of Macupatide (LY3532226) and Eloralintide (LY3841136), Alone or in Combination, in Adults With Obesity or Overweight and With Type 2 Diabetes",PHASE2,RECRUITING,macupatide,macupatide,Incretin-based,GIP,GIPR,Long-acting GIP receptor agonist,large-molecule biologic,mono,True,VERIFIED,high,https://www.lilly.com/science/research-development/pipeline,LY3532226; Lilly describes it as a large-molecule long-acting GIPR agonist.,False,VERIFIED,VERIFIED,Incretin-based,GIP,True,False,False
NCT07218445,tirzepatide,Mayo Clinic,OTHER,The Effect of Tirzepatide on Menopausal Vasomotor Symptoms and Biological Aging in Post-menopausal Women With Obesity,PHASE4,RECRUITING,tirzepatide,tirzepatide,Incretin-based,GLP-1/GIP,GLP1R; GIPR,Dual GLP-1/GIP receptor agonist,peptide,dual,True,VERIFIED,high,https://pubmed.ncbi.nlm.nih.gov/41054801/,Dual incretin agonist.,False,VERIFIED,VERIFIED,Incretin-based,GLP-1/GIP,True,False,False
NCT07219589,hm17321,Hanmi Pharmaceutical Company Limited,INDUSTRY,A Single and Multiple Ascending Dose Study of HM17321 in Healthy and Obese Participants,PHASE1,RECRUITING,hm17321,HM17321,Lean-mass preservation,UCN2/CRFR2,CRHR2,Urocortin-2 analogue selectively activating CRFR2 to increase lean mass while reducing fat mass,peptide,mono,False,VERIFIED,high,https://www.hanmipharm.com/about/investor-relations/press/detail-2663.hm,First-in-class body-recomposition programme targeting CRFR2.,False,VERIFIED,VERIFIED,Lean-mass preservation,UCN2/CRFR2,True,False,False
NCT07220629,nt-0796,NodThera Limited,INDUSTRY,Study to Explore the Safety and Efficacy of NT-0796 as an Adjunct to Semaglutide in Participants With Obesity (RESOLVE-2),PHASE2,ACTIVE_NOT_RECRUITING,nt-0796,NT-0796,Inflammation/metabolic,NLRP3 inflammasome,NLRP3,NLRP3 inflammasome inhibitor,small molecule,,False,VERIFIED,high,https://pmc.ncbi.nlm.nih.gov/articles/PMC12210099/,Anti-inflammatory metabolic mechanism; developed alone and with GLP-1RA.,False,VERIFIED,VERIFIED,Inflammation/metabolic,NLRP3 inflammasome,True,False,False
NCT07220642,cagrilintide,Novo Nordisk A/S,INDUSTRY,Weight Loss in People Living With Overweight or Obesity Following Treatment With Cagrilintide,PHASE3,ACTIVE_NOT_RECRUITING,cagrilintide,cagrilintide,Amylin-based,amylin,AMY1R; AMY2R; AMY3R; CTR,Long-acting amylin/calcitonin receptor agonist,peptide,multi,False,VERIFIED,high,https://pubmed.ncbi.nlm.nih.gov/42452898/,Long-acting amylin analogue with activity across amylin receptors and CTR.,False,VERIFIED,VERIFIED,Amylin-based,amylin,True,False,False
NCT07220759,cagrilintide,Novo Nordisk A/S,INDUSTRY,Weight Loss in People Living With Overweight or Obesity and Type 2 Diabetes Following Treatment With Cagrilintide,PHASE3,ACTIVE_NOT_RECRUITING,cagrilintide,cagrilintide,Amylin-based,amylin,AMY1R; AMY2R; AMY3R; CTR,Long-acting amylin/calcitonin receptor agonist,peptide,multi,False,VERIFIED,high,https://pubmed.ncbi.nlm.nih.gov/42452898/,Long-acting amylin analogue with activity across amylin receptors and CTR.,False,VERIFIED,VERIFIED,Amylin-based,amylin,True,False,False
NCT07220772,mibavademab,Regeneron Pharmaceuticals,INDUSTRY,"A Study Evaluating Mibavademab Treatment of Obesity Due to Leptin (LEP) Gene Mutations in Children, Adolescents and Adults",PHASE3,RECRUITING,mibavademab,mibavademab,Leptin pathway,leptin receptor,LEPR,Agonistic leptin-receptor monoclonal antibody,monoclonal antibody,mono,False,VERIFIED,high,https://pmc.ncbi.nlm.nih.gov/articles/PMC11003274/,Fully human LEPR agonistic antibody.,False,VERIFIED,VERIFIED,Leptin pathway,leptin receptor,True,False,False
NCT07223216,bmf-650,Biomea Fusion Inc.,INDUSTRY,Study of BMF-650 in Otherwise Healthy Overweight or Obese Adult Participants,PHASE1,ACTIVE_NOT_RECRUITING,bmf-650,BMF-650,Incretin-based,GLP-1,GLP1R,GLP-1 receptor agonist,small molecule,mono,True,VERIFIED,high,https://www.sec.gov/Archives/edgar/data/1840439/000119312526068375/d95198dex991.htm,Oral non-peptide GLP-1 receptor agonist.,False,VERIFIED,VERIFIED,Incretin-based,GLP-1,True,False,False
NCT07224087,naltrexone + bupropion,Medical University of South Carolina,OTHER,Development of a MHBC Intervention for Weight Loss and Smoking Cessation for Pre-Bariatric Surgery Patients,PHASE1,NOT_YET_RECRUITING,naltrexone + bupropion,naltrexone + bupropion,CNS/appetite,opioid + catecholamine,OPRM1; NET/DAT pathways,Opioid receptor antagonism plus noradrenergic/dopaminergic appetite modulation,small-molecule combination,,False,VERIFIED,high,,Approved anti-obesity combination; established pharmacology.,False,VERIFIED,VERIFIED,CNS/appetite,opioid + catecholamine,True,False,False
NCT07224399,bgm1812,"BrightGene Bio-Medical Technology Co., Ltd.",INDUSTRY,"Evaluate the Pharmacokinetics, Pharmacodynamics, Safety and Tolerability of BGM1812 Injection Following Single and Multiple Subcutaneous Administration in Normal to Overweight or Obese But Otherwise Healthy Men and Women",PHASE1,RECRUITING,bgm1812,bgm1812,Amylin-based,amylin/calcitonin,amylin receptors; CTR,Dual amylin and calcitonin receptor agonist (DACRA),peptide,dual,False,VERIFIED,high,https://pubmed.ncbi.nlm.nih.gov/40608546/,Novel DACRA developed for obesity.,False,VERIFIED,VERIFIED,Amylin-based,amylin/calcitonin,True,False,False
NCT07225556,ly4167586,Eli Lilly and Company,INDUSTRY,A Study of LY4167586 in Participants With Obesity or Overweight Who Are Otherwise Healthy,PHASE1,ACTIVE_NOT_RECRUITING,,ly4167586,,,,,,,,UNMAPPED,,,,False,UNMAPPED,UNCLASSIFIED_LONG_TAIL,Unclassified long tail,Not individually reviewed,False,False,True
NCT07225686,maridebart cafraglutide,Amgen,INDUSTRY,Maridebart Cafraglutide Versus Placebo in Adult Participants With Obstructive Sleep Apnea on Positive Airway Pressure Therapy,PHASE3,RECRUITING,maridebart cafraglutide,maridebart cafraglutide,Incretin-based,GLP-1 agonism + GIP antagonism,GLP1R; GIPR,GLP-1 receptor agonism plus GIP receptor antagonism,antibody-peptide conjugate,,True,VERIFIED,high,https://pubmed.ncbi.nlm.nih.gov/38316982/,Anti-GIPR antibody conjugated to GLP-1 agonist peptides.,False,VERIFIED,VERIFIED,Incretin-based,GLP-1 agonism + GIP antagonism,True,False,False
NCT07225816,liraglutide,Novo Nordisk A/S,INDUSTRY,"Examination of How the Duration of Fasting and Temporary Stopping of GLP-1 Medications Affect the Amount of Food Left in the Stomach in People Using Liraglutide (Injected), Semaglutide (Taken by Mouth) or Semaglutide (Injected)",PHASE1,RECRUITING,liraglutide,liraglutide,Incretin-based,GLP-1,GLP1R,GLP-1 receptor agonist,peptide,mono,True,VERIFIED,high,https://pubmed.ncbi.nlm.nih.gov/41054801/,GLP-1 analogue.,False,VERIFIED,VERIFIED,Incretin-based,GLP-1,True,False,False
NCT07225816,semaglutide,Novo Nordisk A/S,INDUSTRY,"Examination of How the Duration of Fasting and Temporary Stopping of GLP-1 Medications Affect the Amount of Food Left in the Stomach in People Using Liraglutide (Injected), Semaglutide (Taken by Mouth) or Semaglutide (Injected)",PHASE1,RECRUITING,semaglutide,semaglutide,Incretin-based,GLP-1,GLP1R,GLP-1 receptor agonist,peptide,mono,True,VERIFIED,high,https://pubmed.ncbi.nlm.nih.gov/41054801/,Long-acting GLP-1 analogue.,False,VERIFIED,VERIFIED,Incretin-based,GLP-1,True,False,False
NCT07226778,maridebart cafraglutide,Amgen,INDUSTRY,Comparing the Extent to Which Maridebart Cafraglutide (AMG 133) is Made Available in the Body When Administered Using Two Subcutaneous (SC) Presentations,PHASE1,COMPLETED,maridebart cafraglutide,maridebart cafraglutide,Incretin-based,GLP-1 agonism + GIP antagonism,GLP1R; GIPR,GLP-1 receptor agonism plus GIP receptor antagonism,antibody-peptide conjugate,,True,VERIFIED,high,https://pubmed.ncbi.nlm.nih.gov/38316982/,Anti-GIPR antibody conjugated to GLP-1 agonist peptides.,False,VERIFIED,VERIFIED,Incretin-based,GLP-1 agonism + GIP antagonism,True,False,False
NCT07228741,tirzepatide,St. Jude Children's Research Hospital,OTHER,Resistance Exercise and Incretin Mimetic for Cardiometabolic Health in Survivors of ALL With Obesity,PHASE2,RECRUITING,tirzepatide,tirzepatide,Incretin-based,GLP-1/GIP,GLP1R; GIPR,Dual GLP-1/GIP receptor agonist,peptide,dual,True,VERIFIED,high,https://pubmed.ncbi.nlm.nih.gov/41054801/,Dual incretin agonist.,False,VERIFIED,VERIFIED,Incretin-based,GLP-1/GIP,True,False,False
NCT07229157,maridebart cafraglutide,Amgen,INDUSTRY,Effect of Maridebart Cafraglutide on the Heart's Electrical Activity,PHASE1,ACTIVE_NOT_RECRUITING,maridebart cafraglutide,maridebart cafraglutide,Incretin-based,GLP-1 agonism + GIP antagonism,GLP1R; GIPR,GLP-1 receptor agonism plus GIP receptor antagonism,antibody-peptide conjugate,,True,VERIFIED,high,https://pubmed.ncbi.nlm.nih.gov/38316982/,Anti-GIPR antibody conjugated to GLP-1 agonist peptides.,False,VERIFIED,VERIFIED,Incretin-based,GLP-1 agonism + GIP antagonism,True,False,False
NCT07230119,zovaglutide,"Beijing QL Biopharmaceutical Co.,Ltd",INDUSTRY,A Study of Zovaglutide in Subjects With Overweight or Obesity (HORIZON-1),PHASE3,ACTIVE_NOT_RECRUITING,zovaglutide,zovaglutide,Incretin-based,GLP-1,GLP1R,Ultra-long-acting GLP-1 receptor agonist,peptide,mono,True,VERIFIED,high,https://clinicaltrials.gov/study/NCT07230119,ZT002; once-monthly GLP-1RA peptide.,False,VERIFIED,VERIFIED,Incretin-based,GLP-1,True,False,False
NCT07230132,zt006,"Beijing QL Biopharmaceutical Co.,Ltd",INDUSTRY,Efficacy and Safety of ZT006 in Overweight and Obese Participants,PHASE2,ACTIVE_NOT_RECRUITING,zt006,ZT006,Incretin-based,GLP-1,GLP1R,GLP-1 receptor agonist,oral peptide,mono,True,VERIFIED,high,https://diabetesjournals.org/diabetes/article/75/Supplement_1/1721-P/167880/,Oral GLP-1 receptor agonist peptide.,False,VERIFIED,VERIFIED,Incretin-based,GLP-1,True,False,False
NCT07230496,lae102 in combined with lae103,Laekna Limited,INDUSTRY,"A Study to Investigate Safety, Tolerability and Pharmacokinetics of LAE103 or LAE103 in Combination With LAE102 in Healthy Overweight/Obese Participants",PHASE1,RECRUITING,,lae102 in combined with lae103,,,,,,,,UNMAPPED,,,,False,UNMAPPED,UNCLASSIFIED_LONG_TAIL,Unclassified long tail,Not individually reviewed,False,False,True
NCT07230496,lae103,Laekna Limited,INDUSTRY,"A Study to Investigate Safety, Tolerability and Pharmacokinetics of LAE103 or LAE103 in Combination With LAE102 in Healthy Overweight/Obese Participants",PHASE1,RECRUITING,,lae103,,,,,,,,UNMAPPED,,,,False,UNMAPPED,UNCLASSIFIED_LONG_TAIL,Unclassified long tail,Not individually reviewed,False,False,True
NCT07232719,retatrutide,Eli Lilly and Company,INDUSTRY,A Study of Retatrutide (LY3437943) in Participants With Obesity or Overweight,PHASE3,ACTIVE_NOT_RECRUITING,retatrutide,retatrutide,Incretin-based,GLP-1/GIP/glucagon,GLP1R; GIPR; GCGR,Triple GLP-1/GIP/glucagon receptor agonist,peptide,triple,True,VERIFIED,high,https://pubmed.ncbi.nlm.nih.gov/41054801/,Triple incretin/glucagon agonist.,False,VERIFIED,VERIFIED,Incretin-based,GLP-1/GIP/glucagon,True,False,False
NCT07232732,naperiglipron,Eli Lilly and Company,INDUSTRY,A Study of LY3549492 in Healthy Participants and Participants With Overweight or Obesity,PHASE1,COMPLETED,naperiglipron,naperiglipron,Incretin-based,GLP-1,GLP1R,GLP-1 receptor agonist,small molecule,mono,True,VERIFIED,high,https://www.lilly.com/science/research-development/pipeline,LY3549492; Lilly oral small-molecule GLP-1RA.,False,VERIFIED,VERIFIED,Incretin-based,GLP-1,True,False,False
NCT07238647,hrs-5817,Atridia Pty Ltd.,INDUSTRY,A Trial of HRS-5817 in Obese Participants,EARLY_PHASE1,ACTIVE_NOT_RECRUITING,hrs-5817,hrs-5817,Undisclosed,undisclosed,,,injectable,,,RESEARCH_REQUIRED,low,https://www.hengrui.com/media/detail-745.html,"Hengrui confirms a novel obesity target and notes no marketed drug shares the target, but does not publicly disclose the target.",False,RESEARCH_REQUIRED,UNRESOLVED_PUBLIC_INFO,Undisclosed / insufficient public information,Undisclosed,False,True,False
NCT07239973,bgm0504,"BrightGene Bio-Medical Technology Co., Ltd.",INDUSTRY,A Study of BGM0504 Tablets in Healthy and Non-diabetic Overweight or Obese Chinese Subjects,PHASE1,RECRUITING,bgm0504,bgm0504,Incretin-based,GLP-1/GIP,GLP1R; GIPR,Dual GLP-1/GIP receptor agonist,peptide,dual,True,VERIFIED,high,https://pubmed.ncbi.nlm.nih.gov/39840511/,Optimised dual agonist peptide.,False,VERIFIED,VERIFIED,Incretin-based,GLP-1/GIP,True,False,False
NCT07242534,semaglutide,Fundacion Dexeus,OTHER,Effect of Semaglutide on Embryo Quality in Overweight and Obese Patients Undergoing In Vitro Fertilization.,PHASE4,RECRUITING,semaglutide,semaglutide,Incretin-based,GLP-1,GLP1R,GLP-1 receptor agonist,peptide,mono,True,VERIFIED,high,https://pubmed.ncbi.nlm.nih.gov/41054801/,Long-acting GLP-1 analogue.,False,VERIFIED,VERIFIED,Incretin-based,GLP-1,True,False,False
NCT07243171,ecnoglutide,"Hangzhou Sciwind Biosciences Co., Ltd.",INDUSTRY,"A Phase Ib/IIa Study to Evaluate the Safety, Tolerability, Pharmacokinetics and Pharmacodynamics of Oral Ecnoglutide Tablets in Chinese Participants With Overweight or Obesity",PHASE1; PHASE2,RECRUITING,ecnoglutide,ecnoglutide,Incretin-based,GLP-1,GLP1R,cAMP-biased GLP-1 receptor agonist,peptide,mono,True,VERIFIED,high,https://pubmed.ncbi.nlm.nih.gov/37364710/,XW003; long-acting GLP-1 analogue.,False,VERIFIED,VERIFIED,Incretin-based,GLP-1,True,False,False
NCT07245771,rn3161,Ikaria Bioscience Pty Ltd,INDUSTRY,"Phase 1/2a Study to Evaluate the Safety, Tolerability, Pharmacokinetics, Pharmacodynamics and Effect on Body Weight of RN3161 as Monotherapy and in Combination With Tirzepatide in Adults With Overweight and Obesity",PHASE1; PHASE2,RECRUITING,,rn3161,,,,,,,,UNMAPPED,,,,False,UNMAPPED,UNCLASSIFIED_LONG_TAIL,Unclassified long tail,Not individually reviewed,False,False,True
NCT07245771,tirzepatide,Ikaria Bioscience Pty Ltd,INDUSTRY,"Phase 1/2a Study to Evaluate the Safety, Tolerability, Pharmacokinetics, Pharmacodynamics and Effect on Body Weight of RN3161 as Monotherapy and in Combination With Tirzepatide in Adults With Overweight and Obesity",PHASE1; PHASE2,RECRUITING,tirzepatide,tirzepatide,Incretin-based,GLP-1/GIP,GLP1R; GIPR,Dual GLP-1/GIP receptor agonist,peptide,dual,True,VERIFIED,high,https://pubmed.ncbi.nlm.nih.gov/41054801/,Dual incretin agonist.,False,VERIFIED,VERIFIED,Incretin-based,GLP-1/GIP,True,False,False
NCT07247084,tirzepatide,Eli Lilly and Company,INDUSTRY,A Study of Tirzepatide (LY3298176) Compared With Standard of Care in Adult Participants With Obesity and Without Diabetes (SURMOUNT-REAL UK),PHASE4,RECRUITING,tirzepatide,tirzepatide,Incretin-based,GLP-1/GIP,GLP1R; GIPR,Dual GLP-1/GIP receptor agonist,peptide,dual,True,VERIFIED,high,https://pubmed.ncbi.nlm.nih.gov/41054801/,Dual incretin agonist.,False,VERIFIED,VERIFIED,Incretin-based,GLP-1/GIP,True,False,False
NCT07253285,cagrilintide,Novo Nordisk A/S,INDUSTRY,A Research Study on How Well Cagrilintide and CagriSema Work in Children and Adolescents With Excess Body Weight,PHASE3,RECRUITING,cagrilintide,cagrilintide,Amylin-based,amylin,AMY1R; AMY2R; AMY3R; CTR,Long-acting amylin/calcitonin receptor agonist,peptide,multi,False,VERIFIED,high,https://pubmed.ncbi.nlm.nih.gov/42452898/,Long-acting amylin analogue with activity across amylin receptors and CTR.,False,VERIFIED,VERIFIED,Amylin-based,amylin,True,False,False
NCT07253285,semaglutide,Novo Nordisk A/S,INDUSTRY,A Research Study on How Well Cagrilintide and CagriSema Work in Children and Adolescents With Excess Body Weight,PHASE3,RECRUITING,semaglutide,semaglutide,Incretin-based,GLP-1,GLP1R,GLP-1 receptor agonist,peptide,mono,True,VERIFIED,high,https://pubmed.ncbi.nlm.nih.gov/41054801/,Long-acting GLP-1 analogue.,False,VERIFIED,VERIFIED,Incretin-based,GLP-1,True,False,False
NCT07255209,mazdutide,Innovent Biologics (Suzhou) Co. Ltd.,INDUSTRY,A Study of IBI362 in Chinese Adolescents With Obesity or Overweight,PHASE3,RECRUITING,mazdutide,mazdutide,Incretin-based,GLP-1/glucagon,GLP1R; GCGR,Dual GLP-1/glucagon receptor agonist,peptide,dual,True,VERIFIED,high,https://pubmed.ncbi.nlm.nih.gov/41054801/,Former development code IBI362/LY3305677.,False,VERIFIED,VERIFIED,Incretin-based,GLP-1/glucagon,True,False,False
NCT07257484,tirzepatide,Weill Medical College of Cornell University,OTHER,Tirzepatide's Role in Postmenopausal HR+ Breast Cancer Survivors,PHASE4,RECRUITING,tirzepatide,tirzepatide,Incretin-based,GLP-1/GIP,GLP1R; GIPR,Dual GLP-1/GIP receptor agonist,peptide,dual,True,VERIFIED,high,https://pubmed.ncbi.nlm.nih.gov/41054801/,Dual incretin agonist.,False,VERIFIED,VERIFIED,Incretin-based,GLP-1/GIP,True,False,False
NCT07269756,hrs-7535,"Shandong Suncadia Medicine Co., Ltd.",INDUSTRY,"A Study to Evaluate the Drug Interactions of HRS-7535 With Acetaminophen, Digoxin, Rosuvastatin, and Omeprazole in Obese or Overweight Subjects",PHASE1,COMPLETED,hrs-7535,hrs-7535,Incretin-based,GLP-1,GLP1R,GLP-1 receptor agonist,small molecule,mono,True,VERIFIED,high,https://www.hengrui.com/en/media/detail-1030.html,Oral small-molecule GLP-1RA.,False,VERIFIED,VERIFIED,Incretin-based,GLP-1,True,False,False
NCT07274137,mdr-001,MindRank AI Ltd,INDUSTRY,A Phase III Study to Evaluate the Efficacy and Safety of MDR-001 in Adult Participants With Overweight or Obesity (MOBILE）,PHASE3,NOT_YET_RECRUITING,mdr-001,mdr-001,Incretin-based,GLP-1,GLP1R,Biased selective GLP-1 receptor agonist,small molecule,mono,True,VERIFIED,high,https://www.mindrank.ai/en/news/detail/155,AI-designed oral small-molecule GLP-1RA.,False,VERIFIED,VERIFIED,Incretin-based,GLP-1,True,False,False
NCT07275697,semaglutide,Emma Svennberg,OTHER,Waiting on Atrial Fibrillation Intervention Therapy (WAIT) Study,PHASE4,RECRUITING,semaglutide,semaglutide,Incretin-based,GLP-1,GLP1R,GLP-1 receptor agonist,peptide,mono,True,VERIFIED,high,https://pubmed.ncbi.nlm.nih.gov/41054801/,Long-acting GLP-1 analogue.,False,VERIFIED,VERIFIED,Incretin-based,GLP-1,True,False,False
NCT07279194,poterepatide,"Hangzhou Zhongmei Huadong Pharmaceutical Co., Ltd.",INDUSTRY,Efficacy and Safety of HDM1005 in Chinese Obesity or Overweight Patients Without Diabetes,PHASE3,RECRUITING,poterepatide,poterepatide,Incretin-based,GLP-1/GIP,GLP1R; GIPR,Dual GLP-1/GIP receptor agonist,peptide,dual,True,VERIFIED,high,https://pubmed.ncbi.nlm.nih.gov/42125916/,HDM1005.,False,VERIFIED,VERIFIED,Incretin-based,GLP-1/GIP,True,False,False
NCT07280936,shr-2906,"Beijing Suncadia Pharmaceuticals Co., Ltd",INDUSTRY,A Study of SHR-2906 Injection in Healthy Subjects With a Single Dose and in Obese Patients With Multiple Doses,PHASE1,RECRUITING,,shr-2906,,,,,,,,UNMAPPED,,,,False,UNMAPPED,UNCLASSIFIED_LONG_TAIL,Unclassified long tail,Not individually reviewed,False,False,True
NCT07281495,taldefgrobep alfa,Biohaven Therapeutics Ltd.,INDUSTRY,Taldefgrobep Alfa in Adults With Overweight and Obesity,PHASE2,ACTIVE_NOT_RECRUITING,,taldefgrobep alfa,,,,,,,,UNMAPPED,,,,False,UNMAPPED,UNCLASSIFIED_LONG_TAIL,Unclassified long tail,Not individually reviewed,False,False,True
NCT07281937,vrb-101,Verdiva Bio Dev Limited,INDUSTRY,A Study of Weekly Oral Ecnoglutide (VRB-101) in Participants Who Have Obesity or Overweight With Weight-Related Comorbidities,PHASE2,COMPLETED,vrb-101,ecnoglutide,Incretin-based,GLP-1,GLP1R,cAMP-biased GLP-1 receptor agonist,peptide,mono,True,VERIFIED_ALIAS,high,https://clinicaltrials.gov/study/NCT07281937,VRB-101 is an oral formulation of ecnoglutide; collapse into ecnoglutide identity.,False,VERIFIED_ALIAS,VERIFIED_ALIAS,Incretin-based,GLP-1,True,False,False
NCT07282340,phentermine,"Russell McCulloh, MD",NETWORK,Phentermine's Impact on Treatment in Teens,PHASE2,RECRUITING,phentermine,phentermine,CNS/appetite,sympathomimetic,noradrenergic/monoaminergic pathways,Sympathomimetic appetite suppression,small molecule,,False,VERIFIED,high,,Established appetite suppressant.,False,VERIFIED,VERIFIED,CNS/appetite,sympathomimetic,True,False,False
NCT07282600,eloralintide,Eli Lilly and Company,INDUSTRY,"A Study of Eloralintide (LY3841136) in Participants With Obesity or Overweight, and Type 2 Diabetes",PHASE3,RECRUITING,eloralintide,eloralintide,Amylin-based,amylin,AMY1R (preferential); AMY3R; CTR,"Selective amylin receptor agonist, preferential for AMY1R",peptide,multi,False,VERIFIED,high,https://pubmed.ncbi.nlm.nih.gov/41109426/,Long-acting amylin analogue with preferential human AMY1R activation.,False,VERIFIED,VERIFIED,Amylin-based,amylin,True,False,False
NCT07284875,ribupatide,Kailera,INDUSTRY,Efficacy and Safety of Ribupatide in Participants Living With Obesity or Overweight With Weight-Related Comorbidities Who Do Not Have Diabetes,PHASE3,RECRUITING,ribupatide,ribupatide,Incretin-based,GLP-1/GIP,GLP1R; GIPR,Dual GLP-1/GIP receptor agonist,peptide,dual,True,VERIFIED,high,https://www.hengrui.com/en/media/detail-991.html,HRS9531/KAI-9531; injectable and oral formulations in development.,False,VERIFIED,VERIFIED,Incretin-based,GLP-1/GIP,True,False,False
NCT07284901,ribupatide,Kailera,INDUSTRY,Efficacy and Safety of Ribupatide Administered Once Weekly in Participants Living With Obesity or Overweight and Diabetes,PHASE3,RECRUITING,ribupatide,ribupatide,Incretin-based,GLP-1/GIP,GLP1R; GIPR,Dual GLP-1/GIP receptor agonist,peptide,dual,True,VERIFIED,high,https://www.hengrui.com/en/media/detail-991.html,HRS9531/KAI-9531; injectable and oral formulations in development.,False,VERIFIED,VERIFIED,Incretin-based,GLP-1/GIP,True,False,False
NCT07284979,ribupatide,Kailera,INDUSTRY,Efficacy and Safety of Ribupatide Administered Once Weekly Compared With Semaglutide and Placebo in Participants Living With Obesity Who Do Not Have Diabetes,PHASE3,RECRUITING,ribupatide,ribupatide,Incretin-based,GLP-1/GIP,GLP1R; GIPR,Dual GLP-1/GIP receptor agonist,peptide,dual,True,VERIFIED,high,https://www.hengrui.com/en/media/detail-991.html,HRS9531/KAI-9531; injectable and oral formulations in development.,False,VERIFIED,VERIFIED,Incretin-based,GLP-1/GIP,True,False,False
NCT07284979,semaglutide,Kailera,INDUSTRY,Efficacy and Safety of Ribupatide Administered Once Weekly Compared With Semaglutide and Placebo in Participants Living With Obesity Who Do Not Have Diabetes,PHASE3,RECRUITING,semaglutide,semaglutide,Incretin-based,GLP-1,GLP1R,GLP-1 receptor agonist,peptide,mono,True,VERIFIED,high,https://pubmed.ncbi.nlm.nih.gov/41054801/,Long-acting GLP-1 analogue.,False,VERIFIED,VERIFIED,Incretin-based,GLP-1,True,False,False
NCT07285902,ribupatide,"Fujian Shengdi Pharmaceutical Co., Ltd.",INDUSTRY,A Study Comparing the Efficacy and Safety of HRS9531 Injection With Semaglutide Injection in Subjects With Obesity,PHASE3,ACTIVE_NOT_RECRUITING,ribupatide,ribupatide,Incretin-based,GLP-1/GIP,GLP1R; GIPR,Dual GLP-1/GIP receptor agonist,peptide,dual,True,VERIFIED,high,https://www.hengrui.com/en/media/detail-991.html,HRS9531/KAI-9531; injectable and oral formulations in development.,False,VERIFIED,VERIFIED,Incretin-based,GLP-1/GIP,True,False,False
NCT07285902,semaglutide,"Fujian Shengdi Pharmaceutical Co., Ltd.",INDUSTRY,A Study Comparing the Efficacy and Safety of HRS9531 Injection With Semaglutide Injection in Subjects With Obesity,PHASE3,ACTIVE_NOT_RECRUITING,semaglutide,semaglutide,Incretin-based,GLP-1,GLP1R,GLP-1 receptor agonist,peptide,mono,True,VERIFIED,high,https://pubmed.ncbi.nlm.nih.gov/41054801/,Long-acting GLP-1 analogue.,False,VERIFIED,VERIFIED,Incretin-based,GLP-1,True,False,False
NCT07291232,abbv-295,AbbVie,INDUSTRY,A Study of ABBV-295 Subcutaneous Injections to Assess Adverse Events and Pharmacokinetics in Adult Participants With Obesity,PHASE1,RECRUITING,abbv-295,abbv-295,Amylin-based,amylin,amylin receptors,Long-acting amylin analogue,peptide,multi,False,VERIFIED,high,https://www.gubra.dk/mfn_news/gubra-announces-achievement-of-milestone-from-abbvie-following-initiation-of-a-phase-2-clinical-trial-of-abbv-295-a-long-acting-amylin-analog/,Long-acting non-incretin amylin analogue.,False,VERIFIED,VERIFIED,Amylin-based,amylin,True,False,False
NCT07292441,bofanglutide,Gan & Lee Pharmaceuticals.,INDUSTRY,Extension Study of the Phase 3 Clinical Study of GZR18 Injection for Weight Loss,PHASE3,RECRUITING,bofanglutide,bofanglutide,Incretin-based,GLP-1,GLP1R,Long-acting GLP-1 receptor agonist,peptide,mono,True,VERIFIED,high,https://pubmed.ncbi.nlm.nih.gov/41054801/,GZR18; long-acting GLP-1 analogue.,False,VERIFIED,VERIFIED,Incretin-based,GLP-1,True,False,False
NCT07292519,tirzepatide,South West Sydney Local Health District,OTHER,Tirzepatide Combined With Cognitive-Behavioural Therapy (CBT) for Adults With Alcohol Use Disorder (AUD) and Overweight/Obesity (OOB),PHASE2,NOT_YET_RECRUITING,tirzepatide,tirzepatide,Incretin-based,GLP-1/GIP,GLP1R; GIPR,Dual GLP-1/GIP receptor agonist,peptide,dual,True,VERIFIED,high,https://pubmed.ncbi.nlm.nih.gov/41054801/,Dual incretin agonist.,False,VERIFIED,VERIFIED,Incretin-based,GLP-1/GIP,True,False,False
NCT07294235,bgm1812,"BrightGene Bio-Medical Technology Co., Ltd.",INDUSTRY,A Study of BGM1812 Injection in Healthy and Non-diabetic Overweight or Obese Chinese Participants,PHASE1,RECRUITING,bgm1812,bgm1812,Amylin-based,amylin/calcitonin,amylin receptors; CTR,Dual amylin and calcitonin receptor agonist (DACRA),peptide,dual,False,VERIFIED,high,https://pubmed.ncbi.nlm.nih.gov/40608546/,Novel DACRA developed for obesity.,False,VERIFIED,VERIFIED,Amylin-based,amylin/calcitonin,True,False,False
NCT07294898,kai-7535,Kailera,INDUSTRY,A Study to Investigate the Effect of a Low-fat Meal and Evening Dosing on KAI-7535 in Participants Living With Obesity or Overweight,PHASE1,COMPLETED,kai-7535,hrs-7535,Incretin-based,GLP-1,GLP1R,GLP-1 receptor agonist,small molecule,mono,True,VERIFIED_ALIAS,high,https://investors.kailera.com/news-releases/news-release-details/kailera-therapeutics-announces-positive-topline-data-two-hengrui,KAI-7535 and HRS-7535 are the same oral small-molecule GLP-1RA.,False,VERIFIED_ALIAS,VERIFIED_ALIAS,Incretin-based,GLP-1,True,False,False
NCT07294950,semaglutide,"Mount Sinai Hospital, Canada",OTHER,Impact of Semaglutide Withdrawal on Cardiometabolic Profile and Physiology of Energy Balance: Recovery Effects After Semaglutide Termination,PHASE3,RECRUITING,semaglutide,semaglutide,Incretin-based,GLP-1,GLP1R,GLP-1 receptor agonist,peptide,mono,True,VERIFIED,high,https://pubmed.ncbi.nlm.nih.gov/41054801/,Long-acting GLP-1 analogue.,False,VERIFIED,VERIFIED,Incretin-based,GLP-1,True,False,False
NCT07297290,metformin,University Of Nigeria Teaching Hospital,NETWORK,"Effect of Metformin Use on Weight Loss in Obese, Non-diabetic People (MOWRI)",PHASE3,RECRUITING,metformin,metformin,Metabolic/energy expenditure,insulin sensitisation/metabolic,mitochondrial complex I; AMPK-associated pathways,Pleiotropic insulin-sensitising and metabolic effects,small molecule,,False,VERIFIED,medium,,Mechanism is pleiotropic; no single receptor target adequately describes metformin.,False,VERIFIED,VERIFIED,Metabolic/energy expenditure,insulin sensitisation/metabolic,True,False,False
NCT07299084,tirzepatide,Eli Lilly and Company,INDUSTRY,A Study to Evaluate the Effect of Fasting Duration and Tirzepatide Withholding on the Amount of Food and Fluid in the Stomach in Participants With Type 2 Diabetes Mellitus and Participants With Overweight or Obesity Without Type 2 Diabetes Mellitus,PHASE1,ACTIVE_NOT_RECRUITING,tirzepatide,tirzepatide,Incretin-based,GLP-1/GIP,GLP1R; GIPR,Dual GLP-1/GIP receptor agonist,peptide,dual,True,VERIFIED,high,https://pubmed.ncbi.nlm.nih.gov/41054801/,Dual incretin agonist.,False,VERIFIED,VERIFIED,Incretin-based,GLP-1/GIP,True,False,False
NCT07301437,liraglutide,The Fourth Affiliated Hospital of Zhejiang University School of Medicine,OTHER,RWS of of Liraglutide Alone and in Combination With Orlistat for Weight Loss in Overweight/Obese Patients.,PHASE4,NOT_YET_RECRUITING,liraglutide,liraglutide,Incretin-based,GLP-1,GLP1R,GLP-1 receptor agonist,peptide,mono,True,VERIFIED,high,https://pubmed.ncbi.nlm.nih.gov/41054801/,GLP-1 analogue.,False,VERIFIED,VERIFIED,Incretin-based,GLP-1,True,False,False
NCT07307274,synt101,Syntis Bio,INDUSTRY,"A Study of SYNT-101 to Test Safety, Tolerability and Pharmacodynamics of SYNT-101 in Healthy and Overweight Adults",PHASE1,COMPLETED,,synt101,,,,,,,,UNMAPPED,,,,False,UNMAPPED,UNCLASSIFIED_LONG_TAIL,Unclassified long tail,Not individually reviewed,False,False,True
NCT07307638,zt006,"Beijing QL Biopharmaceutical Co.,Ltd",INDUSTRY,"Dose-escalation and Food Effect Study of ZT006 in Healthy, Overweight and Obese Participants",PHASE1,COMPLETED,zt006,ZT006,Incretin-based,GLP-1,GLP1R,GLP-1 receptor agonist,oral peptide,mono,True,VERIFIED,high,https://diabetesjournals.org/diabetes/article/75/Supplement_1/1721-P/167880/,Oral GLP-1 receptor agonist peptide.,False,VERIFIED,VERIFIED,Incretin-based,GLP-1,True,False,False
NCT07310563,maridebart cafraglutide,Amgen,INDUSTRY,A Trial to Evaluate Interactions Between Antiemetic Medication and AMG 133 in Participants Living With Overweight or Obesity,PHASE1,COMPLETED,maridebart cafraglutide,maridebart cafraglutide,Incretin-based,GLP-1 agonism + GIP antagonism,GLP1R; GIPR,GLP-1 receptor agonism plus GIP receptor antagonism,antibody-peptide conjugate,,True,VERIFIED,high,https://pubmed.ncbi.nlm.nih.gov/38316982/,Anti-GIPR antibody conjugated to GLP-1 agonist peptides.,False,VERIFIED,VERIFIED,Incretin-based,GLP-1 agonism + GIP antagonism,True,False,False
NCT07310563,ondansetron,Amgen,INDUSTRY,A Trial to Evaluate Interactions Between Antiemetic Medication and AMG 133 in Participants Living With Overweight or Obesity,PHASE1,COMPLETED,,ondansetron,,,,,,,,UNMAPPED,,,,False,UNMAPPED,UNCLASSIFIED_LONG_TAIL,Unclassified long tail,Not individually reviewed,False,False,True
NCT07310901,crb-913,Corbus Pharmaceuticals Inc.,INDUSTRY,"A 2-part, Phase 1b Clinical Study Designed to Evaluate the Safety, PK, and Efficacy of CRB-913 in Participants With Obesity",PHASE1,ACTIVE_NOT_RECRUITING,crb-913,CRB-913,CNS/peripheral appetite-metabolic,CB1 inverse agonism,CNR1 (CB1),Highly peripherally restricted cannabinoid-1 receptor inverse agonism,small molecule,mono,False,VERIFIED,high,https://www.corbuspharma.com/our-pipeline/crb-913-inverse-agonist-biology-obesity-treatment,Oral peripherally restricted CB1 inverse agonist.,False,VERIFIED,VERIFIED,CNS/peripheral appetite-metabolic,CB1 inverse agonism,True,False,False
NCT07311850,berobenatide,Pfizer,INDUSTRY,Efficacy and Safety of MET097 Once-Weekly in People With Overweight or Obesity,PHASE3,ACTIVE_NOT_RECRUITING,berobenatide,berobenatide,Incretin-based,GLP-1,GLP1R,Long-acting biased GLP-1 receptor agonist,peptide,mono,True,VERIFIED,high,https://www.pfizer.com/news/press-release/press-release-detail/robust-phase-2b-efficacy-and-favorable-tolerability-support,PF-08653944/MET-097i; ultra-long acting peptide.,False,VERIFIED,VERIFIED,Incretin-based,GLP-1,True,False,False
NCT07313761,maridebart cafraglutide,Amgen,INDUSTRY,A Trial to Compare the Extent to Which Maridebart Cafraglutide (AMG 133) is Made Available in the Body When Administered Using Two Subcutaneous Presentations,PHASE1,COMPLETED,maridebart cafraglutide,maridebart cafraglutide,Incretin-based,GLP-1 agonism + GIP antagonism,GLP1R; GIPR,GLP-1 receptor agonism plus GIP receptor antagonism,antibody-peptide conjugate,,True,VERIFIED,high,https://pubmed.ncbi.nlm.nih.gov/38316982/,Anti-GIPR antibody conjugated to GLP-1 agonist peptides.,False,VERIFIED,VERIFIED,Incretin-based,GLP-1 agonism + GIP antagonism,True,False,False
NCT07314528,glp-1 receptor agonist,"St. James's Hospital, Ireland",OTHER,Evaluating the Impact of GLP-1 Receptor Agonists With Total Neoadjuvant Therapy in Rectal Cancer,PHASE2,NOT_YET_RECRUITING,glp-1 receptor agonist,unspecified GLP-1 receptor agonist,Incretin-based,GLP-1,GLP1R,GLP-1 receptor agonist,unspecified,mono,True,VERIFIED,medium,,Generic class label rather than a named molecule.,False,VERIFIED,VERIFIED,Incretin-based,GLP-1,True,False,False
NCT07317115,semaglutide,"GT Metabolic Solutions, Inc.",INDUSTRY,Side-to-Side Duodeno-ileostomy Versus Semaglutide in Adults With Obesity and Type 2 Diabetes,,RECRUITING,semaglutide,semaglutide,Incretin-based,GLP-1,GLP1R,GLP-1 receptor agonist,peptide,mono,True,VERIFIED,high,https://pubmed.ncbi.nlm.nih.gov/41054801/,Long-acting GLP-1 analogue.,False,VERIFIED,VERIFIED,Incretin-based,GLP-1,True,False,False
NCT07321886,eloralintide,Eli Lilly and Company,INDUSTRY,"A Study of Eloralintide (LY3841136) in Participants With Obesity, or Overweight Without Type 2 Diabetes",PHASE3,RECRUITING,eloralintide,eloralintide,Amylin-based,amylin,AMY1R (preferential); AMY3R; CTR,"Selective amylin receptor agonist, preferential for AMY1R",peptide,multi,False,VERIFIED,high,https://pubmed.ncbi.nlm.nih.gov/41109426/,Long-acting amylin analogue with preferential human AMY1R activation.,False,VERIFIED,VERIFIED,Amylin-based,amylin,True,False,False
NCT07324850,sgb-7342,Suzhou Sanegene Bio Inc.,INDUSTRY,A Study of SGB-7342 in Subjects With Obesity or Overweight,PHASE1,NOT_YET_RECRUITING,,sgb-7342,,,,,,,,UNMAPPED,,,,False,UNMAPPED,UNCLASSIFIED_LONG_TAIL,Unclassified long tail,Not individually reviewed,False,False,True
NCT07326111,tirzepatide,University of Bonn,OTHER,A Clincial Study Testing Tirzepatide on Reproductive Function and Metabolic Health in Women With PCOS Who Are Overweight or Obese,PHASE4,RECRUITING,tirzepatide,tirzepatide,Incretin-based,GLP-1/GIP,GLP1R; GIPR,Dual GLP-1/GIP receptor agonist,peptide,dual,True,VERIFIED,high,https://pubmed.ncbi.nlm.nih.gov/41054801/,Dual incretin agonist.,False,VERIFIED,VERIFIED,Incretin-based,GLP-1/GIP,True,False,False
NCT07326839,orlistat,XueMei Guo,OTHER,Orlistat and Weight Management for Uric Acid Control in Obese Gout: A RCT,,NOT_YET_RECRUITING,orlistat,orlistat,GI nutrient absorption,lipase inhibition,gastric and pancreatic lipases,Gastrointestinal lipase inhibitor reducing dietary fat absorption,small molecule,,False,VERIFIED,high,,Peripheral gastrointestinal mechanism.,False,VERIFIED,VERIFIED,GI nutrient absorption,lipase inhibition,True,False,False
NCT07331389,empagliflozin,"Hangzhou Zhongmei Huadong Pharmaceutical Co., Ltd.",INDUSTRY,"A Drug-Drug Interaction Study of HDM1002 and Metformin, Empagliflozin, Midazolam, Valsartan, and Warfarin",PHASE1,RECRUITING,empagliflozin,empagliflozin,Renal/glucose transport,SGLT2,SLC5A2 (SGLT2),SGLT2 inhibitor,small molecule,,False,VERIFIED,high,,Established SGLT2 inhibitor; repurposed/metabolic obesity context.,False,VERIFIED,VERIFIED,Renal/glucose transport,SGLT2,True,False,False
NCT07331389,hdm1002,"Hangzhou Zhongmei Huadong Pharmaceutical Co., Ltd.",INDUSTRY,"A Drug-Drug Interaction Study of HDM1002 and Metformin, Empagliflozin, Midazolam, Valsartan, and Warfarin",PHASE1,RECRUITING,hdm1002,hdm1002,Incretin-based,GLP-1,GLP1R,Potent selective GLP-1 receptor full agonist with cAMP-biased signalling,small molecule,mono,True,VERIFIED,high,https://pubmed.ncbi.nlm.nih.gov/41803652/,Oral small-molecule GLP-1RA.,False,VERIFIED,VERIFIED,Incretin-based,GLP-1,True,False,False
NCT07331389,metformin,"Hangzhou Zhongmei Huadong Pharmaceutical Co., Ltd.",INDUSTRY,"A Drug-Drug Interaction Study of HDM1002 and Metformin, Empagliflozin, Midazolam, Valsartan, and Warfarin",PHASE1,RECRUITING,metformin,metformin,Metabolic/energy expenditure,insulin sensitisation/metabolic,mitochondrial complex I; AMPK-associated pathways,Pleiotropic insulin-sensitising and metabolic effects,small molecule,,False,VERIFIED,medium,,Mechanism is pleiotropic; no single receptor target adequately describes metformin.,False,VERIFIED,VERIFIED,Metabolic/energy expenditure,insulin sensitisation/metabolic,True,False,False
NCT07331389,valsartan,"Hangzhou Zhongmei Huadong Pharmaceutical Co., Ltd.",INDUSTRY,"A Drug-Drug Interaction Study of HDM1002 and Metformin, Empagliflozin, Midazolam, Valsartan, and Warfarin",PHASE1,RECRUITING,,valsartan,,,,,,,,UNMAPPED,,,,False,UNMAPPED,UNCLASSIFIED_LONG_TAIL,Unclassified long tail,Not individually reviewed,False,False,True
NCT07332273,levothyroxine,Fundación Pública Andaluza para la Investigación de Málaga en Biomedicina y Salud,OTHER,Levothyroxine as Adjuvant to a Hypocaloric Diet for the Treatment of Obesity.,PHASE3,RECRUITING,,levothyroxine,,,,,,,,UNMAPPED,,,,False,UNMAPPED,UNCLASSIFIED_LONG_TAIL,Unclassified long tail,Not individually reviewed,False,False,True
NCT07336797,empagliflozin,Abdelrahman Mahmoud,OTHER,Effect of Empagliflozin on Metabolic Outcomes in Adults Living With HIV Receiving Dolutegravir-Based Therapy,PHASE2,RECRUITING,empagliflozin,empagliflozin,Renal/glucose transport,SGLT2,SLC5A2 (SGLT2),SGLT2 inhibitor,small molecule,,False,VERIFIED,high,,Established SGLT2 inhibitor; repurposed/metabolic obesity context.,False,VERIFIED,VERIFIED,Renal/glucose transport,SGLT2,True,False,False
NCT07337174,huc2-676,"Huons Co., Ltd.",INDUSTRY,Study to Compare and Evaluate the Safety and Pharmacokinetics After Subcutaneous Injection of HUC2-676 or HUC2-676-R in Healthy Adult Subjects,PHASE1,NOT_YET_RECRUITING,,huc2-676,,,,,,,,UNMAPPED,,,,False,UNMAPPED,UNCLASSIFIED_LONG_TAIL,Unclassified long tail,Not individually reviewed,False,False,True
NCT07337174,huc2-676-r,"Huons Co., Ltd.",INDUSTRY,Study to Compare and Evaluate the Safety and Pharmacokinetics After Subcutaneous Injection of HUC2-676 or HUC2-676-R in Healthy Adult Subjects,PHASE1,NOT_YET_RECRUITING,,huc2-676-r,,,,,,,,UNMAPPED,,,,False,UNMAPPED,UNCLASSIFIED_LONG_TAIL,Unclassified long tail,Not individually reviewed,False,False,True
NCT07338214,petrelintide,Zealand Pharma,INDUSTRY,Investigating the Pharmacokinetics of Petrelintide Using Different Drug Product Concentrations,PHASE1,COMPLETED,petrelintide,petrelintide,Amylin-based,amylin,amylin receptors; CTR,Long-acting human amylin analogue,peptide,multi,False,VERIFIED,high,https://pubmed.ncbi.nlm.nih.gov/41217931/,Long-acting amylin analogue.,False,VERIFIED,VERIFIED,Amylin-based,amylin,True,False,False
NCT07339423,zenagamtide,Novo Nordisk A/S,INDUSTRY,AMAZE 1: A Research Study Investigating How Well the Medicine NNC0487-0111 Helps People With Excess Body Weight Lose Weight,PHASE3,RECRUITING,zenagamtide,zenagamtide,Incretin + amylin,GLP-1/amylin,GLP1R; amylin receptors; CTR,"Unimolecular GLP-1, amylin and calcitonin receptor agonist",peptide,multi,True,VERIFIED,high,https://pubmed.ncbi.nlm.nih.gov/42532079/,Formerly amycretin; current name zenagamtide.,False,VERIFIED,VERIFIED,Incretin + amylin,GLP-1/amylin,True,False,False
NCT07347808,vct220,"Vincentage Pharma Co., Ltd",INDUSTRY,A Pharmacokinetic Study of VCT220 With Moderate Renal Impairment Patients,PHASE1,COMPLETED,vct220,vct220,Incretin-based,GLP-1,GLP1R,GLP-1 receptor agonist,small molecule,mono,True,VERIFIED,high,https://pubmed.ncbi.nlm.nih.gov/42595749/,Oral nonpeptide GLP-1RA.,False,VERIFIED,VERIFIED,Incretin-based,GLP-1,True,False,False
NCT07349381,cx11 vct220,"Vincentage Pharma Co., Ltd",INDUSTRY,A Food-Effect Study of CX11 in Healthy Participants,PHASE1,RECRUITING,cx11 vct220,vct220,Incretin-based,GLP-1,GLP1R,GLP-1 receptor agonism,small molecule,mono,True,VERIFIED_ALIAS,high,https://www.corxelbio.com/en/press-releases/corxel-acquires-worldwide-excluding-greater-china-rights-to-an-oral-small-molecule-glp-1-ra-for-the-treatment-of-obesity-and-diabetes/,CX11 and VCT220 are the same oral non-peptide GLP-1RA.,False,VERIFIED_ALIAS,VERIFIED_ALIAS,Incretin-based,GLP-1,True,False,False
NCT07353931,eloralintide,Eli Lilly and Company,INDUSTRY,Efficacy and Safety of Eloralintide (LY3841136) in Participants With Osteoarthritis Knee Pain and Obesity or Overweight,PHASE3,RECRUITING,eloralintide,eloralintide,Amylin-based,amylin,AMY1R (preferential); AMY3R; CTR,"Selective amylin receptor agonist, preferential for AMY1R",peptide,multi,False,VERIFIED,high,https://pubmed.ncbi.nlm.nih.gov/41109426/,Long-acting amylin analogue with preferential human AMY1R activation.,False,VERIFIED,VERIFIED,Amylin-based,amylin,True,False,False
NCT07354880,tirzapatide,University Medical Centre Ljubljana,OTHER,Effect of Tirzepatide on Cardiovascular and Metabolic Parameters in Obese Adult Patients With Congenital Heart Disease,PHASE4,NOT_YET_RECRUITING,,tirzapatide,,,,,,,,UNMAPPED,,,,False,UNMAPPED,UNCLASSIFIED_LONG_TAIL,Unclassified long tail,Not individually reviewed,False,False,True
NCT07355738,bofanglutide,Gan & Lee Pharmaceuticals.,INDUSTRY,Bioequivalence Study of GZR18 Injection Before and After CMC Change,PHASE1,RECRUITING,bofanglutide,bofanglutide,Incretin-based,GLP-1,GLP1R,Long-acting GLP-1 receptor agonist,peptide,mono,True,VERIFIED,high,https://pubmed.ncbi.nlm.nih.gov/41054801/,GZR18; long-acting GLP-1 analogue.,False,VERIFIED,VERIFIED,Incretin-based,GLP-1,True,False,False
NCT07357415,retatrutide,Eli Lilly and Company,INDUSTRY,A Study of Retatrutide (LY3437943) in Participants Without Type 2 Diabetes Who Have Obesity or Overweight,PHASE3,ACTIVE_NOT_RECRUITING,retatrutide,retatrutide,Incretin-based,GLP-1/GIP/glucagon,GLP1R; GIPR; GCGR,Triple GLP-1/GIP/glucagon receptor agonist,peptide,triple,True,VERIFIED,high,https://pubmed.ncbi.nlm.nih.gov/41054801/,Triple incretin/glucagon agonist.,False,VERIFIED,VERIFIED,Incretin-based,GLP-1/GIP/glucagon,True,False,False
NCT07357766,cagrilintide + semaglutide,Novo Nordisk A/S,INDUSTRY,A Research Study to Compare Different Versions of Injectable CagriSema and Placebo in People With Excess Body Weight,PHASE3,WITHDRAWN,cagrilintide + semaglutide,cagrilintide + semaglutide,Incretin + amylin,amylin + GLP-1 combination,AMY1R/AMY2R/AMY3R; CTR; GLP1R,Combination of amylin-receptor agonism and GLP-1 receptor agonism,peptide combination,combination,True,VERIFIED,high,https://pubmed.ncbi.nlm.nih.gov/41054801/,CagriSema.,False,VERIFIED,VERIFIED,Incretin + amylin,amylin + GLP-1 combination,True,False,False
NCT07362030,metformin,"Guangdong Raynovent Biotech Co., Ltd",INDUSTRY,"Drug-durg Interaction of RAY1225 With Warfarin, Atorvastatin, Metformin and Digoxin",PHASE1,ACTIVE_NOT_RECRUITING,metformin,metformin,Metabolic/energy expenditure,insulin sensitisation/metabolic,mitochondrial complex I; AMPK-associated pathways,Pleiotropic insulin-sensitising and metabolic effects,small molecule,,False,VERIFIED,medium,,Mechanism is pleiotropic; no single receptor target adequately describes metformin.,False,VERIFIED,VERIFIED,Metabolic/energy expenditure,insulin sensitisation/metabolic,True,False,False
NCT07362030,ray1225,"Guangdong Raynovent Biotech Co., Ltd",INDUSTRY,"Drug-durg Interaction of RAY1225 With Warfarin, Atorvastatin, Metformin and Digoxin",PHASE1,ACTIVE_NOT_RECRUITING,ray1225,ray1225,Incretin-based,GLP-1/GIP,GLP1R; GIPR,Biased dual GLP-1/GIP receptor agonist,peptide,dual,True,VERIFIED,high,https://diabetesjournals.org/diabetes/article/75/Supplement_1/1227-OR/167132/,Long-acting/biweekly dual agonist.,False,VERIFIED,VERIFIED,Incretin-based,GLP-1/GIP,True,False,False
NCT07364175,tirzepatide,Cambridge University Hospitals NHS Foundation Trust,OTHER,A Trial Within Cohort Feasibility Study Design Comparing Standard of Care Versus Weight Loss (Achieved Through Tirzepatide) for Obesity-related Hypertension in Young Adults,,RECRUITING,tirzepatide,tirzepatide,Incretin-based,GLP-1/GIP,GLP1R; GIPR,Dual GLP-1/GIP receptor agonist,peptide,dual,True,VERIFIED,high,https://pubmed.ncbi.nlm.nih.gov/41054801/,Dual incretin agonist.,False,VERIFIED,VERIFIED,Incretin-based,GLP-1/GIP,True,False,False
NCT07369011,eloralintide,Eli Lilly and Company,INDUSTRY,A Study of Eloralintide (LY3841136) in Participants With Obstructive Sleep Apnea and Obesity or Overweight,PHASE3,RECRUITING,eloralintide,eloralintide,Amylin-based,amylin,AMY1R (preferential); AMY3R; CTR,"Selective amylin receptor agonist, preferential for AMY1R",peptide,multi,False,VERIFIED,high,https://pubmed.ncbi.nlm.nih.gov/41109426/,Long-acting amylin analogue with preferential human AMY1R activation.,False,VERIFIED,VERIFIED,Amylin-based,amylin,True,False,False
NCT07373834,tirzepatide,University Medical Centre Ljubljana,OTHER,Tirzepatide and Muscle Outcomes in Obesity,,RECRUITING,tirzepatide,tirzepatide,Incretin-based,GLP-1/GIP,GLP1R; GIPR,Dual GLP-1/GIP receptor agonist,peptide,dual,True,VERIFIED,high,https://pubmed.ncbi.nlm.nih.gov/41054801/,Dual incretin agonist.,False,VERIFIED,VERIFIED,Incretin-based,GLP-1/GIP,True,False,False
NCT07374445,liraglutide,The Affiliated Nanjing Drum Tower Hospital of Nanjing University Medical School,OTHER,Research on Timing of Liraglutide Therapy in Patients With Obesity After Metabolic Surgery,PHASE4,COMPLETED,liraglutide,liraglutide,Incretin-based,GLP-1,GLP1R,GLP-1 receptor agonist,peptide,mono,True,VERIFIED,high,https://pubmed.ncbi.nlm.nih.gov/41054801/,GLP-1 analogue.,False,VERIFIED,VERIFIED,Incretin-based,GLP-1,True,False,False
NCT07382024,tirzepatide,National Taiwan University Hospital,OTHER,Tirzepatide to Reduce rEcurrence And Burden After Ablation of Atrial Fibrillation,,NOT_YET_RECRUITING,tirzepatide,tirzepatide,Incretin-based,GLP-1/GIP,GLP1R; GIPR,Dual GLP-1/GIP receptor agonist,peptide,dual,True,VERIFIED,high,https://pubmed.ncbi.nlm.nih.gov/41054801/,Dual incretin agonist.,False,VERIFIED,VERIFIED,Incretin-based,GLP-1/GIP,True,False,False
NCT07382908,bgm0504 multi-dose pen,"BrightGene Bio-Medical Technology Co., Ltd.",INDUSTRY,Bioequivalence Study of BGM0504 Injection,PHASE1,RECRUITING,bgm0504 multi-dose pen,bgm0504,Incretin-based,GLP-1/GIP,GLP1R; GIPR,Dual GLP-1/GIP receptor agonist,peptide,dual,True,VERIFIED_ALIAS,high,,Formulation/device label; collapse to BGM0504.,False,VERIFIED_ALIAS,VERIFIED_ALIAS,Incretin-based,GLP-1/GIP,True,False,False
NCT07382908,bgm0504 single-dose pen,"BrightGene Bio-Medical Technology Co., Ltd.",INDUSTRY,Bioequivalence Study of BGM0504 Injection,PHASE1,RECRUITING,bgm0504 single-dose pen,bgm0504,Incretin-based,GLP-1/GIP,GLP1R; GIPR,Dual GLP-1/GIP receptor agonist,peptide,dual,True,VERIFIED_ALIAS,high,,Formulation/device label; collapse to BGM0504.,False,VERIFIED_ALIAS,VERIFIED_ALIAS,Incretin-based,GLP-1/GIP,True,False,False
NCT07387094,ecnoglutide,"Hangzhou Sciwind Biosciences Co., Ltd.",INDUSTRY,A Study of XW003 in Obese Participants With Obstructive Sleep Apnea But Not Receive Positive Airway Pressure Therapy,PHASE3,RECRUITING,ecnoglutide,ecnoglutide,Incretin-based,GLP-1,GLP1R,cAMP-biased GLP-1 receptor agonist,peptide,mono,True,VERIFIED,high,https://pubmed.ncbi.nlm.nih.gov/37364710/,XW003; long-acting GLP-1 analogue.,False,VERIFIED,VERIFIED,Incretin-based,GLP-1,True,False,False
NCT07392190,eloralintide,Eli Lilly and Company,INDUSTRY,A Study of Eloralintide (LY3841136) in Participants With Persistent Obesity Who Are Treated With a Weekly Incretin,PHASE3,RECRUITING,eloralintide,eloralintide,Amylin-based,amylin,AMY1R (preferential); AMY3R; CTR,"Selective amylin receptor agonist, preferential for AMY1R",peptide,multi,False,VERIFIED,high,https://pubmed.ncbi.nlm.nih.gov/41109426/,Long-acting amylin analogue with preferential human AMY1R activation.,False,VERIFIED,VERIFIED,Amylin-based,amylin,True,False,False
NCT07395687,ubt251,Novo Nordisk A/S,INDUSTRY,A Research Study on How Well Different Doses of the Medicine UBT251 Help People Living With Overweight or Obesity,PHASE2,RECRUITING,ubt251,ubt251,Incretin-based,GLP-1/GIP/glucagon,GLP1R; GIPR; GCGR,Triple GLP-1/GIP/glucagon receptor agonist,peptide,triple,True,VERIFIED,high,https://www.novonordisk.com/news-and-media/news-and-ir-materials/news-details.html?id=916503,Triple-G agonist.,False,VERIFIED,VERIFIED,Incretin-based,GLP-1/GIP/glucagon,True,False,False
NCT07398404,naltrexone + bupropion,Medical University of South Carolina,OTHER,A Multiple Health Behavior Change (MHBC) Intervention for Weight Loss and Smoking Cessation for Pre-Bariatric Surgery Patients,PHASE1; PHASE2,NOT_YET_RECRUITING,naltrexone + bupropion,naltrexone + bupropion,CNS/appetite,opioid + catecholamine,OPRM1; NET/DAT pathways,Opioid receptor antagonism plus noradrenergic/dopaminergic appetite modulation,small-molecule combination,,False,VERIFIED,high,,Approved anti-obesity combination; established pharmacology.,False,VERIFIED,VERIFIED,CNS/appetite,opioid + catecholamine,True,False,False
NCT07399678,alv-100,"Alveus Therapeutics, Inc.",INDUSTRY,"Study of ALV-100 to Assess Safety, Tolerability, and PK/PD in Overweight/Obese Participants With or Without T2D",PHASE1,RECRUITING,alv-100,ALV-100,Incretin-based,GLP-1 agonism + GIP antagonism,GLP1R; GIPR,GLP-1 receptor agonist peptide fused to a GIP-receptor antagonist antibody,antibody-peptide fusion,,True,VERIFIED,high,https://alveustx.com/science/,Humanised GIPR-antagonist IgG4 antibody plus GLP-1RA peptide fusion.,False,VERIFIED,VERIFIED,Incretin-based,GLP-1 agonism + GIP antagonism,True,False,False
NCT07400107,semaglutide,Novo Nordisk A/S,INDUSTRY,AMAZE 8: A Research Study Investigating How Well the Medicine NNC0487-0111 Compared to Semaglutide Helps People With Excess Body Weight and Type 2 Diabetes Lose Weight,PHASE3,NOT_YET_RECRUITING,semaglutide,semaglutide,Incretin-based,GLP-1,GLP1R,GLP-1 receptor agonist,peptide,mono,True,VERIFIED,high,https://pubmed.ncbi.nlm.nih.gov/41054801/,Long-acting GLP-1 analogue.,False,VERIFIED,VERIFIED,Incretin-based,GLP-1,True,False,False
NCT07400107,zenagamtide,Novo Nordisk A/S,INDUSTRY,AMAZE 8: A Research Study Investigating How Well the Medicine NNC0487-0111 Compared to Semaglutide Helps People With Excess Body Weight and Type 2 Diabetes Lose Weight,PHASE3,NOT_YET_RECRUITING,zenagamtide,zenagamtide,Incretin + amylin,GLP-1/amylin,GLP1R; amylin receptors; CTR,"Unimolecular GLP-1, amylin and calcitonin receptor agonist",peptide,multi,True,VERIFIED,high,https://pubmed.ncbi.nlm.nih.gov/42532079/,Formerly amycretin; current name zenagamtide.,False,VERIFIED,VERIFIED,Incretin + amylin,GLP-1/amylin,True,False,False
NCT07400653,berobenatide,Pfizer,INDUSTRY,A Study to Learn About the Study Medicine (PF-08653944) in People With Obesity or Overweight and Type 2 Diabetes (T2D),PHASE3,ACTIVE_NOT_RECRUITING,berobenatide,berobenatide,Incretin-based,GLP-1,GLP1R,Long-acting biased GLP-1 receptor agonist,peptide,mono,True,VERIFIED,high,https://www.pfizer.com/news/press-release/press-release-detail/robust-phase-2b-efficacy-and-favorable-tolerability-support,PF-08653944/MET-097i; ultra-long acting peptide.,False,VERIFIED,VERIFIED,Incretin-based,GLP-1,True,False,False
NCT07400679,berobenatide,Pfizer,INDUSTRY,A Study to Learn How the Study Medicine Called PF-08653944 is Taken up Into the Blood in Adults With Overweight or Obesity,PHASE1,COMPLETED,berobenatide,berobenatide,Incretin-based,GLP-1,GLP1R,Long-acting biased GLP-1 receptor agonist,peptide,mono,True,VERIFIED,high,https://www.pfizer.com/news/press-release/press-release-detail/robust-phase-2b-efficacy-and-favorable-tolerability-support,PF-08653944/MET-097i; ultra-long acting peptide.,False,VERIFIED,VERIFIED,Incretin-based,GLP-1,True,False,False
NCT07401992,semaglutide,Hospital Universitario Dr. Jose E. Gonzalez,OTHER,Effects of Semaglutide on Clinical Outcomes and Metabolic Inflammation in Psoriasis,PHASE4,RECRUITING,semaglutide,semaglutide,Incretin-based,GLP-1,GLP1R,GLP-1 receptor agonist,peptide,mono,True,VERIFIED,high,https://pubmed.ncbi.nlm.nih.gov/41054801/,Long-acting GLP-1 analogue.,False,VERIFIED,VERIFIED,Incretin-based,GLP-1,True,False,False
NCT07411378,bio101,Biophytis,INDUSTRY,"Testing the Efficacy, Safety, and PK of 20E in Patients With Obesity Who Are Starting Treatment With the GLP-1 Agonist Semaglutide for Weight Loss.",PHASE2,NOT_YET_RECRUITING,bio101,BIO101,Lean-mass preservation,MAS receptor / muscle preservation,MAS1,MAS-receptor activation supporting muscle anabolism and function during GLP-1-associated weight loss,small molecule,,False,VERIFIED,high,https://www.biophytis.com/en/bio101/,20-hydroxyecdysone; developed as an adjunct to preserve muscle function during obesity treatment.,False,VERIFIED,VERIFIED,Lean-mass preservation,MAS receptor / muscle preservation,True,False,False
NCT07411378,semaglutide,Biophytis,INDUSTRY,"Testing the Efficacy, Safety, and PK of 20E in Patients With Obesity Who Are Starting Treatment With the GLP-1 Agonist Semaglutide for Weight Loss.",PHASE2,NOT_YET_RECRUITING,semaglutide,semaglutide,Incretin-based,GLP-1,GLP1R,GLP-1 receptor agonist,peptide,mono,True,VERIFIED,high,https://pubmed.ncbi.nlm.nih.gov/41054801/,Long-acting GLP-1 analogue.,False,VERIFIED,VERIFIED,Incretin-based,GLP-1,True,False,False
NCT07411560,cagrilintide,Novo Nordisk A/S,INDUSTRY,A Study Looking at How Weekly Injections of Two Hormones - GIP and Amylin - Affect Stomach-related Side Effects in People Who Are Overweight or Obese,PHASE1,RECRUITING,cagrilintide,cagrilintide,Amylin-based,amylin,AMY1R; AMY2R; AMY3R; CTR,Long-acting amylin/calcitonin receptor agonist,peptide,multi,False,VERIFIED,high,https://pubmed.ncbi.nlm.nih.gov/42452898/,Long-acting amylin analogue with activity across amylin receptors and CTR.,False,VERIFIED,VERIFIED,Amylin-based,amylin,True,False,False
NCT07411560,glucose-dependent insulinotropic polypeptide gip,Novo Nordisk A/S,INDUSTRY,A Study Looking at How Weekly Injections of Two Hormones - GIP and Amylin - Affect Stomach-related Side Effects in People Who Are Overweight or Obese,PHASE1,RECRUITING,glucose-dependent insulinotropic polypeptide gip,NNC0480-0389,Incretin-based,GIP,GIPR,Long-acting GIP receptor agonism,peptide,mono,True,VERIFIED_ALIAS,high,https://clinicaltrials.gov/study/NCT07411560,Registry GIP label corresponds to the long-acting Novo Nordisk GIP agonist NNC0480-0389 used with cagrilintide.,False,VERIFIED_ALIAS,VERIFIED_ALIAS,Incretin-based,GIP,True,False,False
NCT07429032,maridebart cafraglutide,Amgen,INDUSTRY,The Effect of AMG 133 on Gastric Emptying,PHASE1,COMPLETED,maridebart cafraglutide,maridebart cafraglutide,Incretin-based,GLP-1 agonism + GIP antagonism,GLP1R; GIPR,GLP-1 receptor agonism plus GIP receptor antagonism,antibody-peptide conjugate,,True,VERIFIED,high,https://pubmed.ncbi.nlm.nih.gov/38316982/,Anti-GIPR antibody conjugated to GLP-1 agonist peptides.,False,VERIFIED,VERIFIED,Incretin-based,GLP-1 agonism + GIP antagonism,True,False,False
NCT07429045,maridebart cafraglutide,Amgen,INDUSTRY,"A Trial to Assess the Effect of Kidney Impairment on How AMG 133 is Absorbed, Broken Down, and Eliminated by the Body",PHASE1,COMPLETED,maridebart cafraglutide,maridebart cafraglutide,Incretin-based,GLP-1 agonism + GIP antagonism,GLP1R; GIPR,GLP-1 receptor agonism plus GIP receptor antagonism,antibody-peptide conjugate,,True,VERIFIED,high,https://pubmed.ncbi.nlm.nih.gov/38316982/,Anti-GIPR antibody conjugated to GLP-1 agonist peptides.,False,VERIFIED,VERIFIED,Incretin-based,GLP-1 agonism + GIP antagonism,True,False,False
NCT07430059,semaglutide,"Vivani Medical, Inc",INDUSTRY,"Safety, Tolerability and Pharmacokinetics of a Subcutaneous Semaglutide Implant",PHASE1,NOT_YET_RECRUITING,semaglutide,semaglutide,Incretin-based,GLP-1,GLP1R,GLP-1 receptor agonist,peptide,mono,True,VERIFIED,high,https://pubmed.ncbi.nlm.nih.gov/41054801/,Long-acting GLP-1 analogue.,False,VERIFIED,VERIFIED,Incretin-based,GLP-1,True,False,False
NCT07431086,olatorepatide,Regeneron Pharmaceuticals,INDUSTRY,Study of Olatorepatide in Adult Participants Living With Overweight or Obesity in the US,PHASE2,ACTIVE_NOT_RECRUITING,olatorepatide,olatorepatide,Incretin-based,GLP-1/GIP,GLP1R; GIPR,Dual GLP-1/GIP receptor agonist,peptide,dual,True,VERIFIED,high,https://www.hspharm.com/news/news-detail-513468.htm,Same molecule previously recorded as HS-20094.,False,VERIFIED,VERIFIED,Incretin-based,GLP-1/GIP,True,False,False
NCT07434050,ecnoglutide,"Hangzhou Sciwind Biosciences Co., Ltd.",INDUSTRY,A Study of XW003 in Obese Participants With Obstructive Sleep Apnea Receiving Positive Airway Pressure Therapy,PHASE3,RECRUITING,ecnoglutide,ecnoglutide,Incretin-based,GLP-1,GLP1R,cAMP-biased GLP-1 receptor agonist,peptide,mono,True,VERIFIED,high,https://pubmed.ncbi.nlm.nih.gov/37364710/,XW003; long-acting GLP-1 analogue.,False,VERIFIED,VERIFIED,Incretin-based,GLP-1,True,False,False
NCT07437079,nnc6989-0001,Novo Nordisk A/S,INDUSTRY,A Study to See How Safe a New Medicine (NNC6989-0001) is in Healthy People Living With Overweight or Obesity,PHASE1,RECRUITING,,nnc6989-0001,,,,,,,,UNMAPPED,,,,False,UNMAPPED,UNCLASSIFIED_LONG_TAIL,Unclassified long tail,Not individually reviewed,False,False,True
NCT07438444,tirzepatide,Eli Lilly and Company,INDUSTRY,A Study of Tirzepatide (LY3298176) in Adult Participants in India With Either Type 2 Diabetes Mellitus or Obesity,PHASE4,ACTIVE_NOT_RECRUITING,tirzepatide,tirzepatide,Incretin-based,GLP-1/GIP,GLP1R; GIPR,Dual GLP-1/GIP receptor agonist,peptide,dual,True,VERIFIED,high,https://pubmed.ncbi.nlm.nih.gov/41054801/,Dual incretin agonist.,False,VERIFIED,VERIFIED,Incretin-based,GLP-1/GIP,True,False,False
NCT07441252,maridebart cafraglutide,Amgen,INDUSTRY,A Trial to Evaluate Efficacy and Safety of Maridebart Cafraglutide in Adults Living With Elevated Liver Fat and Obesity or Overweight,PHASE2,RECRUITING,maridebart cafraglutide,maridebart cafraglutide,Incretin-based,GLP-1 agonism + GIP antagonism,GLP1R; GIPR,GLP-1 receptor agonism plus GIP receptor antagonism,antibody-peptide conjugate,,True,VERIFIED,high,https://pubmed.ncbi.nlm.nih.gov/38316982/,Anti-GIPR antibody conjugated to GLP-1 agonist peptides.,False,VERIFIED,VERIFIED,Incretin-based,GLP-1 agonism + GIP antagonism,True,False,False
NCT07443059,zovaglutide,"Beijing QL Biopharmaceutical Co.,Ltd",INDUSTRY,A Study of Zovaglutide (ZT002 Injection) in Participants With Impaired Kidney Function and Healthy Participants,PHASE1,RECRUITING,zovaglutide,zovaglutide,Incretin-based,GLP-1,GLP1R,Ultra-long-acting GLP-1 receptor agonist,peptide,mono,True,VERIFIED,high,https://clinicaltrials.gov/study/NCT07230119,ZT002; once-monthly GLP-1RA peptide.,False,VERIFIED,VERIFIED,Incretin-based,GLP-1,True,False,False
NCT07443956,tirzepatide,NHS Greater Glasgow and Clyde,OTHER,Combination of Biologic and Anti-obesity Therapies in Psoriatic Arthritis,,RECRUITING,tirzepatide,tirzepatide,Incretin-based,GLP-1/GIP,GLP1R; GIPR,Dual GLP-1/GIP receptor agonist,peptide,dual,True,VERIFIED,high,https://pubmed.ncbi.nlm.nih.gov/41054801/,Dual incretin agonist.,False,VERIFIED,VERIFIED,Incretin-based,GLP-1/GIP,True,False,False
NCT07446998,enobosarm,Veru Inc.,INDUSTRY,"Proof-of-Concept Study Evaluating Total Body Weight, Physical Function & Safety of Enobosarm in Patients Treated With GLP-1 Receptor Agonist, for Weight Loss",PHASE2,ACTIVE_NOT_RECRUITING,enobosarm,enobosarm,Lean-mass preservation,androgen receptor modulation,AR,Selective androgen receptor modulation to preserve/increase lean mass,small molecule,,False,VERIFIED,high,https://pubmed.ncbi.nlm.nih.gov/22031847/,Selective androgen receptor modulator (SARM); used as adjunct during GLP-1 weight loss.,False,VERIFIED,VERIFIED,Lean-mass preservation,androgen receptor modulation,True,False,False
NCT07446998,semaglutide,Veru Inc.,INDUSTRY,"Proof-of-Concept Study Evaluating Total Body Weight, Physical Function & Safety of Enobosarm in Patients Treated With GLP-1 Receptor Agonist, for Weight Loss",PHASE2,ACTIVE_NOT_RECRUITING,semaglutide,semaglutide,Incretin-based,GLP-1,GLP1R,GLP-1 receptor agonist,peptide,mono,True,VERIFIED,high,https://pubmed.ncbi.nlm.nih.gov/41054801/,Long-acting GLP-1 analogue.,False,VERIFIED,VERIFIED,Incretin-based,GLP-1,True,False,False
NCT07458269,ribupatide,Kailera,INDUSTRY,Efficacy and Safety of Ribupatide (KAI-9531) Administered Once Weekly in Participants Living With Obesity Who Do Not Have Diabetes,PHASE2,ACTIVE_NOT_RECRUITING,ribupatide,ribupatide,Incretin-based,GLP-1/GIP,GLP1R; GIPR,Dual GLP-1/GIP receptor agonist,peptide,dual,True,VERIFIED,high,https://www.hengrui.com/en/media/detail-991.html,HRS9531/KAI-9531; injectable and oral formulations in development.,False,VERIFIED,VERIFIED,Incretin-based,GLP-1/GIP,True,False,False
NCT07463846,aln-2232,Alnylam Pharmaceuticals,INDUSTRY,A Study to Evaluate ALN-2232 in Participants With Obesity,PHASE1; PHASE2,RECRUITING,aln-2232,ALN-2232,Adipose signalling/RNAi,ALK7/ACVR1C,ACVR1C (ALK7),RNA interference-mediated silencing of ACVR1C/ALK7,siRNA,,False,VERIFIED,high,https://www.alnylam.com/alnylam-rnai-pipeline,Alnylam obesity RNAi programme targeting ACVR1C (ALK7).,False,VERIFIED,VERIFIED,Adipose signalling/RNAi,ALK7/ACVR1C,True,False,False
NCT07463846,tirzepatide,Alnylam Pharmaceuticals,INDUSTRY,A Study to Evaluate ALN-2232 in Participants With Obesity,PHASE1; PHASE2,RECRUITING,tirzepatide,tirzepatide,Incretin-based,GLP-1/GIP,GLP1R; GIPR,Dual GLP-1/GIP receptor agonist,peptide,dual,True,VERIFIED,high,https://pubmed.ncbi.nlm.nih.gov/41054801/,Dual incretin agonist.,False,VERIFIED,VERIFIED,Incretin-based,GLP-1/GIP,True,False,False
NCT07465965,semaglutide,"Shanghai World Leader Pharmaceutical Co., Ltd.",INDUSTRY,A Clinical Study of Semaglutide Nasal Spray in Overweight or Obese Adults,PHASE1,RECRUITING,semaglutide,semaglutide,Incretin-based,GLP-1,GLP1R,GLP-1 receptor agonist,peptide,mono,True,VERIFIED,high,https://pubmed.ncbi.nlm.nih.gov/41054801/,Long-acting GLP-1 analogue.,False,VERIFIED,VERIFIED,Incretin-based,GLP-1,True,False,False
NCT07467447,retatrutide ly3437943,Hudson Biotech,INDUSTRY,Effect of LY3437943 Versus Placebo in Participants Who Have Obesity or Are Overweight,PHASE2,RECRUITING,,retatrutide ly3437943,,,,,,,,UNMAPPED,,,,False,UNMAPPED,UNCLASSIFIED_LONG_TAIL,Unclassified long tail,Not individually reviewed,False,False,True
NCT07469800,mazdutide,Innovent Biologics (Suzhou) Co. Ltd.,INDUSTRY,Efficacy and Safety of IBI362 in Hypertensive Patients With Overweight/Obesity,PHASE3,RECRUITING,mazdutide,mazdutide,Incretin-based,GLP-1/glucagon,GLP1R; GCGR,Dual GLP-1/glucagon receptor agonist,peptide,dual,True,VERIFIED,high,https://pubmed.ncbi.nlm.nih.gov/41054801/,Former development code IBI362/LY3305677.,False,VERIFIED,VERIFIED,Incretin-based,GLP-1/glucagon,True,False,False
NCT07476118,brenipatide,Eli Lilly and Company,INDUSTRY,A Study of Brenipatide (LY3537031) in Healthy Participants With Overweight or Obesity,PHASE1,ACTIVE_NOT_RECRUITING,brenipatide,brenipatide,Incretin-based,GLP-1/GIP,GLP1R; GIPR,Dual GLP-1/GIP receptor agonist,large-molecule biologic,dual,True,VERIFIED,high,https://www.lilly.com/science/research-development/pipeline,LY3537031.,False,VERIFIED,VERIFIED,Incretin-based,GLP-1/GIP,True,False,False
NCT07479862,dose escalation of sa030,"Suzhou Siran Biotechnology Co.,Ltd.",INDUSTRY,A Study of SA030 Injection in Overweight or Obese Participants,PHASE1,NOT_YET_RECRUITING,dose escalation of sa030,SA030,Adipose signalling/RNAi,ALK7/ACVR1C,ACVR1C (ALK7),Adipose-targeting siRNA-mediated silencing of ALK7,siRNA,,False,VERIFIED_ALIAS,high,https://www.siranbio.com/en/,Registry dosing label; collapse to SA030.,False,VERIFIED_ALIAS,VERIFIED_ALIAS,Adipose signalling/RNAi,ALK7/ACVR1C,True,False,False
NCT07481630,zenagamtide,Novo Nordisk A/S,INDUSTRY,A Research Study Investigating How Well the Medicine NNC0487-0111 Helps People With Excess Body Weight and Knee Osteoarthritis Lose Weight and Reduce Pain,PHASE3,RECRUITING,zenagamtide,zenagamtide,Incretin + amylin,GLP-1/amylin,GLP1R; amylin receptors; CTR,"Unimolecular GLP-1, amylin and calcitonin receptor agonist",peptide,multi,True,VERIFIED,high,https://pubmed.ncbi.nlm.nih.gov/42532079/,Formerly amycretin; current name zenagamtide.,False,VERIFIED,VERIFIED,Incretin + amylin,GLP-1/amylin,True,False,False
NCT07481747,tirzepatide,Hudson Biotech,INDUSTRY,Efficacy and Safety of Tirzepatide Once Weekly Versus Placebo in Participants Who Are Either Obese or Overweight With Weight-Related Comorbidities (SURMOUNT-1),PHASE3,RECRUITING,tirzepatide,tirzepatide,Incretin-based,GLP-1/GIP,GLP1R; GIPR,Dual GLP-1/GIP receptor agonist,peptide,dual,True,VERIFIED,high,https://pubmed.ncbi.nlm.nih.gov/41054801/,Dual incretin agonist.,False,VERIFIED,VERIFIED,Incretin-based,GLP-1/GIP,True,False,False
NCT07487376,ibio-600,"iBio, Inc.",INDUSTRY,"A Study to Evaluate the Safety, Tolerability, Pharmacokinetics, and Pharmacodynamics of a Single Dose of IBIO-600 in Overweight or Obese Adults",PHASE1,RECRUITING,,ibio-600,,,,,,,,UNMAPPED,,,,False,UNMAPPED,UNCLASSIFIED_LONG_TAIL,Unclassified long tail,Not individually reviewed,False,False,True
NCT07496463,setmelanotide,Massachusetts General Hospital,OTHER,Setmelanotide to Treat Obesity in a Patient With Pseudohypoparathyroidism Type 1a (PHP1a),PHASE2,ENROLLING_BY_INVITATION,setmelanotide,setmelanotide,Melanocortin,MC4R,MC4R,Melanocortin-4 receptor agonist,peptide,mono,False,VERIFIED,high,https://www.accessdata.fda.gov/drugsatfda_docs/label/2026/213793s009lbl.pdf,Cyclic peptide MC4R agonist used in genetic/syndromic obesity.,False,VERIFIED,VERIFIED,Melanocortin,MC4R,True,False,False
NCT07497880,kai-7535,Kailera,INDUSTRY,Efficacy and Safety of Oral KAI-7535 in Adult Participants Living With Obesity or Overweight With at Least 1 Weight-Related Comorbidity,PHASE2,RECRUITING,kai-7535,hrs-7535,Incretin-based,GLP-1,GLP1R,GLP-1 receptor agonist,small molecule,mono,True,VERIFIED_ALIAS,high,https://investors.kailera.com/news-releases/news-release-details/kailera-therapeutics-announces-positive-topline-data-two-hengrui,KAI-7535 and HRS-7535 are the same oral small-molecule GLP-1RA.,False,VERIFIED_ALIAS,VERIFIED_ALIAS,Incretin-based,GLP-1,True,False,False
NCT07499050,ro7795081,Hoffmann-La Roche,INDUSTRY,A Study of Multiple Doses of Orally Administered RO7795081 in Otherwise Healthy Chinese Adult Participants With Obesity or Overweight,PHASE1,ACTIVE_NOT_RECRUITING,ro7795081,ro7795081,Incretin-based,GLP-1,GLP1R,Biased GLP-1 receptor agonist,small molecule,mono,True,VERIFIED,high,https://clinicaltrials.gov/study/NCT05814107,Same molecule as CT-996 / RG6652; Roche now uses active-substance code RO7795081.,False,VERIFIED,VERIFIED,Incretin-based,GLP-1,True,False,False
NCT07502001,metformin,"Hangzhou Zhongmei Huadong Pharmaceutical Co., Ltd.",INDUSTRY,"Influence of HDM1005 on Gastric Emptying and Pharmacokinetics of Metformin, Atorvastatin, Warfarin, and Digoxin",PHASE1,NOT_YET_RECRUITING,metformin,metformin,Metabolic/energy expenditure,insulin sensitisation/metabolic,mitochondrial complex I; AMPK-associated pathways,Pleiotropic insulin-sensitising and metabolic effects,small molecule,,False,VERIFIED,medium,,Mechanism is pleiotropic; no single receptor target adequately describes metformin.,False,VERIFIED,VERIFIED,Metabolic/energy expenditure,insulin sensitisation/metabolic,True,False,False
NCT07502001,poterepatide,"Hangzhou Zhongmei Huadong Pharmaceutical Co., Ltd.",INDUSTRY,"Influence of HDM1005 on Gastric Emptying and Pharmacokinetics of Metformin, Atorvastatin, Warfarin, and Digoxin",PHASE1,NOT_YET_RECRUITING,poterepatide,poterepatide,Incretin-based,GLP-1/GIP,GLP1R; GIPR,Dual GLP-1/GIP receptor agonist,peptide,dual,True,VERIFIED,high,https://pubmed.ncbi.nlm.nih.gov/42125916/,HDM1005.,False,VERIFIED,VERIFIED,Incretin-based,GLP-1/GIP,True,False,False
NCT07503210,zenagamtide,Novo Nordisk A/S,INDUSTRY,AMAZE 12: A Research Study Investigating How Well the Medicine NNC0487-0111 Helps People With Excess Body Weight Maintain Their Weight Loss,PHASE3,RECRUITING,zenagamtide,zenagamtide,Incretin + amylin,GLP-1/amylin,GLP1R; amylin receptors; CTR,"Unimolecular GLP-1, amylin and calcitonin receptor agonist",peptide,multi,True,VERIFIED,high,https://pubmed.ncbi.nlm.nih.gov/42532079/,Formerly amycretin; current name zenagamtide.,False,VERIFIED,VERIFIED,Incretin + amylin,GLP-1/amylin,True,False,False
NCT07505303,ecc4703,Eccogene,INDUSTRY,MIST (Metabolic Intervention With Semaglutide and THR-β Therapy) Trial,PHASE2,ACTIVE_NOT_RECRUITING,ecc4703,ECC4703,Metabolic/energy expenditure,THR-beta,THRB,Liver-targeted thyroid hormone receptor-beta agonism,small molecule,mono,False,VERIFIED,high,https://www.eccogene.com/wp-content/uploads/AASLD-2024_ECC4703-poster-5019_print-36inx70in.pdf,Selective liver-targeting THR-beta full agonist; being tested as an adjunct to semaglutide for obesity.,False,VERIFIED,VERIFIED,Metabolic/energy expenditure,THR-beta,True,False,False
NCT07505303,semaglutide,Eccogene,INDUSTRY,MIST (Metabolic Intervention With Semaglutide and THR-β Therapy) Trial,PHASE2,ACTIVE_NOT_RECRUITING,semaglutide,semaglutide,Incretin-based,GLP-1,GLP1R,GLP-1 receptor agonist,peptide,mono,True,VERIFIED,high,https://pubmed.ncbi.nlm.nih.gov/41054801/,Long-acting GLP-1 analogue.,False,VERIFIED,VERIFIED,Incretin-based,GLP-1,True,False,False
NCT07508020,zenagamtide,Novo Nordisk A/S,INDUSTRY,"A Research Study Looking at How NNC0487-0111 Affects Food Intake, Appetite and Metabolism After Meals in People With Obesity",PHASE1,RECRUITING,zenagamtide,zenagamtide,Incretin + amylin,GLP-1/amylin,GLP1R; amylin receptors; CTR,"Unimolecular GLP-1, amylin and calcitonin receptor agonist",peptide,multi,True,VERIFIED,high,https://pubmed.ncbi.nlm.nih.gov/42532079/,Formerly amycretin; current name zenagamtide.,False,VERIFIED,VERIFIED,Incretin + amylin,GLP-1/amylin,True,False,False
NCT07508241,berobenatide,Pfizer,INDUSTRY,A Study to Learn About the Effect of Study Medicine Called PF-08653944 on How Quickly the Stomach Empties Its Content in Healthy Adults With Overweight or Obesity,PHASE1,ACTIVE_NOT_RECRUITING,berobenatide,berobenatide,Incretin-based,GLP-1,GLP1R,Long-acting biased GLP-1 receptor agonist,peptide,mono,True,VERIFIED,high,https://www.pfizer.com/news/press-release/press-release-detail/robust-phase-2b-efficacy-and-favorable-tolerability-support,PF-08653944/MET-097i; ultra-long acting peptide.,False,VERIFIED,VERIFIED,Incretin-based,GLP-1,True,False,False
NCT07509307,zenagamtide,Novo Nordisk A/S,INDUSTRY,AMAZE 6: A Research Study Investigating How Well the Medicine NNC0487-0111 Helps People With Excess Body Weight and Knee Osteoarthritis Lose Weight and Reduce Pain,PHASE3,RECRUITING,zenagamtide,zenagamtide,Incretin + amylin,GLP-1/amylin,GLP1R; amylin receptors; CTR,"Unimolecular GLP-1, amylin and calcitonin receptor agonist",peptide,multi,True,VERIFIED,high,https://pubmed.ncbi.nlm.nih.gov/42532079/,Formerly amycretin; current name zenagamtide.,False,VERIFIED,VERIFIED,Incretin + amylin,GLP-1/amylin,True,False,False
NCT07511205,azd1043,AstraZeneca,INDUSTRY,"A Study to Investigate Safety, Tolerability, Pharmacokinetics and Pharmacodynamics of AZD1043 in Healthy Adult Participants Living With Overweight and/or Obesity.",PHASE1,RECRUITING,azd1043,AZD1043,Undisclosed,undisclosed,,,injectable/biologic or peptide not publicly specified,,,RESEARCH_REQUIRED,low,https://www.astrazeneca.com/our-therapy-areas/pipeline.html,Current AstraZeneca Phase 1 obesity asset; mechanism not publicly disclosed.,False,RESEARCH_REQUIRED,UNRESOLVED_PUBLIC_INFO,Undisclosed / insufficient public information,Undisclosed,False,True,False
NCT07513168,semaglutide,Asian Institute Of Medical Sciences,OTHER,Low-Dose Semaglutide for Weight Loss in Obese Non-Diabetic Pakistani Adults,PHASE4,RECRUITING,semaglutide,semaglutide,Incretin-based,GLP-1,GLP1R,GLP-1 receptor agonist,peptide,mono,True,VERIFIED,high,https://pubmed.ncbi.nlm.nih.gov/41054801/,Long-acting GLP-1 analogue.,False,VERIFIED,VERIFIED,Incretin-based,GLP-1,True,False,False
NCT07517042,mazdutide,Shanghai Zhongshan Hospital,OTHER,ASCEND-1: Lifestyle Intervention Plus Mazdutide for Weight Management,,RECRUITING,mazdutide,mazdutide,Incretin-based,GLP-1/glucagon,GLP1R; GCGR,Dual GLP-1/glucagon receptor agonist,peptide,dual,True,VERIFIED,high,https://pubmed.ncbi.nlm.nih.gov/41054801/,Former development code IBI362/LY3305677.,False,VERIFIED,VERIFIED,Incretin-based,GLP-1/glucagon,True,False,False
NCT07518589,cms-d008,"Shenzhen Kangzhe Biotechnology Co., Ltd.",INDUSTRY,Phase 1 Study of Ascending Doses of CMS-D008 in Healthy and Overweight/Obese Adults,PHASE1,NOT_YET_RECRUITING,cms-d008,CMS-D008,Adipose signalling/RNAi,INHBE/activin E,INHBE,"siRNA-mediated silencing of hepatic INHBE, lowering activin E and blocking activin E-ALK7 signalling",siRNA,,False,VERIFIED,high,https://web.cms.net.cn/en/2026/03/cmss-self-developed-innovative-drug-inhbe-targeting-small-nucleic-acid-drug-cms-d008-received-ind-approval-for-overweight-obesity-indication/,Subcutaneous INHBE-targeting siRNA.,False,VERIFIED,VERIFIED,Adipose signalling/RNAi,INHBE/activin E,True,False,False
NCT07521631,poterepatide,"Hangzhou Zhongmei Huadong Pharmaceutical Co., Ltd.",INDUSTRY,Efficacy and Safety of HDM1005 Compared to Tirzepatide in Obese Adults Without Diabetes,PHASE2,RECRUITING,poterepatide,poterepatide,Incretin-based,GLP-1/GIP,GLP1R; GIPR,Dual GLP-1/GIP receptor agonist,peptide,dual,True,VERIFIED,high,https://pubmed.ncbi.nlm.nih.gov/42125916/,HDM1005.,False,VERIFIED,VERIFIED,Incretin-based,GLP-1/GIP,True,False,False
NCT07521631,tirzepatide,"Hangzhou Zhongmei Huadong Pharmaceutical Co., Ltd.",INDUSTRY,Efficacy and Safety of HDM1005 Compared to Tirzepatide in Obese Adults Without Diabetes,PHASE2,RECRUITING,tirzepatide,tirzepatide,Incretin-based,GLP-1/GIP,GLP1R; GIPR,Dual GLP-1/GIP receptor agonist,peptide,dual,True,VERIFIED,high,https://pubmed.ncbi.nlm.nih.gov/41054801/,Dual incretin agonist.,False,VERIFIED,VERIFIED,Incretin-based,GLP-1/GIP,True,False,False
NCT07523711,maridebart cafraglutide,Amgen,INDUSTRY,Effect of Maridebart Cafraglutide on How Oral Contraceptives Are Absorbed and Processed in the Body in Postmenopausal Female Participants Living With Overweight or Obesity,PHASE1,ACTIVE_NOT_RECRUITING,maridebart cafraglutide,maridebart cafraglutide,Incretin-based,GLP-1 agonism + GIP antagonism,GLP1R; GIPR,GLP-1 receptor agonism plus GIP receptor antagonism,antibody-peptide conjugate,,True,VERIFIED,high,https://pubmed.ncbi.nlm.nih.gov/38316982/,Anti-GIPR antibody conjugated to GLP-1 agonist peptides.,False,VERIFIED,VERIFIED,Incretin-based,GLP-1 agonism + GIP antagonism,True,False,False
NCT07525791,nnc0662-0419,Novo Nordisk A/S,INDUSTRY,A Research Study Looking Into How NNC0662-0419 Works With Birth Control Pills and Emptying of the Stomach in Women Not Able to Become Pregnant With Excess Body Weight,PHASE1,RECRUITING,nnc0662-0419,nnc0662-0419,Undisclosed,undisclosed,,,undisclosed,,,RESEARCH_REQUIRED,low,https://clinicaltrials.gov/study/NCT06737536,"Novo Nordisk publicly identifies it as an obesity medicine, but an authoritative public mechanism was not found.",False,RESEARCH_REQUIRED,UNRESOLVED_PUBLIC_INFO,Undisclosed / insufficient public information,Undisclosed,False,True,False
NCT07527195,cagrilintide,Novo Nordisk A/S,INDUSTRY,"Understanding the Effect of CagriSema, Cagrilintide, and Semaglutide on Muscle Health (Role of Amylin Signature in Muscle Health)",PHASE1,RECRUITING,cagrilintide,cagrilintide,Amylin-based,amylin,AMY1R; AMY2R; AMY3R; CTR,Long-acting amylin/calcitonin receptor agonist,peptide,multi,False,VERIFIED,high,https://pubmed.ncbi.nlm.nih.gov/42452898/,Long-acting amylin analogue with activity across amylin receptors and CTR.,False,VERIFIED,VERIFIED,Amylin-based,amylin,True,False,False
NCT07527195,semaglutide,Novo Nordisk A/S,INDUSTRY,"Understanding the Effect of CagriSema, Cagrilintide, and Semaglutide on Muscle Health (Role of Amylin Signature in Muscle Health)",PHASE1,RECRUITING,semaglutide,semaglutide,Incretin-based,GLP-1,GLP1R,GLP-1 receptor agonist,peptide,mono,True,VERIFIED,high,https://pubmed.ncbi.nlm.nih.gov/41054801/,Long-acting GLP-1 analogue.,False,VERIFIED,VERIFIED,Incretin-based,GLP-1,True,False,False
NCT07532655,syh2082,"CSPC ZhongQi Pharmaceutical Technology Co., Ltd.",INDUSTRY,A Single Ascending Dose Study of SYH2082 Injection in Healthy Participants,PHASE1,NOT_YET_RECRUITING,syh2082,SYH2082,Incretin-based,GLP-1/GIP,GLP1R; GIPR,Long-acting dual GLP-1/GIP receptor agonist,peptide,dual,True,VERIFIED,high,https://www.astrazeneca.com/media-centre/press-releases/2026/astrazeneca-agrees-obesity-and-t2d-deal-with-cspc.html,Once-monthly programme licensed by AstraZeneca from CSPC.,False,VERIFIED,VERIFIED,Incretin-based,GLP-1/GIP,True,False,False
NCT07533175,zenagamtide,Novo Nordisk A/S,INDUSTRY,AMAZE 2: A Research Study Investigating How Well the Medicine NNC0487-0111 Helps People With Excess Body Weight and Type 2 Diabetes Lose Weight,PHASE3,RECRUITING,zenagamtide,zenagamtide,Incretin + amylin,GLP-1/amylin,GLP1R; amylin receptors; CTR,"Unimolecular GLP-1, amylin and calcitonin receptor agonist",peptide,multi,True,VERIFIED,high,https://pubmed.ncbi.nlm.nih.gov/42532079/,Formerly amycretin; current name zenagamtide.,False,VERIFIED,VERIFIED,Incretin + amylin,GLP-1/amylin,True,False,False
NCT07539415,dwc202502,Daewoong Pharmaceutical Co. LTD.,INDUSTRY,A Phase 1 Clinical Trial to Assess the Safety of DWRX5003 and Relative Bioavailability to DWC202502 and DWC202503 in Healthy Adult Volunteers,PHASE1,RECRUITING,dwc202502,semaglutide,Incretin-based,GLP-1,GLP1R,GLP-1 receptor agonism,peptide,mono,True,VERIFIED_ALIAS,high,https://clinicaltrials.gov/study/NCT07539415,DWC202502 is a semaglutide active-comparator formulation in the DWRX5003 bioavailability study.,False,VERIFIED_ALIAS,VERIFIED_ALIAS,Incretin-based,GLP-1,True,False,False
NCT07539415,dwc202503,Daewoong Pharmaceutical Co. LTD.,INDUSTRY,A Phase 1 Clinical Trial to Assess the Safety of DWRX5003 and Relative Bioavailability to DWC202502 and DWC202503 in Healthy Adult Volunteers,PHASE1,RECRUITING,dwc202503,semaglutide,Incretin-based,GLP-1,GLP1R,GLP-1 receptor agonism,peptide,mono,True,VERIFIED_ALIAS,high,https://clinicaltrials.gov/study/NCT07539415,DWC202503 is a semaglutide active-comparator formulation in the DWRX5003 bioavailability study.,False,VERIFIED_ALIAS,VERIFIED_ALIAS,Incretin-based,GLP-1,True,False,False
NCT07539415,dwrx5003,Daewoong Pharmaceutical Co. LTD.,INDUSTRY,A Phase 1 Clinical Trial to Assess the Safety of DWRX5003 and Relative Bioavailability to DWC202502 and DWC202503 in Healthy Adult Volunteers,PHASE1,RECRUITING,dwrx5003,semaglutide,Incretin-based,GLP-1,GLP1R,GLP-1 receptor agonism,peptide,mono,True,VERIFIED_ALIAS,high,https://daewoongrx.co.kr/microneedle/,DWRX5003 is a once-weekly microneedle-patch formulation of semaglutide.,False,VERIFIED_ALIAS,VERIFIED_ALIAS,Incretin-based,GLP-1,True,False,False
NCT07550816,zovaglutide,"Beijing QL Biopharmaceutical Co.,Ltd",INDUSTRY,Drug-drug Interaction Study of ZT002 Injection in Overweight and Obese Participants,PHASE1,RECRUITING,zovaglutide,zovaglutide,Incretin-based,GLP-1,GLP1R,Ultra-long-acting GLP-1 receptor agonist,peptide,mono,True,VERIFIED,high,https://clinicaltrials.gov/study/NCT07230119,ZT002; once-monthly GLP-1RA peptide.,False,VERIFIED,VERIFIED,Incretin-based,GLP-1,True,False,False
NCT07553299,vrb-101,Verdiva Bio Dev Limited,INDUSTRY,A Study of Weekly Oral Dose of Ecnoglutide (VRB-101) for Weight Maintenance in Participants Who Have Obesity or Overweight With Weight-Related Comorbidities,PHASE2,ACTIVE_NOT_RECRUITING,vrb-101,ecnoglutide,Incretin-based,GLP-1,GLP1R,cAMP-biased GLP-1 receptor agonist,peptide,mono,True,VERIFIED_ALIAS,high,https://clinicaltrials.gov/study/NCT07281937,VRB-101 is an oral formulation of ecnoglutide; collapse into ecnoglutide identity.,False,VERIFIED_ALIAS,VERIFIED_ALIAS,Incretin-based,GLP-1,True,False,False
NCT07554638,tirzepatide,Columbia University,OTHER,Incretin Therapies in Obesity-related HFpEF,PHASE4,RECRUITING,tirzepatide,tirzepatide,Incretin-based,GLP-1/GIP,GLP1R; GIPR,Dual GLP-1/GIP receptor agonist,peptide,dual,True,VERIFIED,high,https://pubmed.ncbi.nlm.nih.gov/41054801/,Dual incretin agonist.,False,VERIFIED,VERIFIED,Incretin-based,GLP-1/GIP,True,False,False
NCT07555730,tirzepatide,Huazhong University of Science and Technology,OTHER,AI-assisted Multi-domain Lifestyle Versus Tirzepatide for Weight Loss Maintenance in Adults With Type 2 Diabetes (AIM-MAINTAIN),PHASE4,NOT_YET_RECRUITING,tirzepatide,tirzepatide,Incretin-based,GLP-1/GIP,GLP1R; GIPR,Dual GLP-1/GIP receptor agonist,peptide,dual,True,VERIFIED,high,https://pubmed.ncbi.nlm.nih.gov/41054801/,Dual incretin agonist.,False,VERIFIED,VERIFIED,Incretin-based,GLP-1/GIP,True,False,False
NCT07557355,srsd384,"Sirius Therapeutics Co., Ltd.",INDUSTRY,A Study of SRSD384 in Overweight or Obese Participants,PHASE1; PHASE2,NOT_YET_RECRUITING,,srsd384,,,,,,,,UNMAPPED,,,,False,UNMAPPED,UNCLASSIFIED_LONG_TAIL,Unclassified long tail,Not individually reviewed,False,False,True
NCT07557953,cagrilintide,Novo Nordisk A/S,INDUSTRY,A Research Study Looking Into How Cagrilintide Influences Food Intake and Appetite in People With Overweight or Obesity,PHASE1,RECRUITING,cagrilintide,cagrilintide,Amylin-based,amylin,AMY1R; AMY2R; AMY3R; CTR,Long-acting amylin/calcitonin receptor agonist,peptide,multi,False,VERIFIED,high,https://pubmed.ncbi.nlm.nih.gov/42452898/,Long-acting amylin analogue with activity across amylin receptors and CTR.,False,VERIFIED,VERIFIED,Amylin-based,amylin,True,False,False
NCT07559136,ribupatide,"Fujian Shengdi Pharmaceutical Co., Ltd.",INDUSTRY,"A Study to Evaluate the Safety, Tolerability, Pharmacokinetics and Pharmacodynamics of HRS9531 Injection in Adolescents With Obesity",PHASE1,RECRUITING,ribupatide,ribupatide,Incretin-based,GLP-1/GIP,GLP1R; GIPR,Dual GLP-1/GIP receptor agonist,peptide,dual,True,VERIFIED,high,https://www.hengrui.com/en/media/detail-991.html,HRS9531/KAI-9531; injectable and oral formulations in development.,False,VERIFIED,VERIFIED,Incretin-based,GLP-1/GIP,True,False,False
NCT07559240,poterepatide,"Hangzhou Zhongmei Huadong Pharmaceutical Co., Ltd.",INDUSTRY,A Pharmacokinetic Study of HDM1005 Injection in Participants With Impaired Renal Function and Healthy Participants,PHASE1,NOT_YET_RECRUITING,poterepatide,poterepatide,Incretin-based,GLP-1/GIP,GLP1R; GIPR,Dual GLP-1/GIP receptor agonist,peptide,dual,True,VERIFIED,high,https://pubmed.ncbi.nlm.nih.gov/42125916/,HDM1005.,False,VERIFIED,VERIFIED,Incretin-based,GLP-1/GIP,True,False,False
NCT07564414,cagrilintide + semaglutide,Novo Nordisk A/S,INDUSTRY,A Research Study to Look at How Two Different Doses of CagriSema and One Dose of Semaglutide Help People Living With Obesity With or Without Type 2 Diabetes Lose Weight,PHASE3,RECRUITING,cagrilintide + semaglutide,cagrilintide + semaglutide,Incretin + amylin,amylin + GLP-1 combination,AMY1R/AMY2R/AMY3R; CTR; GLP1R,Combination of amylin-receptor agonism and GLP-1 receptor agonism,peptide combination,combination,True,VERIFIED,high,https://pubmed.ncbi.nlm.nih.gov/41054801/,CagriSema.,False,VERIFIED,VERIFIED,Incretin + amylin,amylin + GLP-1 combination,True,False,False
NCT07564414,semaglutide,Novo Nordisk A/S,INDUSTRY,A Research Study to Look at How Two Different Doses of CagriSema and One Dose of Semaglutide Help People Living With Obesity With or Without Type 2 Diabetes Lose Weight,PHASE3,RECRUITING,semaglutide,semaglutide,Incretin-based,GLP-1,GLP1R,GLP-1 receptor agonist,peptide,mono,True,VERIFIED,high,https://pubmed.ncbi.nlm.nih.gov/41054801/,Long-acting GLP-1 analogue.,False,VERIFIED,VERIFIED,Incretin-based,GLP-1,True,False,False
NCT07566390,nnc0113-5840,Novo Nordisk A/S,INDUSTRY,A Research Study Investigating How a New Medicine NNC0113-5840 Works in People With Overweight or Obesity,PHASE1,RECRUITING,,nnc0113-5840,,,,,,,,UNMAPPED,,,,False,UNMAPPED,UNCLASSIFIED_LONG_TAIL,Unclassified long tail,Not individually reviewed,False,False,True
NCT07567001,zenagamtide,Novo Nordisk A/S,INDUSTRY,A Research Study to Look at How Well NNC0487-0111 Works Compared to Placebo in People With Heart Failure and Obesity,PHASE3,RECRUITING,zenagamtide,zenagamtide,Incretin + amylin,GLP-1/amylin,GLP1R; amylin receptors; CTR,"Unimolecular GLP-1, amylin and calcitonin receptor agonist",peptide,multi,True,VERIFIED,high,https://pubmed.ncbi.nlm.nih.gov/42532079/,Formerly amycretin; current name zenagamtide.,False,VERIFIED,VERIFIED,Incretin + amylin,GLP-1/amylin,True,False,False
NCT07570758,erx1000,ERX Pharmaceuticals,INDUSTRY,A Phase 2A Clinical Trial to Assess the Safety and Tolerability of ERX1000 in Men and Women for the Treatment of Obesity.,PHASE2,RECRUITING,erx1000,erx1000,CNS/appetite,leptin sensitisation,leptin signalling pathway (direct molecular target undisclosed),Restores leptin sensitivity to reduce appetite and defend energy expenditure,small molecule,,False,VERIFIED,medium,https://www.erxpharmaceuticals.com/research-development/erx-1000-for-obesity/,First-in-class oral leptin sensitizer; direct binding target not publicly specified.,False,VERIFIED,VERIFIED,CNS/appetite,leptin sensitisation,True,False,False
NCT07570810,cs0159,Shanghai Jiao Tong University School of Medicine,OTHER,"Efficacy, Safety, and Tolerability of CS0159 Combined With Semaglutide in MAFLD Patients With Obesity and T2DM",,NOT_YET_RECRUITING,cs0159,cs0159,Undisclosed,undisclosed,,,small molecule (reported; mechanism needs confirmation),,,RESEARCH_REQUIRED,low,https://clinicaltrials.gov/study/NCT06492330,Used with semaglutide in obesity/MASH studies; mechanism requires stronger primary-source verification.,False,RESEARCH_REQUIRED,UNRESOLVED_PUBLIC_INFO,Undisclosed / insufficient public information,Undisclosed,False,True,False
NCT07570810,semaglutide,Shanghai Jiao Tong University School of Medicine,OTHER,"Efficacy, Safety, and Tolerability of CS0159 Combined With Semaglutide in MAFLD Patients With Obesity and T2DM",,NOT_YET_RECRUITING,semaglutide,semaglutide,Incretin-based,GLP-1,GLP1R,GLP-1 receptor agonist,peptide,mono,True,VERIFIED,high,https://pubmed.ncbi.nlm.nih.gov/41054801/,Long-acting GLP-1 analogue.,False,VERIFIED,VERIFIED,Incretin-based,GLP-1,True,False,False
NCT07571005,zenagamtide,Novo Nordisk A/S,INDUSTRY,AMAZE 3: A Research Study Investigating How Well the Medicine NNC0487-0111 Helps People With Excess Body Weight and Obstructive Sleep Apnoea Not Treated With Positive Airway Pressure Lose Weight and Improve Sleep Apnoea,PHASE3,RECRUITING,zenagamtide,zenagamtide,Incretin + amylin,GLP-1/amylin,GLP1R; amylin receptors; CTR,"Unimolecular GLP-1, amylin and calcitonin receptor agonist",peptide,multi,True,VERIFIED,high,https://pubmed.ncbi.nlm.nih.gov/42532079/,Formerly amycretin; current name zenagamtide.,False,VERIFIED,VERIFIED,Incretin + amylin,GLP-1/amylin,True,False,False
NCT07571109,zenagamtide,Novo Nordisk A/S,INDUSTRY,AMAZE 4: A Research Study Investigating How Well the Medicine NNC0487-0111 Helps People With Excess Body Weight and Obstructive Sleep Apnoea Treated With Positive Airway Pressure Lose Weight and Improve Sleep Apnoea,PHASE3,RECRUITING,zenagamtide,zenagamtide,Incretin + amylin,GLP-1/amylin,GLP1R; amylin receptors; CTR,"Unimolecular GLP-1, amylin and calcitonin receptor agonist",peptide,multi,True,VERIFIED,high,https://pubmed.ncbi.nlm.nih.gov/42532079/,Formerly amycretin; current name zenagamtide.,False,VERIFIED,VERIFIED,Incretin + amylin,GLP-1/amylin,True,False,False
NCT07574723,tirzepatide,Dasman Diabetes Institute,OTHER,Tirzepatide Titration to Reduce Side Effects in Individuals With Obesity,,RECRUITING,tirzepatide,tirzepatide,Incretin-based,GLP-1/GIP,GLP1R; GIPR,Dual GLP-1/GIP receptor agonist,peptide,dual,True,VERIFIED,high,https://pubmed.ncbi.nlm.nih.gov/41054801/,Dual incretin agonist.,False,VERIFIED,VERIFIED,Incretin-based,GLP-1/GIP,True,False,False
NCT07575399,maridebart cafraglutide,Amgen,INDUSTRY,"Efficacy, Safety and Tolerability of Switching From Glucagon-like Peptide-1 Receptor Agonists (GLP-1RA) to Maridebart Cafraglutide in Adults With Obesity or Overweight (MARITIME-SWITCH)",PHASE3,RECRUITING,maridebart cafraglutide,maridebart cafraglutide,Incretin-based,GLP-1 agonism + GIP antagonism,GLP1R; GIPR,GLP-1 receptor agonism plus GIP receptor antagonism,antibody-peptide conjugate,,True,VERIFIED,high,https://pubmed.ncbi.nlm.nih.gov/38316982/,Anti-GIPR antibody conjugated to GLP-1 agonist peptides.,False,VERIFIED,VERIFIED,Incretin-based,GLP-1 agonism + GIP antagonism,True,False,False
NCT07575932,berobenatide,Pfizer,INDUSTRY,A Study of PF-08653945 and PF-08653944 in Adults With Overweight or Obesity (SOLIS-1),PHASE2,RECRUITING,berobenatide,berobenatide,Incretin-based,GLP-1,GLP1R,Long-acting biased GLP-1 receptor agonist,peptide,mono,True,VERIFIED,high,https://www.pfizer.com/news/press-release/press-release-detail/robust-phase-2b-efficacy-and-favorable-tolerability-support,PF-08653944/MET-097i; ultra-long acting peptide.,False,VERIFIED,VERIFIED,Incretin-based,GLP-1,True,False,False
NCT07575932,pf-08653945,Pfizer,INDUSTRY,A Study of PF-08653945 and PF-08653944 in Adults With Overweight or Obesity (SOLIS-1),PHASE2,RECRUITING,pf-08653945,MET233,Amylin-based,amylin,amylin receptors,Ultra-long-acting amylin receptor agonist,peptide,multi,False,VERIFIED_ALIAS,high,https://doi.org/10.3390/scipharm94010021,"PF-08653945 is MET233, an ultra-long-acting amylin analogue.",False,VERIFIED_ALIAS,VERIFIED_ALIAS,Amylin-based,amylin,True,False,False
NCT07578584,nnc0497-0040,Novo Nordisk A/S,INDUSTRY,"A Research Study Investigating the Effect of NNC0497-0040 in Healthy Participants, Participants With Overweight or Obesity, and Participants With Type 1 Diabetes With Overweight or Obesity",PHASE1,RECRUITING,,nnc0497-0040,,,,,,,,UNMAPPED,,,,False,UNMAPPED,UNCLASSIFIED_LONG_TAIL,Unclassified long tail,Not individually reviewed,False,False,True
NCT07581431,ism8969,InSilico Medicine Hong Kong Limited,INDUSTRY,"A Phase 1, Evaluate the Safety, Tolerability, Pharmacokinetics, and Pharmacodynamics of ISM8969",PHASE1,RECRUITING,,ism8969,,,,,,,,UNMAPPED,,,,False,UNMAPPED,UNCLASSIFIED_LONG_TAIL,Unclassified long tail,Not individually reviewed,False,False,True
NCT07587710,zenagamtide,Novo Nordisk A/S,INDUSTRY,A Research Study Looking Into Blood Levels of the Medicine NNC0487-0111 in the Body and How Well it is Tolerated in People With Reduced Liver Function and Normal Liver Function,PHASE1,NOT_YET_RECRUITING,zenagamtide,zenagamtide,Incretin + amylin,GLP-1/amylin,GLP1R; amylin receptors; CTR,"Unimolecular GLP-1, amylin and calcitonin receptor agonist",peptide,multi,True,VERIFIED,high,https://pubmed.ncbi.nlm.nih.gov/42532079/,Formerly amycretin; current name zenagamtide.,False,VERIFIED,VERIFIED,Incretin + amylin,GLP-1/amylin,True,False,False
NCT07588438,tirzepatide,Las Rías Medical Center,OTHER,"Efficacy, Safety, and Tolerability of Tirzepatide in Real-World Conditions in Paraguay.",PHASE4,RECRUITING,tirzepatide,tirzepatide,Incretin-based,GLP-1/GIP,GLP1R; GIPR,Dual GLP-1/GIP receptor agonist,peptide,dual,True,VERIFIED,high,https://pubmed.ncbi.nlm.nih.gov/41054801/,Dual incretin agonist.,False,VERIFIED,VERIFIED,Incretin-based,GLP-1/GIP,True,False,False
NCT07589322,semaglutide,Tri-Service General Hospital (TSGH),OTHER,Comparative Observation of Metabolic and Pharmacologic Adipose Remodeling With Enhanced Incretin AgonisTs,,RECRUITING,semaglutide,semaglutide,Incretin-based,GLP-1,GLP1R,GLP-1 receptor agonist,peptide,mono,True,VERIFIED,high,https://pubmed.ncbi.nlm.nih.gov/41054801/,Long-acting GLP-1 analogue.,False,VERIFIED,VERIFIED,Incretin-based,GLP-1,True,False,False
NCT07589322,tirzepatide,Tri-Service General Hospital (TSGH),OTHER,Comparative Observation of Metabolic and Pharmacologic Adipose Remodeling With Enhanced Incretin AgonisTs,,RECRUITING,tirzepatide,tirzepatide,Incretin-based,GLP-1/GIP,GLP1R; GIPR,Dual GLP-1/GIP receptor agonist,peptide,dual,True,VERIFIED,high,https://pubmed.ncbi.nlm.nih.gov/41054801/,Dual incretin agonist.,False,VERIFIED,VERIFIED,Incretin-based,GLP-1/GIP,True,False,False
NCT07589608,eloralintide,Eli Lilly and Company,INDUSTRY,"A Study to Investigate Weight Management With Macupatide and Eloralintide, Alone or in Combination, in Adult Participants With Obesity or Overweight",PHASE2,RECRUITING,eloralintide,eloralintide,Amylin-based,amylin,AMY1R (preferential); AMY3R; CTR,"Selective amylin receptor agonist, preferential for AMY1R",peptide,multi,False,VERIFIED,high,https://pubmed.ncbi.nlm.nih.gov/41109426/,Long-acting amylin analogue with preferential human AMY1R activation.,False,VERIFIED,VERIFIED,Amylin-based,amylin,True,False,False
NCT07589608,macupatide,Eli Lilly and Company,INDUSTRY,"A Study to Investigate Weight Management With Macupatide and Eloralintide, Alone or in Combination, in Adult Participants With Obesity or Overweight",PHASE2,RECRUITING,macupatide,macupatide,Incretin-based,GIP,GIPR,Long-acting GIP receptor agonist,large-molecule biologic,mono,True,VERIFIED,high,https://www.lilly.com/science/research-development/pipeline,LY3532226; Lilly describes it as a large-molecule long-acting GIPR agonist.,False,VERIFIED,VERIFIED,Incretin-based,GIP,True,False,False
NCT07589686,enicepatide,Hoffmann-La Roche,INDUSTRY,A Dose-Finding Study of Petrelintide With Enicepatide (RO7795068) in Adults With Obesity or Overweight,PHASE2,NOT_YET_RECRUITING,enicepatide,enicepatide,Incretin-based,GLP-1/GIP,GLP1R; GIPR,Dual GLP-1/GIP receptor agonist,peptide,dual,True,VERIFIED,high,https://www.roche.com/media/releases/med-cor-2026-01-27,CT-388; once-weekly dual agonist.,False,VERIFIED,VERIFIED,Incretin-based,GLP-1/GIP,True,False,False
NCT07589686,petrelintide,Hoffmann-La Roche,INDUSTRY,A Dose-Finding Study of Petrelintide With Enicepatide (RO7795068) in Adults With Obesity or Overweight,PHASE2,NOT_YET_RECRUITING,petrelintide,petrelintide,Amylin-based,amylin,amylin receptors; CTR,Long-acting human amylin analogue,peptide,multi,False,VERIFIED,high,https://pubmed.ncbi.nlm.nih.gov/41217931/,Long-acting amylin analogue.,False,VERIFIED,VERIFIED,Amylin-based,amylin,True,False,False
NCT07590219,liraglutide,University of Sao Paulo General Hospital,OTHER,Use of Liraglutide in Children Aged 6 to 12 Years With Severe Obesity,PHASE4,ACTIVE_NOT_RECRUITING,liraglutide,liraglutide,Incretin-based,GLP-1,GLP1R,GLP-1 receptor agonist,peptide,mono,True,VERIFIED,high,https://pubmed.ncbi.nlm.nih.gov/41054801/,GLP-1 analogue.,False,VERIFIED,VERIFIED,Incretin-based,GLP-1,True,False,False
NCT07592546,semaglutide,Alain Dagher,OTHER,Translational Health Research Into Vascular and Neurocognitive Effects of Weight Loss,PHASE4,NOT_YET_RECRUITING,semaglutide,semaglutide,Incretin-based,GLP-1,GLP1R,GLP-1 receptor agonist,peptide,mono,True,VERIFIED,high,https://pubmed.ncbi.nlm.nih.gov/41054801/,Long-acting GLP-1 analogue.,False,VERIFIED,VERIFIED,Incretin-based,GLP-1,True,False,False
NCT07594093,regn20934,Regeneron Pharmaceuticals,INDUSTRY,Safety and Drug Concentrations of REGN20934 in Adults With Overweight or Obesity,PHASE1,RECRUITING,,regn20934,,,,,,,,UNMAPPED,,,,False,UNMAPPED,UNCLASSIFIED_LONG_TAIL,Unclassified long tail,Not individually reviewed,False,False,True
NCT07595549,berobenatide,Pfizer,INDUSTRY,A Study to Learn About the Study Medicine Called Berobenatide (PF-08653944) in People With Overweight or Obesity,PHASE3,RECRUITING,berobenatide,berobenatide,Incretin-based,GLP-1,GLP1R,Long-acting biased GLP-1 receptor agonist,peptide,mono,True,VERIFIED,high,https://www.pfizer.com/news/press-release/press-release-detail/robust-phase-2b-efficacy-and-favorable-tolerability-support,PF-08653944/MET-097i; ultra-long acting peptide.,False,VERIFIED,VERIFIED,Incretin-based,GLP-1,True,False,False
NCT07597018,cagrilintide d,Novo Nordisk A/S,INDUSTRY,A Research Study to Compare Blood Levels of Cagrilintide After Multiple Doses of Different Versions of Cagrilintide in Adults With Overweight or Obesity,PHASE1,RECRUITING,cagrilintide d,cagrilintide,Amylin-based,amylin,AMY1R; AMY2R; AMY3R; CTR,Long-acting amylin/calcitonin receptor agonist,peptide,multi,False,VERIFIED_ALIAS,high,https://clinicaltrials.gov/study/NCT07597018,Registry label denotes a version/formulation of cagrilintide; collapse to cagrilintide.,False,VERIFIED_ALIAS,VERIFIED_ALIAS,Amylin-based,amylin,True,False,False
NCT07605052,cagrilintide b,Novo Nordisk A/S,INDUSTRY,A Research Study to Compare Blood Levels of Two Different Versions of Cagrilintide in Adults With Excess Body Weight,PHASE1,COMPLETED,cagrilintide b,cagrilintide,Amylin-based,amylin,AMY1R; AMY2R; AMY3R; CTR,Long-acting amylin/calcitonin receptor agonist,peptide,multi,False,VERIFIED_ALIAS,high,,Registry variant; collapse to cagrilintide.,False,VERIFIED_ALIAS,VERIFIED_ALIAS,Amylin-based,amylin,True,False,False
NCT07605052,cagrilintide d,Novo Nordisk A/S,INDUSTRY,A Research Study to Compare Blood Levels of Two Different Versions of Cagrilintide in Adults With Excess Body Weight,PHASE1,COMPLETED,cagrilintide d,cagrilintide,Amylin-based,amylin,AMY1R; AMY2R; AMY3R; CTR,Long-acting amylin/calcitonin receptor agonist,peptide,multi,False,VERIFIED_ALIAS,high,https://clinicaltrials.gov/study/NCT07597018,Registry label denotes a version/formulation of cagrilintide; collapse to cagrilintide.,False,VERIFIED_ALIAS,VERIFIED_ALIAS,Amylin-based,amylin,True,False,False
NCT07607587,cagrilintide,Novo Nordisk A/S,INDUSTRY,Evaluation of the Tolerability of Cagrilintide in Participants Not Tolerating GLP-1-RA Therapies Due to Gastrointestinal Adverse Events,PHASE1,RECRUITING,cagrilintide,cagrilintide,Amylin-based,amylin,AMY1R; AMY2R; AMY3R; CTR,Long-acting amylin/calcitonin receptor agonist,peptide,multi,False,VERIFIED,high,https://pubmed.ncbi.nlm.nih.gov/42452898/,Long-acting amylin analogue with activity across amylin receptors and CTR.,False,VERIFIED,VERIFIED,Amylin-based,amylin,True,False,False
NCT07622810,bofanglutide,Carnot Laboratories,INDUSTRY,BALANCE-OBS: Bofanglutide (GZR18) Versus Semaglutide in Latin American Adults With Overweight or Obesity,PHASE3,NOT_YET_RECRUITING,bofanglutide,bofanglutide,Incretin-based,GLP-1,GLP1R,Long-acting GLP-1 receptor agonist,peptide,mono,True,VERIFIED,high,https://pubmed.ncbi.nlm.nih.gov/41054801/,GZR18; long-acting GLP-1 analogue.,False,VERIFIED,VERIFIED,Incretin-based,GLP-1,True,False,False
NCT07622810,semaglutide,Carnot Laboratories,INDUSTRY,BALANCE-OBS: Bofanglutide (GZR18) Versus Semaglutide in Latin American Adults With Overweight or Obesity,PHASE3,NOT_YET_RECRUITING,semaglutide,semaglutide,Incretin-based,GLP-1,GLP1R,GLP-1 receptor agonist,peptide,mono,True,VERIFIED,high,https://pubmed.ncbi.nlm.nih.gov/41054801/,Long-acting GLP-1 analogue.,False,VERIFIED,VERIFIED,Incretin-based,GLP-1,True,False,False
NCT07624071,aln-6222,Alnylam Pharmaceuticals,INDUSTRY,A Study to Evaluate ALN-6222 in Participants With Obesity,PHASE1,RECRUITING,aln-6222,ALN-6222,Adipose signalling/RNAi,INHBE/activin E,INHBE,RNA interference-mediated silencing of hepatic INHBE/activin E,siRNA,,False,VERIFIED,high,https://www.alnylam.com/alnylam-rnai-pipeline,Alnylam obesity RNAi programme targeting INHBE.,False,VERIFIED,VERIFIED,Adipose signalling/RNAi,INHBE/activin E,True,False,False
NCT07628127,vrb-101,Verdiva Bio Dev Limited,INDUSTRY,A Trial of Oral VRB-103 Alone or in Combination With Oral Ecnoglutide (VRB-101) in Participants With Obesity or Overweight,PHASE1,RECRUITING,vrb-101,ecnoglutide,Incretin-based,GLP-1,GLP1R,cAMP-biased GLP-1 receptor agonist,peptide,mono,True,VERIFIED_ALIAS,high,https://clinicaltrials.gov/study/NCT07281937,VRB-101 is an oral formulation of ecnoglutide; collapse into ecnoglutide identity.,False,VERIFIED_ALIAS,VERIFIED_ALIAS,Incretin-based,GLP-1,True,False,False
NCT07628127,vrb-103,Verdiva Bio Dev Limited,INDUSTRY,A Trial of Oral VRB-103 Alone or in Combination With Oral Ecnoglutide (VRB-101) in Participants With Obesity or Overweight,PHASE1,RECRUITING,,vrb-103,,,,,,,,UNMAPPED,,,,False,UNMAPPED,UNCLASSIFIED_LONG_TAIL,Unclassified long tail,Not individually reviewed,False,False,True
NCT07629544,da-302168s,"Chendu DIAO Pharmaceutical Group CO., LTD.",INDUSTRY,A Study of DA-302168S in Participants With Overweight/Obesity,PHASE3,RECRUITING,da-302168s,da-302168s,Incretin-based,GLP-1,GLP1R,GLP-1 receptor agonist,small molecule,mono,True,VERIFIED,high,https://pubmed.ncbi.nlm.nih.gov/40257122/,Oral small-molecule GLP-1RA.,False,VERIFIED,VERIFIED,Incretin-based,GLP-1,True,False,False
NCT07639021,nnc0662-0419,Novo Nordisk A/S,INDUSTRY,A Research Study Comparing Different Ways of Increasing the Dose of NNC0662-0419 in Participants With Obesity,PHASE2,RECRUITING,nnc0662-0419,nnc0662-0419,Undisclosed,undisclosed,,,undisclosed,,,RESEARCH_REQUIRED,low,https://clinicaltrials.gov/study/NCT06737536,"Novo Nordisk publicly identifies it as an obesity medicine, but an authoritative public mechanism was not found.",False,RESEARCH_REQUIRED,UNRESOLVED_PUBLIC_INFO,Undisclosed / insufficient public information,Undisclosed,False,True,False
NCT07648225,ubt251,"The United Bio-Technology (Hengqin) Co., Ltd.",INDUSTRY,UBT251 Injection Phase Ⅲ Study (Overweight or Obesity),PHASE3,NOT_YET_RECRUITING,ubt251,ubt251,Incretin-based,GLP-1/GIP/glucagon,GLP1R; GIPR; GCGR,Triple GLP-1/GIP/glucagon receptor agonist,peptide,triple,True,VERIFIED,high,https://www.novonordisk.com/news-and-media/news-and-ir-materials/news-details.html?id=916503,Triple-G agonist.,False,VERIFIED,VERIFIED,Incretin-based,GLP-1/GIP/glucagon,True,False,False
NCT07652047,cx11,Corxel Pharmaceuticals,INDUSTRY,A Study to Evaluate the Safety and Tolerability of Different Doses of CX11 Tablets,PHASE1,RECRUITING,cx11,vct220,Incretin-based,GLP-1,GLP1R,GLP-1 receptor agonist,small molecule,mono,True,VERIFIED_ALIAS,high,https://www.corxelbio.com/en/pipeline-science/,CX11 is also known as VCT220; collapse to VCT220 identity.,False,VERIFIED_ALIAS,VERIFIED_ALIAS,Incretin-based,GLP-1,True,False,False
NCT07654179,antidepressant therapy,Riphah International University,OTHER,Metformin as Adjunct Therapy in Depression-obesity Comorbidity: Clinical and Genetic Evaluation,,RECRUITING,antidepressant therapy,unspecified antidepressant therapy,CNS/appetite,mixed antidepressant class,,Generic antidepressant-treatment class label; mechanism depends on the selected agent,mixed/unspecified,mixed,False,VERIFIED,low,,Retain as a mixed class rather than forcing a single molecular target.,False,VERIFIED,VERIFIED,CNS/appetite,mixed antidepressant class,True,False,False
NCT07654179,metformin,Riphah International University,OTHER,Metformin as Adjunct Therapy in Depression-obesity Comorbidity: Clinical and Genetic Evaluation,,RECRUITING,metformin,metformin,Metabolic/energy expenditure,insulin sensitisation/metabolic,mitochondrial complex I; AMPK-associated pathways,Pleiotropic insulin-sensitising and metabolic effects,small molecule,,False,VERIFIED,medium,,Mechanism is pleiotropic; no single receptor target adequately describes metformin.,False,VERIFIED,VERIFIED,Metabolic/energy expenditure,insulin sensitisation/metabolic,True,False,False
NCT07654361,aleniglipron,"Gasherbrum Bio, Inc., a wholly owned subsidiary of Structure Therapeutics",INDUSTRY,Efficacy and Safety of Aleniglipron in Participants With Obesity or Overweight With a Weight-Related Comorbidity (ACCOMPLISH-1),PHASE3,RECRUITING,aleniglipron,aleniglipron,Incretin-based,GLP-1,GLP1R,Biased GLP-1 receptor agonist,small molecule,mono,True,VERIFIED,high,https://ir.structuretx.com/news-releases/news-release-details/structure-therapeutics-reports-positive-topline-data-phase-2,GSBR-1290; oral nonpeptide small-molecule GLP-1RA.,False,VERIFIED,VERIFIED,Incretin-based,GLP-1,True,False,False
NCT07654374,aleniglipron,"Gasherbrum Bio, Inc., a wholly owned subsidiary of Structure Therapeutics",INDUSTRY,A Study of Aleniglipron in Adults With Obesity or Overweight and Type 2 Diabetes Mellitus (ACCOMPLISH-2),PHASE3,RECRUITING,aleniglipron,aleniglipron,Incretin-based,GLP-1,GLP1R,Biased GLP-1 receptor agonist,small molecule,mono,True,VERIFIED,high,https://ir.structuretx.com/news-releases/news-release-details/structure-therapeutics-reports-positive-topline-data-phase-2,GSBR-1290; oral nonpeptide small-molecule GLP-1RA.,False,VERIFIED,VERIFIED,Incretin-based,GLP-1,True,False,False
NCT07654972,ly4174794,Eli Lilly and Company,INDUSTRY,A Study of LY4174794 in Participants With Obesity or Overweight Who Are Otherwise Healthy,PHASE1,RECRUITING,,ly4174794,,,,,,,,UNMAPPED,,,,False,UNMAPPED,UNCLASSIFIED_LONG_TAIL,Unclassified long tail,Not individually reviewed,False,False,True
NCT07656727,bge-102,"BioAge Labs, Inc.",INDUSTRY,"A Phase 2 Study to Evaluate the Pharmacodynamics, Safety and Tolerability of BGE-102 in Participants With Obesity and Cardiovascular Risk Factors",PHASE2,RECRUITING,bge-102,BGE-102,Inflammation/metabolic,NLRP3 inflammasome,NLRP3,NLRP3 inflammasome inhibition,small molecule,,False,VERIFIED,high,https://ir.bioagelabs.com/news-releases/news-release-details/bioage-labs-completes-ind-enabling-studies-bge-102-potent-orally,Brain-penetrant oral NLRP3 inhibitor.,False,VERIFIED,VERIFIED,Inflammation/metabolic,NLRP3 inflammasome,True,False,False
NCT07657676,mazdutide,China National Center for Cardiovascular Diseases,OTHER_GOV,Effect of Mazdutide on Coronary Plaque in Patients With Coronary Atherosclerosis and Overweight or Obesity,PHASE4,NOT_YET_RECRUITING,mazdutide,mazdutide,Incretin-based,GLP-1/glucagon,GLP1R; GCGR,Dual GLP-1/glucagon receptor agonist,peptide,dual,True,VERIFIED,high,https://pubmed.ncbi.nlm.nih.gov/41054801/,Former development code IBI362/LY3305677.,False,VERIFIED,VERIFIED,Incretin-based,GLP-1/glucagon,True,False,False
NCT07658560,bgm0504,"BrightGene Bio-Medical Technology Co., Ltd.",INDUSTRY,A Study to Evaluate Efficacy and Safety of BGM0504 Tablets in Overweight or Obese Participants Without Diabetes,PHASE2,NOT_YET_RECRUITING,bgm0504,bgm0504,Incretin-based,GLP-1/GIP,GLP1R; GIPR,Dual GLP-1/GIP receptor agonist,peptide,dual,True,VERIFIED,high,https://pubmed.ncbi.nlm.nih.gov/39840511/,Optimised dual agonist peptide.,False,VERIFIED,VERIFIED,Incretin-based,GLP-1/GIP,True,False,False
NCT07662122,bi 3034701,Boehringer Ingelheim,INDUSTRY,A Study to Test Whether BI 3034701 Helps People to Lose Weight Who Live With Obesity or Overweight,PHASE2,RECRUITING,bi 3034701,bi 3034701,Incretin-based,GLP-1/GIP/NPY2,GLP1R; GIPR; NPY2R,Triple GLP-1/GIP/NPY2 receptor agonist,peptide,triple,True,VERIFIED,high,https://www.gubra.dk/mfn_news/boehringer-ingelheim-initiates-phase-2-clinical-trial-of-gubra-originated-triple-receptor-agonist-for-people-living-with-overweight-and-obesity,Potential first-in-class triple agonist peptide.,False,VERIFIED,VERIFIED,Incretin-based,GLP-1/GIP/NPY2,True,False,False
NCT07665879,eloralintide,Eli Lilly and Company,INDUSTRY,A Study of Eloralintide (LY3841136) in Participants With Overweight or Obesity,PHASE1,RECRUITING,eloralintide,eloralintide,Amylin-based,amylin,AMY1R (preferential); AMY3R; CTR,"Selective amylin receptor agonist, preferential for AMY1R",peptide,multi,False,VERIFIED,high,https://pubmed.ncbi.nlm.nih.gov/41109426/,Long-acting amylin analogue with preferential human AMY1R activation.,False,VERIFIED,VERIFIED,Amylin-based,amylin,True,False,False
NCT07668414,semaglutide,Novo Nordisk A/S,INDUSTRY,A Research Study Investigating How Well the Medicine Zenagamtide Helps People With Excess Body Weight Lose Weight Compared to Semaglutide,PHASE3,NOT_YET_RECRUITING,semaglutide,semaglutide,Incretin-based,GLP-1,GLP1R,GLP-1 receptor agonist,peptide,mono,True,VERIFIED,high,https://pubmed.ncbi.nlm.nih.gov/41054801/,Long-acting GLP-1 analogue.,False,VERIFIED,VERIFIED,Incretin-based,GLP-1,True,False,False
NCT07668414,zenagamtide,Novo Nordisk A/S,INDUSTRY,A Research Study Investigating How Well the Medicine Zenagamtide Helps People With Excess Body Weight Lose Weight Compared to Semaglutide,PHASE3,NOT_YET_RECRUITING,zenagamtide,zenagamtide,Incretin + amylin,GLP-1/amylin,GLP1R; amylin receptors; CTR,"Unimolecular GLP-1, amylin and calcitonin receptor agonist",peptide,multi,True,VERIFIED,high,https://pubmed.ncbi.nlm.nih.gov/42532079/,Formerly amycretin; current name zenagamtide.,False,VERIFIED,VERIFIED,Incretin + amylin,GLP-1/amylin,True,False,False
NCT07671391,tirzepatide,Shanghai Zhongshan Hospital,OTHER,"A Randomized, Double-blind, Placebo-controlled Study Evaluating the Effect of LAE102 Injection in Combination With Tirzepatide on Body in Obese Participants",PHASE2,NOT_YET_RECRUITING,tirzepatide,tirzepatide,Incretin-based,GLP-1/GIP,GLP1R; GIPR,Dual GLP-1/GIP receptor agonist,peptide,dual,True,VERIFIED,high,https://pubmed.ncbi.nlm.nih.gov/41054801/,Dual incretin agonist.,False,VERIFIED,VERIFIED,Incretin-based,GLP-1/GIP,True,False,False
NCT07673900,semaglutide,"Terrestrial Bio, Inc.",INDUSTRY,Semaglutide Delivered Epi-Intradermally by Microarray Patch (VX-201) Versus Subcutaneous Administration in Healthy Overweight and Obese Participants,PHASE1,RECRUITING,semaglutide,semaglutide,Incretin-based,GLP-1,GLP1R,GLP-1 receptor agonist,peptide,mono,True,VERIFIED,high,https://pubmed.ncbi.nlm.nih.gov/41054801/,Long-acting GLP-1 analogue.,False,VERIFIED,VERIFIED,Incretin-based,GLP-1,True,False,False
NCT07673900,vx-201,"Terrestrial Bio, Inc.",INDUSTRY,Semaglutide Delivered Epi-Intradermally by Microarray Patch (VX-201) Versus Subcutaneous Administration in Healthy Overweight and Obese Participants,PHASE1,RECRUITING,,vx-201,,,,,,,,UNMAPPED,,,,False,UNMAPPED,UNCLASSIFIED_LONG_TAIL,Unclassified long tail,Not individually reviewed,False,False,True
NCT07675590,tix100,"TIXiMED, Inc.",INDUSTRY,"A Study to Evaluate Safety, Tolerability and Pharmacokinetics of Orally Administered TIX100 in Healthy Subjects",PHASE1,RECRUITING,,tix100,,,,,,,,UNMAPPED,,,,False,UNMAPPED,UNCLASSIFIED_LONG_TAIL,Unclassified long tail,Not individually reviewed,False,False,True
NCT07682337,scb0020160,SCBIO Inc.,INDUSTRY,Study of Single and Multiple Oral Doses of SCB0020160 in Healthy Adult Male Subjects,PHASE1,NOT_YET_RECRUITING,,scb0020160,,,,,,,,UNMAPPED,,,,False,UNMAPPED,UNCLASSIFIED_LONG_TAIL,Unclassified long tail,Not individually reviewed,False,False,True
NCT07684144,maridebart cafraglutide,Amgen,INDUSTRY,"Extension Trial to Evaluate the Long-term Efficacy, Safety, and Tolerability of Maridebart Cafraglutide (MARITIME-2-EXTENSION)",PHASE3,RECRUITING,maridebart cafraglutide,maridebart cafraglutide,Incretin-based,GLP-1 agonism + GIP antagonism,GLP1R; GIPR,GLP-1 receptor agonism plus GIP receptor antagonism,antibody-peptide conjugate,,True,VERIFIED,high,https://pubmed.ncbi.nlm.nih.gov/38316982/,Anti-GIPR antibody conjugated to GLP-1 agonist peptides.,False,VERIFIED,VERIFIED,Incretin-based,GLP-1 agonism + GIP antagonism,True,False,False
NCT07684235,maridebart cafraglutide,Amgen,INDUSTRY,"Extension Trial to Evaluate the Long-term Efficacy, Safety, and Tolerability of Maridebart Cafraglutide (MARITIME-1-EXTENSION)",PHASE3,RECRUITING,maridebart cafraglutide,maridebart cafraglutide,Incretin-based,GLP-1 agonism + GIP antagonism,GLP1R; GIPR,GLP-1 receptor agonism plus GIP receptor antagonism,antibody-peptide conjugate,,True,VERIFIED,high,https://pubmed.ncbi.nlm.nih.gov/38316982/,Anti-GIPR antibody conjugated to GLP-1 agonist peptides.,False,VERIFIED,VERIFIED,Incretin-based,GLP-1 agonism + GIP antagonism,True,False,False
NCT07685808,olatorepatide,Regeneron Pharmaceuticals,INDUSTRY,Study of Olatorepatide in Adult Participants Living With Overweight or Obesity Without Diabetes,PHASE2,RECRUITING,olatorepatide,olatorepatide,Incretin-based,GLP-1/GIP,GLP1R; GIPR,Dual GLP-1/GIP receptor agonist,peptide,dual,True,VERIFIED,high,https://www.hspharm.com/news/news-detail-513468.htm,Same molecule previously recorded as HS-20094.,False,VERIFIED,VERIFIED,Incretin-based,GLP-1/GIP,True,False,False
NCT07690826,hrs-4729,"Fujian Shengdi Pharmaceutical Co., Ltd.",INDUSTRY,A Study to Evaluate the Efficacy and Safety of HRS-4729 Injection in Obesity,PHASE2,NOT_YET_RECRUITING,hrs-4729,hrs-4729,Incretin-based,GLP-1/GIP/glucagon,GLP1R; GIPR; GCGR,Triple GLP-1/GIP/glucagon receptor agonist,peptide,triple,True,VERIFIED,high,https://www.hengrui.com/images/investor/%E6%81%92%E7%91%9E%E9%86%AB%E8%97%A5%202025%E5%B9%B4%E5%A0%B1.pdf,Subcutaneous peptide triple agonist.,False,VERIFIED,VERIFIED,Incretin-based,GLP-1/GIP/glucagon,True,False,False
NCT07693231,bi 3034701,Boehringer Ingelheim,INDUSTRY,A Study to Test How Well Different Doses of BI 3034701 Are Tolerated by Japanese Healthy People and Japanese People With Obesity or Overweight,PHASE1,RECRUITING,bi 3034701,bi 3034701,Incretin-based,GLP-1/GIP/NPY2,GLP1R; GIPR; NPY2R,Triple GLP-1/GIP/NPY2 receptor agonist,peptide,triple,True,VERIFIED,high,https://www.gubra.dk/mfn_news/boehringer-ingelheim-initiates-phase-2-clinical-trial-of-gubra-originated-triple-receptor-agonist-for-people-living-with-overweight-and-obesity,Potential first-in-class triple agonist peptide.,False,VERIFIED,VERIFIED,Incretin-based,GLP-1/GIP/NPY2,True,False,False
NCT07693426,efsubaglutide alfa,"Shanghai Yinnuo Pharmaceutical Technology Co., Ltd.",OTHER,Phase Ib Study of Efsubaglutide Alfa Injection in Obese Adolescents,PHASE1,RECRUITING,efsubaglutide alfa,efsubaglutide alfa,Incretin-based,GLP-1,GLP1R,Long-acting GLP-1 receptor agonist,Fc-fusion protein,mono,True,VERIFIED,high,https://pubmed.ncbi.nlm.nih.gov/41107649/,Two GLP-1 molecules fused to human IgG2 Fc.,False,VERIFIED,VERIFIED,Incretin-based,GLP-1,True,False,False
NCT07693868,nnc6022-0004,Novo Nordisk A/S,INDUSTRY,A Study to See How Safe a New Medicine (NNC6022-0004) is in Healthy People and People Living With Obesity,PHASE1,RECRUITING,,nnc6022-0004,,,,,,,,UNMAPPED,,,,False,UNMAPPED,UNCLASSIFIED_LONG_TAIL,Unclassified long tail,Not individually reviewed,False,False,True
NCT07697391,tirzepatide,The First Affiliated Hospital of Anhui Medical University,OTHER,AI-Assisted Lifestyle Intervention Versus Tirzepatide for Obesity and Newly Diagnosed Type 2 Diabetes,PHASE4,NOT_YET_RECRUITING,tirzepatide,tirzepatide,Incretin-based,GLP-1/GIP,GLP1R; GIPR,Dual GLP-1/GIP receptor agonist,peptide,dual,True,VERIFIED,high,https://pubmed.ncbi.nlm.nih.gov/41054801/,Dual incretin agonist.,False,VERIFIED,VERIFIED,Incretin-based,GLP-1/GIP,True,False,False
NCT07697846,zt002,"Beijing QL Biopharmaceutical Co.,Ltd",INDUSTRY,A Study to Investigate the Effects of Zovaglutide (ZT002 Injection) on QTc Interval in Healthy Adults,PHASE1,NOT_YET_RECRUITING,zt002,zovaglutide,Incretin-based,GLP-1,GLP1R,Ultra-long-acting GLP-1 receptor agonist,peptide,mono,True,VERIFIED_ALIAS,high,https://clinicaltrials.gov/study/NCT07230119,ZT002 is zovaglutide; collapse into zovaglutide identity.,False,VERIFIED_ALIAS,VERIFIED_ALIAS,Incretin-based,GLP-1,True,False,False
NCT07702890,gub-ucn2,Gubra A/S,INDUSTRY,"A Three-part First-in-human Trial to Assess Safety, Tolerability, Pharmacokinetics and Pharmacodynamics of GUB-UCN2 in Healthy Lean and Obese Participants and Participants With T2D",PHASE1; PHASE2,RECRUITING,gub-ucn2,GUB-UCN2,Lean-mass preservation,UCN2/CRHR2,CRHR2,Long-acting urocortin-2 analogue selectively activating CRHR2 to increase muscle mass and reduce fat mass,peptide,mono,False,VERIFIED,high,https://www.gubra.dk/mfn_news/gubra-announces-initiation-of-ambitious-phase-1-2a-clinical-trial-of-lead-asset-gub-ucn2-in-obesity/,Long-acting CRHR2-selective UCN2 analogue.,False,VERIFIED,VERIFIED,Lean-mass preservation,UCN2/CRHR2,True,False,False
NCT07707778,tirzepatide,National Taiwan University Clinical Trial Center,OTHER,Tirzepatide's Effects on Epigenetic Aging and Metabolic Restoration in Virally Suppressed People With HIV,PHASE4,ENROLLING_BY_INVITATION,tirzepatide,tirzepatide,Incretin-based,GLP-1/GIP,GLP1R; GIPR,Dual GLP-1/GIP receptor agonist,peptide,dual,True,VERIFIED,high,https://pubmed.ncbi.nlm.nih.gov/41054801/,Dual incretin agonist.,False,VERIFIED,VERIFIED,Incretin-based,GLP-1/GIP,True,False,False
NCT07709910,ribupatide,"Fujian Shengdi Pharmaceutical Co., Ltd.",INDUSTRY,A Trial of Ribupatide Injection in Participants With Obesity and Knee Osteoarthritis,PHASE3,NOT_YET_RECRUITING,ribupatide,ribupatide,Incretin-based,GLP-1/GIP,GLP1R; GIPR,Dual GLP-1/GIP receptor agonist,peptide,dual,True,VERIFIED,high,https://www.hengrui.com/en/media/detail-991.html,HRS9531/KAI-9531; injectable and oral formulations in development.,False,VERIFIED,VERIFIED,Incretin-based,GLP-1/GIP,True,False,False
NCT07710729,ubt251,Novo Nordisk A/S,INDUSTRY,A Research Study Looking Into How UBT251 Works With Birth Control Tablets and Emptying of the Stomach in Women With Excess Body Weight Not Able to Become Pregnant,PHASE1,RECRUITING,ubt251,ubt251,Incretin-based,GLP-1/GIP/glucagon,GLP1R; GIPR; GCGR,Triple GLP-1/GIP/glucagon receptor agonist,peptide,triple,True,VERIFIED,high,https://www.novonordisk.com/news-and-media/news-and-ir-materials/news-details.html?id=916503,Triple-G agonist.,False,VERIFIED,VERIFIED,Incretin-based,GLP-1/GIP/glucagon,True,False,False
NCT07710768,ubt251,Novo Nordisk A/S,INDUSTRY,"A Research Study on How UBT251 Affects Levels of Midazolam, Caffeine and Warfarin in the Blood of Participants With Excess Body Weight",PHASE1,RECRUITING,ubt251,ubt251,Incretin-based,GLP-1/GIP/glucagon,GLP1R; GIPR; GCGR,Triple GLP-1/GIP/glucagon receptor agonist,peptide,triple,True,VERIFIED,high,https://www.novonordisk.com/news-and-media/news-and-ir-materials/news-details.html?id=916503,Triple-G agonist.,False,VERIFIED,VERIFIED,Incretin-based,GLP-1/GIP/glucagon,True,False,False
NCT07715929,tirzepatide,Yunlong Wang,OTHER,Effect of Tirzepatide on Recurrence of Atrial Fibrillation After Catheter Ablation in Obese Patients,PHASE4,NOT_YET_RECRUITING,tirzepatide,tirzepatide,Incretin-based,GLP-1/GIP,GLP1R; GIPR,Dual GLP-1/GIP receptor agonist,peptide,dual,True,VERIFIED,high,https://pubmed.ncbi.nlm.nih.gov/41054801/,Dual incretin agonist.,False,VERIFIED,VERIFIED,Incretin-based,GLP-1/GIP,True,False,False
NCT07716241,hs-20136-2,"Jiangsu Hansoh Pharmaceutical Co., Ltd.",INDUSTRY,A Phase I Study of Single and Multiple Doses of HS-20136-2 Injection in Healthy or Obese Participants,PHASE1,NOT_YET_RECRUITING,hs-20136-2,hs-20136-2,Undisclosed,undisclosed,,,undisclosed,,,RESEARCH_REQUIRED,low,https://clinicaltrials.gov/study/NCT07716241,Hansoh injectable obesity programme; public target/mechanism remains undisclosed.,False,RESEARCH_REQUIRED,UNRESOLVED_PUBLIC_INFO,Undisclosed / insufficient public information,Undisclosed,False,True,False
NCT07717814,maridebart cafraglutide,Amgen,INDUSTRY,A Trial to Assess Bioavailability of AMG 133 in Participants With Overweight or Obesity,PHASE1,COMPLETED,maridebart cafraglutide,maridebart cafraglutide,Incretin-based,GLP-1 agonism + GIP antagonism,GLP1R; GIPR,GLP-1 receptor agonism plus GIP receptor antagonism,antibody-peptide conjugate,,True,VERIFIED,high,https://pubmed.ncbi.nlm.nih.gov/38316982/,Anti-GIPR antibody conjugated to GLP-1 agonist peptides.,False,VERIFIED,VERIFIED,Incretin-based,GLP-1 agonism + GIP antagonism,True,False,False
NCT07720271,zenagamtide,Novo Nordisk A/S,INDUSTRY,AMAZE 9: A Research Study Investigating How Well Zenagamtide Tablets Help People With Excess Body Weight Lose Weight,PHASE3,NOT_YET_RECRUITING,zenagamtide,zenagamtide,Incretin + amylin,GLP-1/amylin,GLP1R; amylin receptors; CTR,"Unimolecular GLP-1, amylin and calcitonin receptor agonist",peptide,multi,True,VERIFIED,high,https://pubmed.ncbi.nlm.nih.gov/42532079/,Formerly amycretin; current name zenagamtide.,False,VERIFIED,VERIFIED,Incretin + amylin,GLP-1/amylin,True,False,False
NCT07721597,zp6590 for,Zealand Pharma,INDUSTRY,"A Single and Multiple Ascending Dose Trial Assessing Safety, Tolerability, Pharmacokinetics and Pharmacodynamics of ZP6590 in Participants With Normal Weight, Overweight and Obesity",EARLY_PHASE1,RECRUITING,,zp6590 for,,,,,,,,UNMAPPED,,,,False,UNMAPPED,UNCLASSIFIED_LONG_TAIL,Unclassified long tail,Not individually reviewed,False,False,True
NCT07724340,at673 high dose,Antag Therapeutics,INDUSTRY,"A Study to Assess the Efficacy, Safety and Tolerability of AT673 Co-administered With Semaglutide in Adult Participants With Type 2 Diabetes (T2D) and Overweight or Obesity",PHASE2,RECRUITING,at673 high dose,AT673,Incretin pathway modulation,GIP antagonism,GIPR,GIP receptor antagonism,peptide,mono,True,VERIFIED_ALIAS,high,https://patents.google.com/patent/US20230416330A1/en,Dose label; AT673 is a GIP peptide analogue with potent GIPR antagonism.,False,VERIFIED_ALIAS,VERIFIED_ALIAS,Incretin pathway modulation,GIP antagonism,True,False,False
NCT07724340,at673 low dose,Antag Therapeutics,INDUSTRY,"A Study to Assess the Efficacy, Safety and Tolerability of AT673 Co-administered With Semaglutide in Adult Participants With Type 2 Diabetes (T2D) and Overweight or Obesity",PHASE2,RECRUITING,at673 low dose,AT673,Incretin pathway modulation,GIP antagonism,GIPR,GIP receptor antagonism,peptide,mono,True,VERIFIED_ALIAS,high,https://patents.google.com/patent/US20230416330A1/en,Dose label; AT673 is a GIP peptide analogue with potent GIPR antagonism.,False,VERIFIED_ALIAS,VERIFIED_ALIAS,Incretin pathway modulation,GIP antagonism,True,False,False
NCT07724431,cg-0416,"HongKong Curegene Innovation Co., Limited",INDUSTRY,"A Phase 1, Double-blind, Randomized Study to Evaluate the Safety, Tolerability, Pharmacodynamics, and Pharmacokinetics of Single Dose and Multiple Doses of CG-0416 in Healthy Participants.",PHASE1,NOT_YET_RECRUITING,cg-0416,CG-0416,Metabolic/energy expenditure,THR-beta,THRB,Liver-targeted thyroid hormone receptor-beta agonist,small molecule,mono,False,VERIFIED,high,https://www.curegene.com.cn/en/gongsixinwen/344.html,Oral non-GLP-1 obesity programme designed for fat loss with lean-mass preservation.,False,VERIFIED,VERIFIED,Metabolic/energy expenditure,THR-beta,True,False,False
NCT07725809,pf-08653945,Pfizer,INDUSTRY,A Study to Learn How the Study Medicine Called PF-08653945 is Taken up Into the Blood in Adults With Overweight or Obesity,PHASE1,NOT_YET_RECRUITING,pf-08653945,MET233,Amylin-based,amylin,amylin receptors,Ultra-long-acting amylin receptor agonist,peptide,multi,False,VERIFIED_ALIAS,high,https://doi.org/10.3390/scipharm94010021,"PF-08653945 is MET233, an ultra-long-acting amylin analogue.",False,VERIFIED_ALIAS,VERIFIED_ALIAS,Amylin-based,amylin,True,False,False
NCT07728383,semaglutide,"Gila Therapeutics, Inc.",INDUSTRY,A Proof-of-Concept Study to Evaluate Topical-Lingual Semaglutide in Adults With Obesity,PHASE4,RECRUITING,semaglutide,semaglutide,Incretin-based,GLP-1,GLP1R,GLP-1 receptor agonist,peptide,mono,True,VERIFIED,high,https://pubmed.ncbi.nlm.nih.gov/41054801/,Long-acting GLP-1 analogue.,False,VERIFIED,VERIFIED,Incretin-based,GLP-1,True,False,False
NCT07729332,orforglipron,Massachusetts General Hospital,OTHER,Switching to Oral Weight Management Pharmacotherapy to Prevent Weight Regain After GLP-1 Therapy Discontinuation,PHASE4,NOT_YET_RECRUITING,orforglipron,orforglipron,Incretin-based,GLP-1,GLP1R,GLP-1 receptor agonist,small molecule,mono,True,VERIFIED,high,https://pubmed.ncbi.nlm.nih.gov/41054801/,Oral nonpeptide GLP-1RA.,False,VERIFIED,VERIFIED,Incretin-based,GLP-1,True,False,False
NCT07729332,phentermine,Massachusetts General Hospital,OTHER,Switching to Oral Weight Management Pharmacotherapy to Prevent Weight Regain After GLP-1 Therapy Discontinuation,PHASE4,NOT_YET_RECRUITING,phentermine,phentermine,CNS/appetite,sympathomimetic,noradrenergic/monoaminergic pathways,Sympathomimetic appetite suppression,small molecule,,False,VERIFIED,high,,Established appetite suppressant.,False,VERIFIED,VERIFIED,CNS/appetite,sympathomimetic,True,False,False
NCT07731139,pf-08642534,Pfizer,INDUSTRY,A Study to Learn How Different Amounts of the Study Medicine Called PF-08642534 Are Tolerated and Act in the Body of People Who Have Obesity,PHASE1,NOT_YET_RECRUITING,,pf-08642534,,,,,,,,UNMAPPED,,,,False,UNMAPPED,UNCLASSIFIED_LONG_TAIL,Unclassified long tail,Not individually reviewed,False,False,True
NCT07734311,ecnoglutide,"Hangzhou Sciwind Biosciences Co., Ltd.",INDUSTRY,A Study of Econoglutide Injection in Obese Participants With Knee Osteoarthritis (KOA),PHASE3,RECRUITING,ecnoglutide,ecnoglutide,Incretin-based,GLP-1,GLP1R,cAMP-biased GLP-1 receptor agonist,peptide,mono,True,VERIFIED,high,https://pubmed.ncbi.nlm.nih.gov/37364710/,XW003; long-acting GLP-1 analogue.,False,VERIFIED,VERIFIED,Incretin-based,GLP-1,True,False,False
NCT07736391,syh2069,"CSPC Ouyi Pharmaceutical Co., Ltd.",INDUSTRY,A Study of SYH2069 Injection in Healthy Participants,PHASE1,ACTIVE_NOT_RECRUITING,syh2069,SYH2069,Incretin-based,GLP-1/GIP,GLP1R; GIPR,Dual-biased GLP-1/GIP receptor agonist,peptide,dual,True,VERIFIED,high,https://www1.hkexnews.hk/listedco/listconews/sehk/2025/1229/2025122901053.pdf,CSPC dual-biased agonist polypeptide injection.,False,VERIFIED,VERIFIED,Incretin-based,GLP-1/GIP,True,False,False
NCT07736404,syh2082,"CSPC Ouyi Pharmaceutical Co., Ltd.",INDUSTRY,A Study of SYH2082 Injection in Healthy Participants,PHASE1,ACTIVE_NOT_RECRUITING,syh2082,SYH2082,Incretin-based,GLP-1/GIP,GLP1R; GIPR,Long-acting dual GLP-1/GIP receptor agonist,peptide,dual,True,VERIFIED,high,https://www.astrazeneca.com/media-centre/press-releases/2026/astrazeneca-agrees-obesity-and-t2d-deal-with-cspc.html,Once-monthly programme licensed by AstraZeneca from CSPC.,False,VERIFIED,VERIFIED,Incretin-based,GLP-1/GIP,True,False,False
NCT07738276,tirzepatide,Shahid Beheshti University of Medical Sciences,OTHER,"Evaluation of the Efficacy and Safety of Tirzepatide, a Dual GLP-1/GIP Agonist, on Functional Capacity in Reduced Ejection Fraction Heart Failure Patients With Obesity",PHASE3,NOT_YET_RECRUITING,tirzepatide,tirzepatide,Incretin-based,GLP-1/GIP,GLP1R; GIPR,Dual GLP-1/GIP receptor agonist,peptide,dual,True,VERIFIED,high,https://pubmed.ncbi.nlm.nih.gov/41054801/,Dual incretin agonist.,False,VERIFIED,VERIFIED,Incretin-based,GLP-1/GIP,True,False,False
NCT07738614,eloralintide,Eli Lilly and Company,INDUSTRY,A Study of Eloralintide (LY3841136) in Participants With Obesity or Overweight,PHASE1,RECRUITING,eloralintide,eloralintide,Amylin-based,amylin,AMY1R (preferential); AMY3R; CTR,"Selective amylin receptor agonist, preferential for AMY1R",peptide,multi,False,VERIFIED,high,https://pubmed.ncbi.nlm.nih.gov/41109426/,Long-acting amylin analogue with preferential human AMY1R activation.,False,VERIFIED,VERIFIED,Amylin-based,amylin,True,False,False
NCT07740291,glp-1 receptor agonist therapy,Texas Tech University,OTHER,Tirzepatide Impact Assessment Study,,RECRUITING,glp-1 receptor agonist therapy,unspecified GLP-1 receptor agonist,Incretin-based,GLP-1,GLP1R,GLP-1 receptor agonism,unspecified,mono,True,VERIFIED_ALIAS,medium,,Generic GLP-1RA therapy label.,False,VERIFIED_ALIAS,VERIFIED_ALIAS,Incretin-based,GLP-1,True,False,False
NCT07743450,asc30 a1,"Ascletis Pharma (China) Co., Limited",INDUSTRY,A Study of Once-daily Oral ASC30 to Evaluate the Efficacy and Safety in Adult Participants With Obesity or Overweight With Type 2 Diabetes,PHASE3,RECRUITING,asc30 a1,ASC30,Incretin-based,GLP-1,GLP1R,Fully biased GLP-1 receptor agonist without β-arrestin recruitment,small molecule,mono,True,VERIFIED_ALIAS,high,https://www.ascletis.com/news_detail/192/id/1138/L/EN-US,A1 is an ASC30 formulation label; collapse to ASC30.,False,VERIFIED_ALIAS,VERIFIED_ALIAS,Incretin-based,GLP-1,True,False,False
NCT07743463,asc30 a1,"Ascletis Pharma (China) Co., Limited",INDUSTRY,A Study of Once-daily Oral ASC30 to Evaluate the Efficacy and Safety in Adult Participants With Obesity or Overweight With Weight-Related Comorbidities,PHASE3,RECRUITING,asc30 a1,ASC30,Incretin-based,GLP-1,GLP1R,Fully biased GLP-1 receptor agonist without β-arrestin recruitment,small molecule,mono,True,VERIFIED_ALIAS,high,https://www.ascletis.com/news_detail/192/id/1138/L/EN-US,A1 is an ASC30 formulation label; collapse to ASC30.,False,VERIFIED_ALIAS,VERIFIED_ALIAS,Incretin-based,GLP-1,True,False,False
NCT07745504,cagrilintide,Novo Nordisk A/S,INDUSTRY,A Research Study to Compare Two Different Versions of Injectable Cagrilintide and Placebo in People With Excess Body Weight,PHASE3,RECRUITING,cagrilintide,cagrilintide,Amylin-based,amylin,AMY1R; AMY2R; AMY3R; CTR,Long-acting amylin/calcitonin receptor agonist,peptide,multi,False,VERIFIED,high,https://pubmed.ncbi.nlm.nih.gov/42452898/,Long-acting amylin analogue with activity across amylin receptors and CTR.,False,VERIFIED,VERIFIED,Amylin-based,amylin,True,False,False
NCT07747857,tqf3250,"Chia Tai Tianqing Pharmaceutical Group Co., Ltd.",INDUSTRY,A Clinical Trial Evaluating TQF3250 Capsules in Patients With Type 2 Diabetes Mellitus and Overweight/Obesity,PHASE1,RECRUITING,tqf3250,TQF3250,Undisclosed,undisclosed,,,oral drug; exact mechanism undisclosed,,,RESEARCH_REQUIRED,low,https://ichgcp.net/clinical-trials-registry/NCT07798284,Clinical obesity programme verified; no sufficiently authoritative public mechanism identified.,False,RESEARCH_REQUIRED,UNRESOLVED_PUBLIC_INFO,Undisclosed / insufficient public information,Undisclosed,False,True,False
NCT07752979,abbv-295,AbbVie,INDUSTRY,Safety and Efficacy of ABBV-295 in Adults With Obesity or Overweight With Weight-Related Comorbidities,PHASE2,RECRUITING,abbv-295,abbv-295,Amylin-based,amylin,amylin receptors,Long-acting amylin analogue,peptide,multi,False,VERIFIED,high,https://www.gubra.dk/mfn_news/gubra-announces-achievement-of-milestone-from-abbvie-following-initiation-of-a-phase-2-clinical-trial-of-abbv-295-a-long-acting-amylin-analog/,Long-acting non-incretin amylin analogue.,False,VERIFIED,VERIFIED,Amylin-based,amylin,True,False,False
NCT07754474,bi 3034701,Boehringer Ingelheim,INDUSTRY,A Study to Test How Well Different and Multiple Doses of BI 3034701 Are Tolerated in People Living With Overweight or Obesity,PHASE1,NOT_YET_RECRUITING,bi 3034701,bi 3034701,Incretin-based,GLP-1/GIP/NPY2,GLP1R; GIPR; NPY2R,Triple GLP-1/GIP/NPY2 receptor agonist,peptide,triple,True,VERIFIED,high,https://www.gubra.dk/mfn_news/boehringer-ingelheim-initiates-phase-2-clinical-trial-of-gubra-originated-triple-receptor-agonist-for-people-living-with-overweight-and-obesity,Potential first-in-class triple agonist peptide.,False,VERIFIED,VERIFIED,Incretin-based,GLP-1/GIP/NPY2,True,False,False
NCT07757087,zenagamtide,Novo Nordisk A/S,INDUSTRY,"A Research Study to See How NNC0487-0111 Affects the Body's Energy Use After a Weight Loss in Adults Living With Obesity, Compared to a Low-calorie Diet or Placebo",PHASE1,RECRUITING,zenagamtide,zenagamtide,Incretin + amylin,GLP-1/amylin,GLP1R; amylin receptors; CTR,"Unimolecular GLP-1, amylin and calcitonin receptor agonist",peptide,multi,True,VERIFIED,high,https://pubmed.ncbi.nlm.nih.gov/42532079/,Formerly amycretin; current name zenagamtide.,False,VERIFIED,VERIFIED,Incretin + amylin,GLP-1/amylin,True,False,False
NCT07765160,mad in the abdomen,Innovent Biologics (Suzhou) Co. Ltd.,INDUSTRY,Clinical Trials of IBI3040 in Healthy Participants and Overweight or Obese Participants,PHASE1,NOT_YET_RECRUITING,,mad in the abdomen,,,,,,,,UNMAPPED,,,,False,UNMAPPED,UNCLASSIFIED_LONG_TAIL,Unclassified long tail,Not individually reviewed,False,False,True
NCT07765160,sad in the abdomen,Innovent Biologics (Suzhou) Co. Ltd.,INDUSTRY,Clinical Trials of IBI3040 in Healthy Participants and Overweight or Obese Participants,PHASE1,NOT_YET_RECRUITING,,sad in the abdomen,,,,,,,,UNMAPPED,,,,False,UNMAPPED,UNCLASSIFIED_LONG_TAIL,Unclassified long tail,Not individually reviewed,False,False,True
NCT07765511,eloralintide,Eli Lilly and Company,INDUSTRY,A Study of Macupatide (LY3532226) in Participants With Obesity or Overweight Without Type 2 Diabetes,PHASE1,NOT_YET_RECRUITING,eloralintide,eloralintide,Amylin-based,amylin,AMY1R (preferential); AMY3R; CTR,"Selective amylin receptor agonist, preferential for AMY1R",peptide,multi,False,VERIFIED,high,https://pubmed.ncbi.nlm.nih.gov/41109426/,Long-acting amylin analogue with preferential human AMY1R activation.,False,VERIFIED,VERIFIED,Amylin-based,amylin,True,False,False
NCT07765511,macupatide,Eli Lilly and Company,INDUSTRY,A Study of Macupatide (LY3532226) in Participants With Obesity or Overweight Without Type 2 Diabetes,PHASE1,NOT_YET_RECRUITING,macupatide,macupatide,Incretin-based,GIP,GIPR,Long-acting GIP receptor agonist,large-molecule biologic,mono,True,VERIFIED,high,https://www.lilly.com/science/research-development/pipeline,LY3532226; Lilly describes it as a large-molecule long-acting GIPR agonist.,False,VERIFIED,VERIFIED,Incretin-based,GIP,True,False,False
NCT07767175,nnc0721-8060,Novo Nordisk A/S,INDUSTRY,A First-in-human Research Study on How NNC0721-8060 Works in People Living With Overweight or Obesity,PHASE1,RECRUITING,,nnc0721-8060,,,,,,,,UNMAPPED,,,,False,UNMAPPED,UNCLASSIFIED_LONG_TAIL,Unclassified long tail,Not individually reviewed,False,False,True
NCT07767942,ubt251,"The United Bio-Technology (Hengqin) Co., Ltd.",INDUSTRY,UBT251 Injection Phase Ⅲ Study (OSA-NPAP),PHASE3,NOT_YET_RECRUITING,ubt251,ubt251,Incretin-based,GLP-1/GIP/glucagon,GLP1R; GIPR; GCGR,Triple GLP-1/GIP/glucagon receptor agonist,peptide,triple,True,VERIFIED,high,https://www.novonordisk.com/news-and-media/news-and-ir-materials/news-details.html?id=916503,Triple-G agonist.,False,VERIFIED,VERIFIED,Incretin-based,GLP-1/GIP/glucagon,True,False,False
NCT07768813,survodutide formulation a,Boehringer Ingelheim,INDUSTRY,A Study to Compare How 2 Different Formulations of Survodutide Are Taken up in the Body When Given by Injection in Healthy Men and Women With and Without Overweight or Obesity,PHASE1,NOT_YET_RECRUITING,,survodutide formulation a,,,,,,,,UNMAPPED,,,,False,UNMAPPED,UNCLASSIFIED_LONG_TAIL,Unclassified long tail,Not individually reviewed,False,False,True
NCT07768813,survodutide formulation b2,Boehringer Ingelheim,INDUSTRY,A Study to Compare How 2 Different Formulations of Survodutide Are Taken up in the Body When Given by Injection in Healthy Men and Women With and Without Overweight or Obesity,PHASE1,NOT_YET_RECRUITING,,survodutide formulation b2,,,,,,,,UNMAPPED,,,,False,UNMAPPED,UNCLASSIFIED_LONG_TAIL,Unclassified long tail,Not individually reviewed,False,False,True
NCT07770152,semaglutide,"Children's Hospital Medical Center, Cincinnati",OTHER,Semaglutide in Youth With Autism Spectrum Disorder,PHASE4,NOT_YET_RECRUITING,semaglutide,semaglutide,Incretin-based,GLP-1,GLP1R,GLP-1 receptor agonist,peptide,mono,True,VERIFIED,high,https://pubmed.ncbi.nlm.nih.gov/41054801/,Long-acting GLP-1 analogue.,False,VERIFIED,VERIFIED,Incretin-based,GLP-1,True,False,False
NCT07770841,semaglutide,Novo Nordisk A/S,INDUSTRY,Research Study on How Well Oral Semaglutide Works for Weight Loss in Adults With Excess Body Weight,PHASE3,RECRUITING,semaglutide,semaglutide,Incretin-based,GLP-1,GLP1R,GLP-1 receptor agonist,peptide,mono,True,VERIFIED,high,https://pubmed.ncbi.nlm.nih.gov/41054801/,Long-acting GLP-1 analogue.,False,VERIFIED,VERIFIED,Incretin-based,GLP-1,True,False,False
NCT07775404,elecoglipron,AstraZeneca,INDUSTRY,A Study to Investigate the Efficacy and Safety of Elecoglipron in Asian Participants With Obesity or Overweight With or Without Type 2 Diabetes Mellitus,PHASE3,RECRUITING,elecoglipron,elecoglipron,Incretin-based,GLP-1,GLP1R,GLP-1 receptor agonism,small molecule,mono,True,VERIFIED,high,https://pubmed.ncbi.nlm.nih.gov/42259337/,AZD5004; oral small-molecule GLP-1RA.,False,VERIFIED,VERIFIED,Incretin-based,GLP-1,True,False,False
NCT07776041,syh2092,"CSPC Megalith Biopharmaceutical Co.,Ltd.",INDUSTRY,A Study of SYH2092 Injection in Healthy Participants,PHASE1,NOT_YET_RECRUITING,,syh2092,,,,,,,,UNMAPPED,,,,False,UNMAPPED,UNCLASSIFIED_LONG_TAIL,Unclassified long tail,Not individually reviewed,False,False,True
NCT07776509,azd6234,AstraZeneca,INDUSTRY,A Study to Evaluate Effect of AZD6234 as an Adjunct to Incretin-based Therapies in Adult Participants With Obesity or Overweight With Weight-related Comorbidity With or Without Type 2 Diabetes Mellitus,PHASE3,NOT_YET_RECRUITING,azd6234,azd6234,Amylin-based,amylin,amylin receptors,Selective amylin receptor agonist,peptide,multi,False,VERIFIED,high,https://www.astrazeneca.com/media-centre/press-releases/2026/astrazeneca-agrees-obesity-and-t2d-deal-with-cspc.html,Weekly injectable selective amylin receptor agonist (SARA).,False,VERIFIED,VERIFIED,Amylin-based,amylin,True,False,False
NCT07778693,mwn109,"Shanghai Minwei Biotechnology Co., Ltd",INDUSTRY,Phase 3 Study of MWN109 Injection in Participants With Overweight or Obesity,PHASE3,NOT_YET_RECRUITING,mwn109,mwn109,Incretin-based,GLP-1/GIP/glucagon,GLP1R; GIPR; GCGR,Triple GLP-1/GIP/glucagon receptor agonist,peptide,triple,True,VERIFIED,high,https://diabetesjournals.org/diabetes/article/74/Supplement_1/1967-LB/158767/,Long-acting triagonist; company also evaluates oral delivery.,False,VERIFIED,VERIFIED,Incretin-based,GLP-1/GIP/glucagon,True,False,False
NCT07779343,semaglutide,"University of Health Sciences, Algeria",OTHER,OBESIAL: A Prospective Interventional Real-world Study of a Multidisciplinary Obesity Management Programme,,RECRUITING,semaglutide,semaglutide,Incretin-based,GLP-1,GLP1R,GLP-1 receptor agonist,peptide,mono,True,VERIFIED,high,https://pubmed.ncbi.nlm.nih.gov/41054801/,Long-acting GLP-1 analogue.,False,VERIFIED,VERIFIED,Incretin-based,GLP-1,True,False,False
NCT07779980,mwn110,"Shanghai Minwei Biotechnology Co., Ltd",INDUSTRY,Phase 1 Clinical Study of MWN110 Injection in Healthy Participants and Overweight or Obese Participants,PHASE1,NOT_YET_RECRUITING,,mwn110,,,,,,,,UNMAPPED,,,,False,UNMAPPED,UNCLASSIFIED_LONG_TAIL,Unclassified long tail,Not individually reviewed,False,False,True
NCT07781150,mazdutide dual glp-1r/gcgr agonist,Tongji Hospital,OTHER,Mazdutide Plus LNG-IUS for Fertility-Sparing Treatment of AEH or Early Endometrial Cancer,PHASE2,NOT_YET_RECRUITING,,mazdutide dual glp-1r/gcgr agonist,,,,,,,,UNMAPPED,,,,False,UNMAPPED,UNCLASSIFIED_LONG_TAIL,Unclassified long tail,Not individually reviewed,False,False,True
NCT07783854,semaglutide,"Union Hospital, Tongji Medical College, Huazhong University of Science and Technology",OTHER,A Randomized Controlled Study of Dose-tapering Regimen of Semaglutide for Weight-Loss Maintenance in Adults With Overweight or Obesity,PHASE4,NOT_YET_RECRUITING,semaglutide,semaglutide,Incretin-based,GLP-1,GLP1R,GLP-1 receptor agonist,peptide,mono,True,VERIFIED,high,https://pubmed.ncbi.nlm.nih.gov/41054801/,Long-acting GLP-1 analogue.,False,VERIFIED,VERIFIED,Incretin-based,GLP-1,True,False,False
NCT07784270,azd6234,AstraZeneca,INDUSTRY,A Study to Evaluate Effect of AZD6234 in Adult Participants With Type 2 Diabetes Mellitus and Obesity or Overweight,PHASE3,NOT_YET_RECRUITING,azd6234,azd6234,Amylin-based,amylin,amylin receptors,Selective amylin receptor agonist,peptide,multi,False,VERIFIED,high,https://www.astrazeneca.com/media-centre/press-releases/2026/astrazeneca-agrees-obesity-and-t2d-deal-with-cspc.html,Weekly injectable selective amylin receptor agonist (SARA).,False,VERIFIED,VERIFIED,Amylin-based,amylin,True,False,False
NCT07784699,gzc8072,Gan & Lee Pharmaceuticals.,INDUSTRY,A Phase 1 Study of GZC8072 Tablets Following a Single Dose in Healthy Study Participants and Multiple Doses in Obese/Overweight Study Participants,PHASE1,NOT_YET_RECRUITING,gzc8072,GZC8072,Incretin-based,GLP-1,GLP1R,Ultra-long-acting GLP-1 receptor agonism,oral peptide,mono,True,VERIFIED,high,https://www.ganlee.com/detail/865.html,Once-weekly oral GLP-1 peptide analogue.,False,VERIFIED,VERIFIED,Incretin-based,GLP-1,True,False,False
NCT07784725,azd6234,AstraZeneca,INDUSTRY,A Study to Evaluate Effect of AZD6234 in Adult Participants With Obesity or Overweight With Weight-related Comorbidity Without Type 2 Diabetes Mellitus,PHASE3,RECRUITING,azd6234,azd6234,Amylin-based,amylin,amylin receptors,Selective amylin receptor agonist,peptide,multi,False,VERIFIED,high,https://www.astrazeneca.com/media-centre/press-releases/2026/astrazeneca-agrees-obesity-and-t2d-deal-with-cspc.html,Weekly injectable selective amylin receptor agonist (SARA).,False,VERIFIED,VERIFIED,Amylin-based,amylin,True,False,False
NCT07787260,poterepatide,"Hangzhou Zhongmei Huadong Pharmaceutical Co., Ltd.",INDUSTRY,"A Phase III, Multicenter, Randomized, Double-Blind, Placebo-Controlled Clinical Study to Evaluate the Efficacy and Safety of HDM1005 Injection in Subjects With Obstructive Sleep Apnea (OSA) and Obesity Not Receiving Positive Airway Pressure (PAP) Therapy",PHASE3,NOT_YET_RECRUITING,poterepatide,poterepatide,Incretin-based,GLP-1/GIP,GLP1R; GIPR,Dual GLP-1/GIP receptor agonist,peptide,dual,True,VERIFIED,high,https://pubmed.ncbi.nlm.nih.gov/42125916/,HDM1005.,False,VERIFIED,VERIFIED,Incretin-based,GLP-1/GIP,True,False,False
NCT07787728,mwn109,"Shanghai Minwei Biotechnology Co., Ltd",INDUSTRY,Phase Ib Clinical Study of MWN109 Injection in Participants With Overweight or Obesity,PHASE1,COMPLETED,mwn109,mwn109,Incretin-based,GLP-1/GIP/glucagon,GLP1R; GIPR; GCGR,Triple GLP-1/GIP/glucagon receptor agonist,peptide,triple,True,VERIFIED,high,https://diabetesjournals.org/diabetes/article/74/Supplement_1/1967-LB/158767/,Long-acting triagonist; company also evaluates oral delivery.,False,VERIFIED,VERIFIED,Incretin-based,GLP-1/GIP/glucagon,True,False,False
NCT07790861,orforglipron,Eli Lilly and Company,INDUSTRY,A Study of Orforglipron (LY3502970) in Chinese Participants With Obesity or Overweight and Weight-Related Health Problems,PHASE3,NOT_YET_RECRUITING,orforglipron,orforglipron,Incretin-based,GLP-1,GLP1R,GLP-1 receptor agonist,small molecule,mono,True,VERIFIED,high,https://pubmed.ncbi.nlm.nih.gov/41054801/,Oral nonpeptide GLP-1RA.,False,VERIFIED,VERIFIED,Incretin-based,GLP-1,True,False,False
NCT07791524,mwn109,"Shanghai Minwei Biotechnology Co., Ltd",INDUSTRY,Phase 2 Study of MWN109 Tablet in Participants With Overweight or Obesity,PHASE2,COMPLETED,mwn109,mwn109,Incretin-based,GLP-1/GIP/glucagon,GLP1R; GIPR; GCGR,Triple GLP-1/GIP/glucagon receptor agonist,peptide,triple,True,VERIFIED,high,https://diabetesjournals.org/diabetes/article/74/Supplement_1/1967-LB/158767/,Long-acting triagonist; company also evaluates oral delivery.,False,VERIFIED,VERIFIED,Incretin-based,GLP-1/GIP/glucagon,True,False,False
NCT07791537,mwn109,"Shanghai Minwei Biotechnology Co., Ltd",INDUSTRY,Phase 2 Study to Evaluate the Efficacy and Safety of MWN109 Injection in Non-Diabetic Participants With Overweight,PHASE2,ACTIVE_NOT_RECRUITING,mwn109,mwn109,Incretin-based,GLP-1/GIP/glucagon,GLP1R; GIPR; GCGR,Triple GLP-1/GIP/glucagon receptor agonist,peptide,triple,True,VERIFIED,high,https://diabetesjournals.org/diabetes/article/74/Supplement_1/1967-LB/158767/,Long-acting triagonist; company also evaluates oral delivery.,False,VERIFIED,VERIFIED,Incretin-based,GLP-1/GIP/glucagon,True,False,False
NCT07791654,mwn109,"Shanghai Minwei Biotechnology Co., Ltd",INDUSTRY,"A Multicenter, Randomized, Double-Blind, Placebo-Controlled Phase 2 Study to Evaluate the Efficacy and Safety of MWN109 Injection in Non-Diabetic Participants With Overweight or Obesity",PHASE2,COMPLETED,mwn109,mwn109,Incretin-based,GLP-1/GIP/glucagon,GLP1R; GIPR; GCGR,Triple GLP-1/GIP/glucagon receptor agonist,peptide,triple,True,VERIFIED,high,https://diabetesjournals.org/diabetes/article/74/Supplement_1/1967-LB/158767/,Long-acting triagonist; company also evaluates oral delivery.,False,VERIFIED,VERIFIED,Incretin-based,GLP-1/GIP/glucagon,True,False,False
NCT07792954,berobenatide,Pfizer,INDUSTRY,A Study to Learn About the Study Medicine Called PF-08653944 Taken Once-Weekly Compared to Placebo in Chinese Adults With Overweight or Obesity,PHASE3,NOT_YET_RECRUITING,berobenatide,berobenatide,Incretin-based,GLP-1,GLP1R,Long-acting biased GLP-1 receptor agonist,peptide,mono,True,VERIFIED,high,https://www.pfizer.com/news/press-release/press-release-detail/robust-phase-2b-efficacy-and-favorable-tolerability-support,PF-08653944/MET-097i; ultra-long acting peptide.,False,VERIFIED,VERIFIED,Incretin-based,GLP-1,True,False,False
NCT07793019,ibi3042,Innovent Biologics (Suzhou) Co. Ltd.,INDUSTRY,IBI3042 Study in Healthy Participants and Overweight or Obese Participants,PHASE1,NOT_YET_RECRUITING,ibi3042,ibi3042,Incretin-based,GLP-1,GLP1R,GLP-1 receptor agonist,small molecule,mono,True,VERIFIED,high,https://diabetesjournals.org/diabetes/article/75/Supplement_1/2543-P/167474/,Oral small-molecule GLP-1RA designed for once-weekly dosing.,False,VERIFIED,VERIFIED,Incretin-based,GLP-1,True,False,False
NCT07793019,orforglipron,Innovent Biologics (Suzhou) Co. Ltd.,INDUSTRY,IBI3042 Study in Healthy Participants and Overweight or Obese Participants,PHASE1,NOT_YET_RECRUITING,orforglipron,orforglipron,Incretin-based,GLP-1,GLP1R,GLP-1 receptor agonist,small molecule,mono,True,VERIFIED,high,https://pubmed.ncbi.nlm.nih.gov/41054801/,Oral nonpeptide GLP-1RA.,False,VERIFIED,VERIFIED,Incretin-based,GLP-1,True,False,False
NCT07793929,ribupatide,Kailera,INDUSTRY,A Study to Evaluate the Impact of Renal Impairment on the Pharmacokinetics (PK) of Ribupatide,PHASE1,NOT_YET_RECRUITING,ribupatide,ribupatide,Incretin-based,GLP-1/GIP,GLP1R; GIPR,Dual GLP-1/GIP receptor agonist,peptide,dual,True,VERIFIED,high,https://www.hengrui.com/en/media/detail-991.html,HRS9531/KAI-9531; injectable and oral formulations in development.,False,VERIFIED,VERIFIED,Incretin-based,GLP-1/GIP,True,False,False
NCT07794111,tqf6422,"Shanghai Chia Tai Tianqing Pharmaceutical Technology Development Co., Ltd.",INDUSTRY,A Clinical Trial of TQF6422 Injection in Overweight or Obese Healthy Subjects.,PHASE1,NOT_YET_RECRUITING,,tqf6422,,,,,,,,UNMAPPED,,,,False,UNMAPPED,UNCLASSIFIED_LONG_TAIL,Unclassified long tail,Not individually reviewed,False,False,True
NCT07794397,poterepatide,"Hangzhou Zhongmei Huadong Pharmaceutical Co., Ltd.",INDUSTRY,"A Phase III, Multicenter, Randomized, Double-Blind, Placebo-Controlled Clinical Study to Evaluate the Efficacy and Safety of HDM1005 Injection in Subjects With Obstructive Sleep Apnea (OSA) and Obesity Receiving Positive Airway Pressure (PAP) Therapy",PHASE3,NOT_YET_RECRUITING,poterepatide,poterepatide,Incretin-based,GLP-1/GIP,GLP1R; GIPR,Dual GLP-1/GIP receptor agonist,peptide,dual,True,VERIFIED,high,https://pubmed.ncbi.nlm.nih.gov/42125916/,HDM1005.,False,VERIFIED,VERIFIED,Incretin-based,GLP-1/GIP,True,False,False
NCT07794579,orforglipron,Eli Lilly and Company,INDUSTRY,A Study of Orforglipron in Participants With Overweight at Risk of Development of Obesity-Related Complications or Progression to Class 1 Obesity,PHASE3,NOT_YET_RECRUITING,orforglipron,orforglipron,Incretin-based,GLP-1,GLP1R,GLP-1 receptor agonist,small molecule,mono,True,VERIFIED,high,https://pubmed.ncbi.nlm.nih.gov/41054801/,Oral nonpeptide GLP-1RA.,False,VERIFIED,VERIFIED,Incretin-based,GLP-1,True,False,False
NCT07794761,berobenatide,Pfizer,INDUSTRY,A Study to Learn About Safety and Effects of Once-weekly Treatment With Berobenatide in Adults With Obesity Disease in Japan (VESPER-JW),PHASE3,NOT_YET_RECRUITING,berobenatide,berobenatide,Incretin-based,GLP-1,GLP1R,Long-acting biased GLP-1 receptor agonist,peptide,mono,True,VERIFIED,high,https://www.pfizer.com/news/press-release/press-release-detail/robust-phase-2b-efficacy-and-favorable-tolerability-support,PF-08653944/MET-097i; ultra-long acting peptide.,False,VERIFIED,VERIFIED,Incretin-based,GLP-1,True,False,False
NCT07794774,berobenatide,Pfizer,INDUSTRY,A Study to Learn About Safety and Effects of Once-monthly Treatment With Berobenatide in Adults With Obesity Disease in Japan (VESPER-JM),PHASE3,NOT_YET_RECRUITING,berobenatide,berobenatide,Incretin-based,GLP-1,GLP1R,Long-acting biased GLP-1 receptor agonist,peptide,mono,True,VERIFIED,high,https://www.pfizer.com/news/press-release/press-release-detail/robust-phase-2b-efficacy-and-favorable-tolerability-support,PF-08653944/MET-097i; ultra-long acting peptide.,False,VERIFIED,VERIFIED,Incretin-based,GLP-1,True,False,False
NCT07798284,tqf3250,"Chia Tai Tianqing Pharmaceutical Group Co., Ltd.",INDUSTRY,A Clinical Trial of TQF3250 Capsules in Overweight/Obese Trial Participants With Poor Weight Control Through Simple Lifestyle Intervention,PHASE1,NOT_YET_RECRUITING,tqf3250,TQF3250,Undisclosed,undisclosed,,,oral drug; exact mechanism undisclosed,,,RESEARCH_REQUIRED,low,https://ichgcp.net/clinical-trials-registry/NCT07798284,Clinical obesity programme verified; no sufficiently authoritative public mechanism identified.,False,RESEARCH_REQUIRED,UNRESOLVED_PUBLIC_INFO,Undisclosed / insufficient public information,Undisclosed,False,True,False
NCT07801313,mwn105,"Shanghai Minwei Biotechnology Co., Ltd",INDUSTRY,Phase 1 Clinical Study of MWN105 Injection in Healthy Chinese Volunteers,PHASE1,COMPLETED,,mwn105,,,,,,,,UNMAPPED,,,,False,UNMAPPED,UNCLASSIFIED_LONG_TAIL,Unclassified long tail,Not individually reviewed,False,False,True
NCT07801326,mwn109,"Shanghai Minwei Biotechnology Co., Ltd",INDUSTRY,A Study to Evaluate Different Administration Conditions and the Food Effect of MWN109 Tablets in Chinese Participants,PHASE1,COMPLETED,mwn109,mwn109,Incretin-based,GLP-1/GIP/glucagon,GLP1R; GIPR; GCGR,Triple GLP-1/GIP/glucagon receptor agonist,peptide,triple,True,VERIFIED,high,https://diabetesjournals.org/diabetes/article/74/Supplement_1/1967-LB/158767/,Long-acting triagonist; company also evaluates oral delivery.,False,VERIFIED,VERIFIED,Incretin-based,GLP-1/GIP/glucagon,True,False,False
NCT07802899,ibi3042,Hongwei Jiang,OTHER,"An Exploratory Study of Single-Dose and Multiple-Doses IBI3042 in Healthy, Overweight, or Obese Participants",PHASE1,NOT_YET_RECRUITING,ibi3042,ibi3042,Incretin-based,GLP-1,GLP1R,GLP-1 receptor agonist,small molecule,mono,True,VERIFIED,high,https://diabetesjournals.org/diabetes/article/75/Supplement_1/2543-P/167474/,Oral small-molecule GLP-1RA designed for once-weekly dosing.,False,VERIFIED,VERIFIED,Incretin-based,GLP-1,True,False,False
NCT07803705,mazdutide,Tongji Hospital,OTHER,Efficacy of Mazdutide on Fatty Pancreas,,NOT_YET_RECRUITING,mazdutide,mazdutide,Incretin-based,GLP-1/glucagon,GLP1R; GCGR,Dual GLP-1/glucagon receptor agonist,peptide,dual,True,VERIFIED,high,https://pubmed.ncbi.nlm.nih.gov/41054801/,Former development code IBI362/LY3305677.,False,VERIFIED,VERIFIED,Incretin-based,GLP-1/glucagon,True,False,False
NCT07803744,tirzepatide,Eli Lilly and Company,INDUSTRY,A Study of Tirzepatide (LY3298176) in Participants With Type 1 Diabetes Mellitus and Overweight or Obesity,PHASE1,NOT_YET_RECRUITING,tirzepatide,tirzepatide,Incretin-based,GLP-1/GIP,GLP1R; GIPR,Dual GLP-1/GIP receptor agonist,peptide,dual,True,VERIFIED,high,https://pubmed.ncbi.nlm.nih.gov/41054801/,Dual incretin agonist.,False,VERIFIED,VERIFIED,Incretin-based,GLP-1/GIP,True,False,False
NCT07803809,MWN105,"Shanghai Minwei Biotechnology Co., Ltd",INDUSTRY,Phase 1 Clinical Study of MWN105 Injection in Participants With Overweight or Obesity,PHASE1,RECRUITING,MWN105,MWN105,Incretin + metabolic/hepatokine,GLP-1/GIP/FGF21,GLP1R; GIPR; FGFR1c/β-Klotho pathway,"Unimolecular activation of GLP-1, GIP and FGF21 pathways",multi-domain biologic,multi,True,VERIFIED,high,https://diabetesjournals.org/diabetes/article/74/Supplement_1/1968-LB/158766/,Next-generation GLP-1/GIP/FGF21 multi-agonist.,False,VERIFIED,VERIFIED,Incretin + metabolic/hepatokine,GLP-1/GIP/FGF21,True,False,False
NCT07803991,syh2069,"CSPC Ouyi Pharmaceutical Co., Ltd.",INDUSTRY,Efficacy and Safety of SYH2069 Injection in Obese Participants Without Diabetes.,PHASE2,NOT_YET_RECRUITING,syh2069,SYH2069,Incretin-based,GLP-1/GIP,GLP1R; GIPR,Dual-biased GLP-1/GIP receptor agonist,peptide,dual,True,VERIFIED,high,https://www1.hkexnews.hk/listedco/listconews/sehk/2025/1229/2025122901053.pdf,CSPC dual-biased agonist polypeptide injection.,False,VERIFIED,VERIFIED,Incretin-based,GLP-1/GIP,True,False,False
NCT07804797,mwn109,"Shanghai Minwei Biotechnology Co., Ltd",INDUSTRY,Phase 2 Study of MWN109 Tablet for Weight-Loss Maintenance in Participants With Overweight or Obesity,PHASE2,ACTIVE_NOT_RECRUITING,mwn109,mwn109,Incretin-based,GLP-1/GIP/glucagon,GLP1R; GIPR; GCGR,Triple GLP-1/GIP/glucagon receptor agonist,peptide,triple,True,VERIFIED,high,https://diabetesjournals.org/diabetes/article/74/Supplement_1/1967-LB/158767/,Long-acting triagonist; company also evaluates oral delivery.,False,VERIFIED,VERIFIED,Incretin-based,GLP-1/GIP/glucagon,True,False,False
NCT07804810,MWN105,"Shanghai Minwei Biotechnology Co., Ltd",INDUSTRY,Phase 2 Clinical Study of MWN105 Injection in Participants With Overweight or Obesity,PHASE2,COMPLETED,MWN105,MWN105,Incretin + metabolic/hepatokine,GLP-1/GIP/FGF21,GLP1R; GIPR; FGFR1c/β-Klotho pathway,"Unimolecular activation of GLP-1, GIP and FGF21 pathways",multi-domain biologic,multi,True,VERIFIED,high,https://diabetesjournals.org/diabetes/article/74/Supplement_1/1968-LB/158766/,Next-generation GLP-1/GIP/FGF21 multi-agonist.,False,VERIFIED,VERIFIED,Incretin + metabolic/hepatokine,GLP-1/GIP/FGF21,True,False,False
NCT07806279,bupropion,Uppsala University,OTHER,"Lifestyle Changes, Mushroom Supplementation, and Bupropion to Reduce Adiposity and Cardiometabolic Risk",PHASE3,NOT_YET_RECRUITING,bupropion,bupropion,CNS/appetite,catecholaminergic,NET; DAT,Norepinephrine/dopamine reuptake inhibition,small molecule,,False,VERIFIED,high,,Repurposed CNS agent.,False,VERIFIED,VERIFIED,CNS/appetite,catecholaminergic,True,False,False
NCT07806851,ubt251,"The United Bio-Technology (Hengqin) Co., Ltd.",INDUSTRY,UBT251 Injection Phase Ⅲ Study (OSA-PAP),PHASE3,NOT_YET_RECRUITING,ubt251,ubt251,Incretin-based,GLP-1/GIP/glucagon,GLP1R; GIPR; GCGR,Triple GLP-1/GIP/glucagon receptor agonist,peptide,triple,True,VERIFIED,high,https://www.novonordisk.com/news-and-media/news-and-ir-materials/news-details.html?id=916503,Triple-G agonist.,False,VERIFIED,VERIFIED,Incretin-based,GLP-1/GIP/glucagon,True,False,False
NCT07807059,hrs-4729,"Fujian Shengdi Pharmaceutical Co., Ltd.",INDUSTRY,A Single-Dose Pharmacokinetic Study of HRS-4729 Injection in Healthy Participants and Patients With Renal Impairment,PHASE1,NOT_YET_RECRUITING,hrs-4729,hrs-4729,Incretin-based,GLP-1/GIP/glucagon,GLP1R; GIPR; GCGR,Triple GLP-1/GIP/glucagon receptor agonist,peptide,triple,True,VERIFIED,high,https://www.hengrui.com/images/investor/%E6%81%92%E7%91%9E%E9%86%AB%E8%97%A5%202025%E5%B9%B4%E5%A0%B1.pdf,Subcutaneous peptide triple agonist.,False,VERIFIED,VERIFIED,Incretin-based,GLP-1/GIP/glucagon,True,False,False
NCT07808060,eloralintide,Eli Lilly and Company,INDUSTRY,A Study of Eloralintide (LY3841136) in Female Participants With Obesity or Overweight,PHASE1,NOT_YET_RECRUITING,eloralintide,eloralintide,Amylin-based,amylin,AMY1R (preferential); AMY3R; CTR,"Selective amylin receptor agonist, preferential for AMY1R",peptide,multi,False,VERIFIED,high,https://pubmed.ncbi.nlm.nih.gov/41109426/,Long-acting amylin analogue with preferential human AMY1R activation.,False,VERIFIED,VERIFIED,Amylin-based,amylin,True,False,False
NCT07808073,ly4329090,Eli Lilly and Company,INDUSTRY,A Study of LY4329090 in Participants With Obesity or Overweight Who Are Otherwise Healthy,PHASE1,NOT_YET_RECRUITING,,ly4329090,,,,,,,,UNMAPPED,,,,False,UNMAPPED,UNCLASSIFIED_LONG_TAIL,Unclassified long tail,Not individually reviewed,False,False,True
