canonical_name_final,trial_count,pair_count,frequency_rank,source_therapy_name,therapy_identity_final,mechanism_superfamily,mechanism_family,molecular_targets,mechanism_action,modality,agonist_order,incretin_based,classification_status,confidence,source_url,notes,scope_review_flag,needs_mechanism_review,classification_status_original,classification_status_final,mechanism_superfamily_final,mechanism_family_final,mechanism_classified,researched_but_publicly_undisclosed,unreviewed_long_tail
semaglutide,144,144,1,semaglutide,semaglutide,Incretin-based,GLP-1,GLP1R,GLP-1 receptor agonist,peptide,mono,True,VERIFIED,high,https://pubmed.ncbi.nlm.nih.gov/41054801/,Long-acting GLP-1 analogue.,False,False,VERIFIED,VERIFIED,Incretin-based,GLP-1,True,False,False
tirzepatide,91,91,2,tirzepatide,tirzepatide,Incretin-based,GLP-1/GIP,GLP1R; GIPR,Dual GLP-1/GIP receptor agonist,peptide,dual,True,VERIFIED,high,https://pubmed.ncbi.nlm.nih.gov/41054801/,Dual incretin agonist.,False,False,VERIFIED,VERIFIED,Incretin-based,GLP-1/GIP,True,False,False
liraglutide,59,59,3,liraglutide,liraglutide,Incretin-based,GLP-1,GLP1R,GLP-1 receptor agonist,peptide,mono,True,VERIFIED,high,https://pubmed.ncbi.nlm.nih.gov/41054801/,GLP-1 analogue.,False,False,VERIFIED,VERIFIED,Incretin-based,GLP-1,True,False,False
cagrilintide,27,27,4,cagrilintide,cagrilintide,Amylin-based,amylin,AMY1R; AMY2R; AMY3R; CTR,Long-acting amylin/calcitonin receptor agonist,peptide,multi,False,VERIFIED,high,https://pubmed.ncbi.nlm.nih.gov/42452898/,Long-acting amylin analogue with activity across amylin receptors and CTR.,False,False,VERIFIED,VERIFIED,Amylin-based,amylin,True,False,False
naltrexone + bupropion,24,24,5,naltrexone + bupropion,naltrexone + bupropion,CNS/appetite,opioid + catecholamine,OPRM1; NET/DAT pathways,Opioid receptor antagonism plus noradrenergic/dopaminergic appetite modulation,small-molecule combination,,False,VERIFIED,high,,Approved anti-obesity combination; established pharmacology.,False,False,VERIFIED,VERIFIED,CNS/appetite,opioid + catecholamine,True,False,False
zenagamtide,22,22,6,zenagamtide,zenagamtide,Incretin + amylin,GLP-1/amylin,GLP1R; amylin receptors; CTR,"Unimolecular GLP-1, amylin and calcitonin receptor agonist",peptide,multi,True,VERIFIED,high,https://pubmed.ncbi.nlm.nih.gov/42532079/,Formerly amycretin; current name zenagamtide.,False,False,VERIFIED,VERIFIED,Incretin + amylin,GLP-1/amylin,True,False,False
maridebart cafraglutide,21,21,7,maridebart cafraglutide,maridebart cafraglutide,Incretin-based,GLP-1 agonism + GIP antagonism,GLP1R; GIPR,GLP-1 receptor agonism plus GIP receptor antagonism,antibody-peptide conjugate,,True,VERIFIED,high,https://pubmed.ncbi.nlm.nih.gov/38316982/,Anti-GIPR antibody conjugated to GLP-1 agonist peptides.,False,False,VERIFIED,VERIFIED,Incretin-based,GLP-1 agonism + GIP antagonism,True,False,False
orforglipron,21,21,8,orforglipron,orforglipron,Incretin-based,GLP-1,GLP1R,GLP-1 receptor agonist,small molecule,mono,True,VERIFIED,high,https://pubmed.ncbi.nlm.nih.gov/41054801/,Oral nonpeptide GLP-1RA.,False,False,VERIFIED,VERIFIED,Incretin-based,GLP-1,True,False,False
eloralintide,19,19,9,eloralintide,eloralintide,Amylin-based,amylin,AMY1R (preferential); AMY3R; CTR,"Selective amylin receptor agonist, preferential for AMY1R",peptide,multi,False,VERIFIED,high,https://pubmed.ncbi.nlm.nih.gov/41109426/,Long-acting amylin analogue with preferential human AMY1R activation.,False,False,VERIFIED,VERIFIED,Amylin-based,amylin,True,False,False
mazdutide,18,18,10,mazdutide,mazdutide,Incretin-based,GLP-1/glucagon,GLP1R; GCGR,Dual GLP-1/glucagon receptor agonist,peptide,dual,True,VERIFIED,high,https://pubmed.ncbi.nlm.nih.gov/41054801/,Former development code IBI362/LY3305677.,False,False,VERIFIED,VERIFIED,Incretin-based,GLP-1/glucagon,True,False,False
ribupatide,18,18,11,ribupatide,ribupatide,Incretin-based,GLP-1/GIP,GLP1R; GIPR,Dual GLP-1/GIP receptor agonist,peptide,dual,True,VERIFIED,high,https://www.hengrui.com/en/media/detail-991.html,HRS9531/KAI-9531; injectable and oral formulations in development.,False,False,VERIFIED,VERIFIED,Incretin-based,GLP-1/GIP,True,False,False
retatrutide,15,15,12,retatrutide,retatrutide,Incretin-based,GLP-1/GIP/glucagon,GLP1R; GIPR; GCGR,Triple GLP-1/GIP/glucagon receptor agonist,peptide,triple,True,VERIFIED,high,https://pubmed.ncbi.nlm.nih.gov/41054801/,Triple incretin/glucagon agonist.,False,False,VERIFIED,VERIFIED,Incretin-based,GLP-1/GIP/glucagon,True,False,False
phentermine + topiramate,14,14,13,phentermine + topiramate,phentermine + topiramate,CNS/appetite,sympathomimetic + anticonvulsant,monoaminergic pathways; GABA/glutamate pathways,Appetite suppression through complementary CNS mechanisms,small-molecule combination,,False,VERIFIED,high,,Approved anti-obesity combination; established pharmacology.,False,False,VERIFIED,VERIFIED,CNS/appetite,sympathomimetic + anticonvulsant,True,False,False
setmelanotide,14,14,14,setmelanotide,setmelanotide,Melanocortin,MC4R,MC4R,Melanocortin-4 receptor agonist,peptide,mono,False,VERIFIED,high,https://www.accessdata.fda.gov/drugsatfda_docs/label/2026/213793s009lbl.pdf,Cyclic peptide MC4R agonist used in genetic/syndromic obesity.,False,False,VERIFIED,VERIFIED,Melanocortin,MC4R,True,False,False
berobenatide,13,13,15,berobenatide,berobenatide,Incretin-based,GLP-1,GLP1R,Long-acting biased GLP-1 receptor agonist,peptide,mono,True,VERIFIED,high,https://www.pfizer.com/news/press-release/press-release-detail/robust-phase-2b-efficacy-and-favorable-tolerability-support,PF-08653944/MET-097i; ultra-long acting peptide.,False,False,VERIFIED,VERIFIED,Incretin-based,GLP-1,True,False,False
metformin,13,13,16,metformin,metformin,Metabolic/energy expenditure,insulin sensitisation/metabolic,mitochondrial complex I; AMPK-associated pathways,Pleiotropic insulin-sensitising and metabolic effects,small molecule,,False,VERIFIED,medium,,Mechanism is pleiotropic; no single receptor target adequately describes metformin.,False,False,VERIFIED,VERIFIED,Metabolic/energy expenditure,insulin sensitisation/metabolic,True,False,False
phentermine,13,13,17,phentermine,phentermine,CNS/appetite,sympathomimetic,noradrenergic/monoaminergic pathways,Sympathomimetic appetite suppression,small molecule,,False,VERIFIED,high,,Established appetite suppressant.,False,False,VERIFIED,VERIFIED,CNS/appetite,sympathomimetic,True,False,False
bofanglutide,12,12,18,bofanglutide,bofanglutide,Incretin-based,GLP-1,GLP1R,Long-acting GLP-1 receptor agonist,peptide,mono,True,VERIFIED,high,https://pubmed.ncbi.nlm.nih.gov/41054801/,GZR18; long-acting GLP-1 analogue.,False,False,VERIFIED,VERIFIED,Incretin-based,GLP-1,True,False,False
survodutide,10,10,19,survodutide,survodutide,Incretin-based,GLP-1/glucagon,GLP1R; GCGR,Dual GLP-1/glucagon receptor agonist,peptide,dual,True,VERIFIED,high,https://pubmed.ncbi.nlm.nih.gov/41054801/,Former development code BI 456906.,False,False,VERIFIED,VERIFIED,Incretin-based,GLP-1/glucagon,True,False,False
ecnoglutide,9,9,20,ecnoglutide,ecnoglutide,Incretin-based,GLP-1,GLP1R,cAMP-biased GLP-1 receptor agonist,peptide,mono,True,VERIFIED,high,https://pubmed.ncbi.nlm.nih.gov/37364710/,XW003; long-acting GLP-1 analogue.,False,False,VERIFIED,VERIFIED,Incretin-based,GLP-1,True,False,False
poterepatide,9,9,21,poterepatide,poterepatide,Incretin-based,GLP-1/GIP,GLP1R; GIPR,Dual GLP-1/GIP receptor agonist,peptide,dual,True,VERIFIED,high,https://pubmed.ncbi.nlm.nih.gov/42125916/,HDM1005.,False,False,VERIFIED,VERIFIED,Incretin-based,GLP-1/GIP,True,False,False
bgm0504,8,8,22,bgm0504,bgm0504,Incretin-based,GLP-1/GIP,GLP1R; GIPR,Dual GLP-1/GIP receptor agonist,peptide,dual,True,VERIFIED,high,https://pubmed.ncbi.nlm.nih.gov/39840511/,Optimised dual agonist peptide.,False,False,VERIFIED,VERIFIED,Incretin-based,GLP-1/GIP,True,False,False
mwn109,8,8,23,mwn109,mwn109,Incretin-based,GLP-1/GIP/glucagon,GLP1R; GIPR; GCGR,Triple GLP-1/GIP/glucagon receptor agonist,peptide,triple,True,VERIFIED,high,https://diabetesjournals.org/diabetes/article/74/Supplement_1/1967-LB/158767/,Long-acting triagonist; company also evaluates oral delivery.,False,False,VERIFIED,VERIFIED,Incretin-based,GLP-1/GIP/glucagon,True,False,False
azd6234,7,7,24,azd6234,azd6234,Amylin-based,amylin,amylin receptors,Selective amylin receptor agonist,peptide,multi,False,VERIFIED,high,https://www.astrazeneca.com/media-centre/press-releases/2026/astrazeneca-agrees-obesity-and-t2d-deal-with-cspc.html,Weekly injectable selective amylin receptor agonist (SARA).,False,False,VERIFIED,VERIFIED,Amylin-based,amylin,True,False,False
cagrilintide + semaglutide,7,7,25,cagrilintide + semaglutide,cagrilintide + semaglutide,Incretin + amylin,amylin + GLP-1 combination,AMY1R/AMY2R/AMY3R; CTR; GLP1R,Combination of amylin-receptor agonism and GLP-1 receptor agonism,peptide combination,combination,True,VERIFIED,high,https://pubmed.ncbi.nlm.nih.gov/41054801/,CagriSema.,False,False,VERIFIED,VERIFIED,Incretin + amylin,amylin + GLP-1 combination,True,False,False
danuglipron,7,7,26,danuglipron,danuglipron,Incretin-based,GLP-1,GLP1R,GLP-1 receptor agonist,small molecule,mono,True,VERIFIED,high,https://pubmed.ncbi.nlm.nih.gov/41054801/,Oral nonpeptide GLP-1RA.,False,False,VERIFIED,VERIFIED,Incretin-based,GLP-1,True,False,False
orlistat,7,7,27,orlistat,orlistat,GI nutrient absorption,lipase inhibition,gastric and pancreatic lipases,Gastrointestinal lipase inhibitor reducing dietary fat absorption,small molecule,,False,VERIFIED,high,,Peripheral gastrointestinal mechanism.,False,False,VERIFIED,VERIFIED,GI nutrient absorption,lipase inhibition,True,False,False
ubt251,7,7,28,ubt251,ubt251,Incretin-based,GLP-1/GIP/glucagon,GLP1R; GIPR; GCGR,Triple GLP-1/GIP/glucagon receptor agonist,peptide,triple,True,VERIFIED,high,https://www.novonordisk.com/news-and-media/news-and-ir-materials/news-details.html?id=916503,Triple-G agonist.,False,False,VERIFIED,VERIFIED,Incretin-based,GLP-1/GIP/glucagon,True,False,False
aleniglipron,6,6,29,aleniglipron,aleniglipron,Incretin-based,GLP-1,GLP1R,Biased GLP-1 receptor agonist,small molecule,mono,True,VERIFIED,high,https://ir.structuretx.com/news-releases/news-release-details/structure-therapeutics-reports-positive-topline-data-phase-2,GSBR-1290; oral nonpeptide small-molecule GLP-1RA.,False,False,VERIFIED,VERIFIED,Incretin-based,GLP-1,True,False,False
exenatide,6,6,30,exenatide,exenatide,Incretin-based,GLP-1,GLP1R,GLP-1 receptor agonist,peptide,mono,True,VERIFIED,high,https://pubmed.ncbi.nlm.nih.gov/41054801/,Exendin-4 based GLP-1RA.,False,False,VERIFIED,VERIFIED,Incretin-based,GLP-1,True,False,False
da-302168s,5,5,31,da-302168s,da-302168s,Incretin-based,GLP-1,GLP1R,GLP-1 receptor agonist,small molecule,mono,True,VERIFIED,high,https://pubmed.ncbi.nlm.nih.gov/40257122/,Oral small-molecule GLP-1RA.,False,False,VERIFIED,VERIFIED,Incretin-based,GLP-1,True,False,False
efsubaglutide alfa,5,5,32,efsubaglutide alfa,efsubaglutide alfa,Incretin-based,GLP-1,GLP1R,Long-acting GLP-1 receptor agonist,Fc-fusion protein,mono,True,VERIFIED,high,https://pubmed.ncbi.nlm.nih.gov/41107649/,Two GLP-1 molecules fused to human IgG2 Fc.,False,False,VERIFIED,VERIFIED,Incretin-based,GLP-1,True,False,False
hrs-7535,5,5,33,hrs-7535,hrs-7535,Incretin-based,GLP-1,GLP1R,GLP-1 receptor agonist,small molecule,mono,True,VERIFIED,high,https://www.hengrui.com/en/media/detail-1030.html,Oral small-molecule GLP-1RA.,False,False,VERIFIED,VERIFIED,Incretin-based,GLP-1,True,False,False
hsg4112,5,5,34,hsg4112,hsg4112,Metabolic/energy expenditure,energy expenditure,molecular target not established,Increases energy expenditure with secondary reduction in food intake,small molecule,,False,VERIFIED,medium,https://pubmed.ncbi.nlm.nih.gov/32943760/,Synthetic glabridin structural analogue; exact molecular target remains incompletely defined.,False,False,VERIFIED,VERIFIED,Metabolic/energy expenditure,energy expenditure,True,False,False
lisdexamfetamine,5,5,35,lisdexamfetamine,lisdexamfetamine,CNS/appetite,catecholaminergic,DAT/NET pathways via dextroamphetamine,Prodrug stimulant increasing central catecholaminergic signalling,small molecule,,False,VERIFIED,high,,Repurposed CNS agent rather than a dedicated obesity asset.,False,False,VERIFIED,VERIFIED,CNS/appetite,catecholaminergic,True,False,False
nnc0662-0419,5,5,36,nnc0662-0419,nnc0662-0419,Undisclosed,undisclosed,,,undisclosed,,,RESEARCH_REQUIRED,low,https://clinicaltrials.gov/study/NCT06737536,"Novo Nordisk publicly identifies it as an obesity medicine, but an authoritative public mechanism was not found.",False,True,RESEARCH_REQUIRED,UNRESOLVED_PUBLIC_INFO,Undisclosed / insufficient public information,Undisclosed,False,True,False
bimagrumab,4,4,37,bimagrumab,bimagrumab,Lean-mass preservation,activin receptor blockade,ActRIIA; ActRIIB,Activin type II receptor-blocking antibody,monoclonal antibody,,False,VERIFIED,high,https://www.nature.com/articles/s41591-026-04204-0,Promotes muscle growth/lean-mass preservation and fat-mass reduction.,False,False,VERIFIED,VERIFIED,Lean-mass preservation,activin receptor blockade,True,False,False
bupropion,4,4,38,bupropion,bupropion,CNS/appetite,catecholaminergic,NET; DAT,Norepinephrine/dopamine reuptake inhibition,small molecule,,False,VERIFIED,high,,Repurposed CNS agent.,False,False,VERIFIED,VERIFIED,CNS/appetite,catecholaminergic,True,False,False
licogliflozin,4,4,39,licogliflozin,licogliflozin,Renal/glucose transport,SGLT1/2,SLC5A1 (SGLT1); SLC5A2 (SGLT2),Dual sodium-glucose cotransporter 1/2 inhibitor,small molecule,,False,VERIFIED,high,https://pubmed.ncbi.nlm.nih.gov/32187881/,Dual SGLT1/2 inhibitor.,False,False,VERIFIED,VERIFIED,Renal/glucose transport,SGLT1/2,True,False,False
lorcaserin,4,4,40,lorcaserin,lorcaserin,CNS/appetite,serotonergic appetite,HTR2C (5-HT2C),5-HT2C receptor agonist,small molecule,mono,False,VERIFIED,high,,Serotonergic appetite suppressant; historically marketed.,False,False,VERIFIED,VERIFIED,CNS/appetite,serotonergic appetite,True,False,False
mdr-001,4,4,41,mdr-001,mdr-001,Incretin-based,GLP-1,GLP1R,Biased selective GLP-1 receptor agonist,small molecule,mono,True,VERIFIED,high,https://www.mindrank.ai/en/news/detail/155,AI-designed oral small-molecule GLP-1RA.,False,False,VERIFIED,VERIFIED,Incretin-based,GLP-1,True,False,False
naperiglipron,4,4,42,naperiglipron,naperiglipron,Incretin-based,GLP-1,GLP1R,GLP-1 receptor agonist,small molecule,mono,True,VERIFIED,high,https://www.lilly.com/science/research-development/pipeline,LY3549492; Lilly oral small-molecule GLP-1RA.,False,False,VERIFIED,VERIFIED,Incretin-based,GLP-1,True,False,False
nnc0519-0130,4,4,43,nnc0519-0130,nnc0519-0130,Undisclosed,undisclosed,,,undisclosed,,,RESEARCH_REQUIRED,low,https://clinicaltrials.gov/study/NCT06567041,"Novo Nordisk publicly identifies it as an obesity medicine, but an authoritative public mechanism was not found.",False,True,RESEARCH_REQUIRED,UNRESOLVED_PUBLIC_INFO,Undisclosed / insufficient public information,Undisclosed,False,True,False
oxytocin,4,4,44,oxytocin,oxytocin,Oxytocin,oxytocin receptor,OXTR,Oxytocin receptor agonist,peptide,mono,False,VERIFIED,high,,Repurposed satiety/appetite pathway.,False,False,VERIFIED,VERIFIED,Oxytocin,oxytocin receptor,True,False,False
petrelintide,4,4,45,petrelintide,petrelintide,Amylin-based,amylin,amylin receptors; CTR,Long-acting human amylin analogue,peptide,multi,False,VERIFIED,high,https://pubmed.ncbi.nlm.nih.gov/41217931/,Long-acting amylin analogue.,False,False,VERIFIED,VERIFIED,Amylin-based,amylin,True,False,False
ray1225,4,4,46,ray1225,ray1225,Incretin-based,GLP-1/GIP,GLP1R; GIPR,Biased dual GLP-1/GIP receptor agonist,peptide,dual,True,VERIFIED,high,https://diabetesjournals.org/diabetes/article/75/Supplement_1/1227-OR/167132/,Long-acting/biweekly dual agonist.,False,False,VERIFIED,VERIFIED,Incretin-based,GLP-1/GIP,True,False,False
topiramate,4,4,47,topiramate,topiramate,CNS/appetite,anticonvulsant/appetite,GABA-A; AMPA/kainate; carbonic anhydrase (pleiotropic),Pleiotropic CNS appetite-modulating effects,small molecule,,False,VERIFIED,medium,,Mechanism relevant to weight loss is multifactorial.,False,False,VERIFIED,VERIFIED,CNS/appetite,anticonvulsant/appetite,True,False,False
vct220,4,4,48,vct220,vct220,Incretin-based,GLP-1,GLP1R,GLP-1 receptor agonist,small molecule,mono,True,VERIFIED,high,https://pubmed.ncbi.nlm.nih.gov/42595749/,Oral nonpeptide GLP-1RA.,False,False,VERIFIED,VERIFIED,Incretin-based,GLP-1,True,False,False
azd9550,3,3,49,azd9550,azd9550,Incretin-based,GLP-1/glucagon,GLP1R; GCGR,Dual GLP-1/glucagon receptor agonist,peptide,dual,True,VERIFIED,high,https://www.astrazeneca.com/media-centre/press-releases/2026/astrazeneca-agrees-obesity-and-t2d-deal-with-cspc.html,Weekly injectable dual agonist.,False,False,VERIFIED,VERIFIED,Incretin-based,GLP-1/glucagon,True,False,False
bi 3034701,3,3,50,bi 3034701,bi 3034701,Incretin-based,GLP-1/GIP/NPY2,GLP1R; GIPR; NPY2R,Triple GLP-1/GIP/NPY2 receptor agonist,peptide,triple,True,VERIFIED,high,https://www.gubra.dk/mfn_news/boehringer-ingelheim-initiates-phase-2-clinical-trial-of-gubra-originated-triple-receptor-agonist-for-people-living-with-overweight-and-obesity,Potential first-in-class triple agonist peptide.,False,False,VERIFIED,VERIFIED,Incretin-based,GLP-1/GIP/NPY2,True,False,False
dulaglutide,3,3,51,dulaglutide,dulaglutide,Incretin-based,GLP-1,GLP1R,GLP-1 receptor agonist,Fc-fusion protein,mono,True,VERIFIED,high,https://pubmed.ncbi.nlm.nih.gov/41054801/,Long-acting GLP-1RA.,False,False,VERIFIED,VERIFIED,Incretin-based,GLP-1,True,False,False
empagliflozin,3,3,52,empagliflozin,empagliflozin,Renal/glucose transport,SGLT2,SLC5A2 (SGLT2),SGLT2 inhibitor,small molecule,,False,VERIFIED,high,,Established SGLT2 inhibitor; repurposed/metabolic obesity context.,False,False,VERIFIED,VERIFIED,Renal/glucose transport,SGLT2,True,False,False
enicepatide,3,3,53,enicepatide,enicepatide,Incretin-based,GLP-1/GIP,GLP1R; GIPR,Dual GLP-1/GIP receptor agonist,peptide,dual,True,VERIFIED,high,https://www.roche.com/media/releases/med-cor-2026-01-27,CT-388; once-weekly dual agonist.,False,False,VERIFIED,VERIFIED,Incretin-based,GLP-1/GIP,True,False,False
hrs-4729,3,3,54,hrs-4729,hrs-4729,Incretin-based,GLP-1/GIP/glucagon,GLP1R; GIPR; GCGR,Triple GLP-1/GIP/glucagon receptor agonist,peptide,triple,True,VERIFIED,high,https://www.hengrui.com/images/investor/%E6%81%92%E7%91%9E%E9%86%AB%E8%97%A5%202025%E5%B9%B4%E5%A0%B1.pdf,Subcutaneous peptide triple agonist.,False,False,VERIFIED,VERIFIED,Incretin-based,GLP-1/GIP/glucagon,True,False,False
hu6,3,3,55,hu6,hu6,Metabolic/energy expenditure,mitochondrial uncoupling,mitochondrial proton gradient / oxidative phosphorylation,Controlled mitochondrial uncoupling increases resting energy expenditure and fat oxidation,small molecule,,False,VERIFIED,high,https://www.rivuspharma.com/our-pipeline/,Controlled Metabolic Accelerator (CMA); increases energy expenditure through mitochondrial uncoupling.,False,False,VERIFIED,VERIFIED,Metabolic/energy expenditure,mitochondrial uncoupling,True,False,False
lotiglipron,3,3,56,lotiglipron,lotiglipron,Incretin-based,GLP-1,GLP1R,GLP-1 receptor agonist,small molecule,mono,True,VERIFIED,high,https://pubmed.ncbi.nlm.nih.gov/38751362/,PF-07081532; oral small-molecule GLP-1RA. Development was discontinued by Pfizer.,False,False,VERIFIED,VERIFIED,Incretin-based,GLP-1,True,False,False
macupatide,3,3,57,macupatide,macupatide,Incretin-based,GIP,GIPR,Long-acting GIP receptor agonist,large-molecule biologic,mono,True,VERIFIED,high,https://www.lilly.com/science/research-development/pipeline,LY3532226; Lilly describes it as a large-molecule long-acting GIPR agonist.,False,False,VERIFIED,VERIFIED,Incretin-based,GIP,True,False,False
ro7795081,3,3,58,ro7795081,ro7795081,Incretin-based,GLP-1,GLP1R,Biased GLP-1 receptor agonist,small molecule,mono,True,VERIFIED,high,https://clinicaltrials.gov/study/NCT05814107,Same molecule as CT-996 / RG6652; Roche now uses active-substance code RO7795081.,False,False,VERIFIED,VERIFIED,Incretin-based,GLP-1,True,False,False
tg103,3,3,59,tg103,tg103,Incretin-based,GLP-1,GLP1R,Long-acting GLP-1 receptor agonist,Fc-fusion protein,mono,True,VERIFIED,high,https://pubmed.ncbi.nlm.nih.gov/37062422/,Long-acting GLP-1/Fc fusion protein.,False,False,VERIFIED,VERIFIED,Incretin-based,GLP-1,True,False,False
vrb-101,3,3,60,vrb-101,ecnoglutide,Incretin-based,GLP-1,GLP1R,cAMP-biased GLP-1 receptor agonist,peptide,mono,True,VERIFIED_ALIAS,high,https://clinicaltrials.gov/study/NCT07281937,VRB-101 is an oral formulation of ecnoglutide; collapse into ecnoglutide identity.,False,False,VERIFIED_ALIAS,VERIFIED_ALIAS,Incretin-based,GLP-1,True,False,False
zovaglutide,3,3,61,zovaglutide,zovaglutide,Incretin-based,GLP-1,GLP1R,Ultra-long-acting GLP-1 receptor agonist,peptide,mono,True,VERIFIED,high,https://clinicaltrials.gov/study/NCT07230119,ZT002; once-monthly GLP-1RA peptide.,False,False,VERIFIED,VERIFIED,Incretin-based,GLP-1,True,False,False
zt002,3,3,62,zt002,zovaglutide,Incretin-based,GLP-1,GLP1R,Ultra-long-acting GLP-1 receptor agonist,peptide,mono,True,VERIFIED_ALIAS,high,https://clinicaltrials.gov/study/NCT07230119,ZT002 is zovaglutide; collapse into zovaglutide identity.,False,False,VERIFIED_ALIAS,VERIFIED_ALIAS,Incretin-based,GLP-1,True,False,False
MWN105,2,2,63,MWN105,MWN105,Incretin + metabolic/hepatokine,GLP-1/GIP/FGF21,GLP1R; GIPR; FGFR1c/β-Klotho pathway,"Unimolecular activation of GLP-1, GIP and FGF21 pathways",multi-domain biologic,multi,True,VERIFIED,high,https://diabetesjournals.org/diabetes/article/74/Supplement_1/1968-LB/158766/,Next-generation GLP-1/GIP/FGF21 multi-agonist.,False,False,VERIFIED,VERIFIED,Incretin + metabolic/hepatokine,GLP-1/GIP/FGF21,True,False,False
abbv-295,2,2,64,abbv-295,abbv-295,Amylin-based,amylin,amylin receptors,Long-acting amylin analogue,peptide,multi,False,VERIFIED,high,https://www.gubra.dk/mfn_news/gubra-announces-achievement-of-milestone-from-abbvie-following-initiation-of-a-phase-2-clinical-trial-of-abbv-295-a-long-acting-amylin-analog/,Long-acting non-incretin amylin analogue.,False,False,VERIFIED,VERIFIED,Amylin-based,amylin,True,False,False
alt-801,2,2,65,alt-801,pemvidutide,Incretin-based,GLP-1/glucagon,GLP1R; GCGR,Dual GLP-1/glucagon receptor agonist,peptide,dual,True,VERIFIED_ALIAS,high,https://diabetesjournals.org/diabetes/article/71/Supplement_1/334-OR/146219/,ALT-801 is pemvidutide.,False,False,VERIFIED_ALIAS,VERIFIED_ALIAS,Incretin-based,GLP-1/glucagon,True,False,False
ard-101,2,2,66,ard-101,ard-101,GI/CNS gut-brain appetite,TAS2R bitter-taste receptor,TAS2R family,Gut-restricted bitter-taste receptor agonism modulating hunger/satiety via gut-brain signalling,small molecule,,False,VERIFIED,high,https://pubmed.ncbi.nlm.nih.gov/41833222/,Oral denatonium acetate; gut-restricted TAS2R agonist.,False,False,VERIFIED,VERIFIED,GI/CNS gut-brain appetite,TAS2R bitter-taste receptor,True,False,False
asc30 a1,2,2,67,asc30 a1,ASC30,Incretin-based,GLP-1,GLP1R,Fully biased GLP-1 receptor agonist without β-arrestin recruitment,small molecule,mono,True,VERIFIED_ALIAS,high,https://www.ascletis.com/news_detail/192/id/1138/L/EN-US,A1 is an ASC30 formulation label; collapse to ASC30.,False,False,VERIFIED_ALIAS,VERIFIED_ALIAS,Incretin-based,GLP-1,True,False,False
azd5004,2,2,68,azd5004,elecoglipron,Incretin-based,GLP-1,GLP1R,GLP-1 receptor agonist,small molecule,mono,True,VERIFIED_ALIAS,high,https://www.astrazeneca.com/our-therapy-areas/pipeline.html,AZD5004 (formerly ECC5004) is now named elecoglipron.,False,False,VERIFIED_ALIAS,VERIFIED_ALIAS,Incretin-based,GLP-1,True,False,False
benaglutide,2,2,69,benaglutide,benaglutide,Incretin-based,GLP-1,GLP1R,GLP-1 receptor agonist,peptide,mono,True,VERIFIED,high,,Short-acting recombinant human GLP-1 analogue.,False,False,VERIFIED,VERIFIED,Incretin-based,GLP-1,True,False,False
bgm1812,2,2,70,bgm1812,bgm1812,Amylin-based,amylin/calcitonin,amylin receptors; CTR,Dual amylin and calcitonin receptor agonist (DACRA),peptide,dual,False,VERIFIED,high,https://pubmed.ncbi.nlm.nih.gov/40608546/,Novel DACRA developed for obesity.,False,False,VERIFIED,VERIFIED,Amylin-based,amylin/calcitonin,True,False,False
bi 1820237,2,2,71,bi 1820237,bi 1820237,CNS/appetite,NPY2,NPY2R,Long-acting NPY2 receptor agonist,peptide,mono,False,VERIFIED,high,https://www.gubra.dk/mfn_news/phase-1-trial-results-from-a-novel-long-acting-npy2-receptor-agonist-in-partnership-between-gubra-as-and-boehringer-ingelheim-presented-today-at-the-european-congress-on-obesity-eco-2023/,Obesity development was discontinued in 2024; mechanism remains relevant to historical landscape.,False,False,VERIFIED,VERIFIED,CNS/appetite,NPY2,True,False,False
cagrilintide d,2,2,72,cagrilintide d,cagrilintide,Amylin-based,amylin,AMY1R; AMY2R; AMY3R; CTR,Long-acting amylin/calcitonin receptor agonist,peptide,multi,False,VERIFIED_ALIAS,high,https://clinicaltrials.gov/study/NCT07597018,Registry label denotes a version/formulation of cagrilintide; collapse to cagrilintide.,False,False,VERIFIED_ALIAS,VERIFIED_ALIAS,Amylin-based,amylin,True,False,False
cotadutide,2,2,73,cotadutide,cotadutide,Incretin-based,GLP-1/glucagon,GLP1R; GCGR,Dual GLP-1/glucagon receptor agonist,peptide,dual,True,VERIFIED,high,https://pubmed.ncbi.nlm.nih.gov/41054801/,Dual GLP-1/glucagon co-agonist.,False,False,VERIFIED,VERIFIED,Incretin-based,GLP-1/glucagon,True,False,False
cpx101,2,2,74,cpx101,cpx101,Undisclosed,undisclosed,,,biological,,,RESEARCH_REQUIRED,low,https://clinicaltrials.gov/study/NCT06532578,Clinical obesity programme verified; authoritative public molecular mechanism not yet identified.,False,True,RESEARCH_REQUIRED,UNRESOLVED_PUBLIC_INFO,Undisclosed / insufficient public information,Undisclosed,False,True,False
cs0159,2,2,75,cs0159,cs0159,Undisclosed,undisclosed,,,small molecule (reported; mechanism needs confirmation),,,RESEARCH_REQUIRED,low,https://clinicaltrials.gov/study/NCT06492330,Used with semaglutide in obesity/MASH studies; mechanism requires stronger primary-source verification.,False,True,RESEARCH_REQUIRED,UNRESOLVED_PUBLIC_INFO,Undisclosed / insufficient public information,Undisclosed,False,True,False
cx11,2,2,76,cx11,vct220,Incretin-based,GLP-1,GLP1R,GLP-1 receptor agonist,small molecule,mono,True,VERIFIED_ALIAS,high,https://www.corxelbio.com/en/pipeline-science/,CX11 is also known as VCT220; collapse to VCT220 identity.,False,False,VERIFIED_ALIAS,VERIFIED_ALIAS,Incretin-based,GLP-1,True,False,False
dapagliflozin,2,2,77,dapagliflozin,dapagliflozin,Renal/glucose transport,SGLT2,SLC5A2 (SGLT2),SGLT2 inhibition increases urinary glucose excretion,small molecule,,False,VERIFIED,high,,Established SGLT2 inhibitor.,False,False,VERIFIED,VERIFIED,Renal/glucose transport,SGLT2,True,False,False
dapiglutide,2,2,78,dapiglutide,dapiglutide,Incretin-based,GLP-1/GLP-2,GLP1R; GLP2R,Dual GLP-1/GLP-2 receptor agonist,peptide,dual,True,VERIFIED,high,https://www.zealandpharma.com/pipeline/dapiglutide-program-paused/,Long-acting dual GLP-1R/GLP-2R agonist; programme currently paused.,False,False,VERIFIED,VERIFIED,Incretin-based,GLP-1/GLP-2,True,False,False
emp16-02 orlistat/ acarbose,2,2,79,emp16-02 orlistat/ acarbose,EMP16 (orlistat + acarbose),GI nutrient absorption,lipase + carbohydrate-digestion inhibition,gastric/pancreatic lipases; intestinal alpha-glucosidases/amylase,Modified-release combination reduces fat absorption and delays carbohydrate digestion,small-molecule combination/formulation,,False,VERIFIED_ALIAS,high,https://pubmed.ncbi.nlm.nih.gov/36123783/,EMP16 is modified-release orlistat + acarbose.,False,False,VERIFIED_ALIAS,VERIFIED_ALIAS,GI nutrient absorption,lipase + carbohydrate-digestion inhibition,True,False,False
enobosarm,2,2,80,enobosarm,enobosarm,Lean-mass preservation,androgen receptor modulation,AR,Selective androgen receptor modulation to preserve/increase lean mass,small molecule,,False,VERIFIED,high,https://pubmed.ncbi.nlm.nih.gov/22031847/,Selective androgen receptor modulator (SARM); used as adjunct during GLP-1 weight loss.,False,False,VERIFIED,VERIFIED,Lean-mass preservation,androgen receptor modulation,True,False,False
erx1000,2,2,81,erx1000,erx1000,CNS/appetite,leptin sensitisation,leptin signalling pathway (direct molecular target undisclosed),Restores leptin sensitivity to reduce appetite and defend energy expenditure,small molecule,,False,VERIFIED,medium,https://www.erxpharmaceuticals.com/research-development/erx-1000-for-obesity/,First-in-class oral leptin sensitizer; direct binding target not publicly specified.,False,False,VERIFIED,VERIFIED,CNS/appetite,leptin sensitisation,True,False,False
garetosmab,2,2,82,garetosmab,garetosmab,Lean-mass preservation,activin A blockade,Activin A (INHBA),Neutralising anti-activin A antibody,monoclonal antibody,,False,VERIFIED,high,https://pubmed.ncbi.nlm.nih.gov/32557665/,Used in obesity combinations to preserve/improve lean mass.,False,False,VERIFIED,VERIFIED,Lean-mass preservation,activin A blockade,True,False,False
glp-1 receptor agonist,2,2,83,glp-1 receptor agonist,unspecified GLP-1 receptor agonist,Incretin-based,GLP-1,GLP1R,GLP-1 receptor agonist,unspecified,mono,True,VERIFIED,medium,,Generic class label rather than a named molecule.,False,False,VERIFIED,VERIFIED,Incretin-based,GLP-1,True,False,False
hdm1002,2,2,84,hdm1002,hdm1002,Incretin-based,GLP-1,GLP1R,Potent selective GLP-1 receptor full agonist with cAMP-biased signalling,small molecule,mono,True,VERIFIED,high,https://pubmed.ncbi.nlm.nih.gov/41803652/,Oral small-molecule GLP-1RA.,False,False,VERIFIED,VERIFIED,Incretin-based,GLP-1,True,False,False
hm15275,2,2,85,hm15275,hm15275,Incretin-based,GLP-1/GIP/glucagon,GLP1R; GIPR; GCGR,Triple GLP-1/GIP/glucagon receptor agonist,peptide,triple,True,VERIFIED,high,https://hanmipharm.com/science/pipeline/focused/hm15275.hm,Long-acting triple agonist.,False,False,VERIFIED,VERIFIED,Incretin-based,GLP-1/GIP/glucagon,True,False,False
hrs-5817,2,2,86,hrs-5817,hrs-5817,Undisclosed,undisclosed,,,injectable,,,RESEARCH_REQUIRED,low,https://www.hengrui.com/media/detail-745.html,"Hengrui confirms a novel obesity target and notes no marketed drug shares the target, but does not publicly disclose the target.",False,True,RESEARCH_REQUIRED,UNRESOLVED_PUBLIC_INFO,Undisclosed / insufficient public information,Undisclosed,False,True,False
hs-20094,2,2,87,hs-20094,olatorepatide,Incretin-based,GLP-1/GIP,GLP1R; GIPR,Dual GLP-1/GIP receptor agonist,peptide,dual,True,VERIFIED_ALIAS,high,https://www.hspharm.com/news/news-detail-513468.htm,HS-20094 is olatorepatide.,False,False,VERIFIED_ALIAS,VERIFIED_ALIAS,Incretin-based,GLP-1/GIP,True,False,False
ibi3032,2,2,88,ibi3032,ibi3032,Incretin-based,GLP-1,GLP1R,Selective cAMP-biased GLP-1 receptor agonist,small molecule,mono,True,VERIFIED,high,https://diabetesjournals.org/diabetes/article/75/Supplement_1/1678-P/167721,Once-daily oral nonpeptide GLP-1RA.,False,False,VERIFIED,VERIFIED,Incretin-based,GLP-1,True,False,False
ibi3042,2,2,89,ibi3042,ibi3042,Incretin-based,GLP-1,GLP1R,GLP-1 receptor agonist,small molecule,mono,True,VERIFIED,high,https://diabetesjournals.org/diabetes/article/75/Supplement_1/2543-P/167474/,Oral small-molecule GLP-1RA designed for once-weekly dosing.,False,False,VERIFIED,VERIFIED,Incretin-based,GLP-1,True,False,False
jnj-64565111 dose level 1,2,2,90,jnj-64565111 dose level 1,jnj-64565111,Incretin-based,GLP-1/glucagon,GLP1R; GCGR,Dual GLP-1/glucagon receptor agonist,peptide,dual,True,VERIFIED_ALIAS,high,https://pubmed.ncbi.nlm.nih.gov/33475255/,Dose-level registry label; collapse to JNJ-64565111.,False,False,VERIFIED_ALIAS,VERIFIED_ALIAS,Incretin-based,GLP-1/glucagon,True,False,False
jnj-64565111 dose level 2,2,2,91,jnj-64565111 dose level 2,jnj-64565111,Incretin-based,GLP-1/glucagon,GLP1R; GCGR,Dual GLP-1/glucagon receptor agonist,peptide,dual,True,VERIFIED_ALIAS,high,https://pubmed.ncbi.nlm.nih.gov/33475255/,Dose-level registry label; collapse to JNJ-64565111.,False,False,VERIFIED_ALIAS,VERIFIED_ALIAS,Incretin-based,GLP-1/glucagon,True,False,False
jnj-64565111 dose level 3,2,2,92,jnj-64565111 dose level 3,jnj-64565111,Incretin-based,GLP-1/glucagon,GLP1R; GCGR,Dual GLP-1/glucagon receptor agonist,peptide,dual,True,VERIFIED_ALIAS,high,https://pubmed.ncbi.nlm.nih.gov/33475255/,Dose-level registry label; collapse to JNJ-64565111.,False,False,VERIFIED_ALIAS,VERIFIED_ALIAS,Incretin-based,GLP-1/glucagon,True,False,False
k-757 and k-833,2,2,93,k-757 and k-833,K-757 + K-833,GI/pancreatic nutrient sensing,GPR40 + GPR119,FFAR1 (GPR40); GPR119,Combined GPR40 and GPR119 agonism enhances endogenous incretin and insulin secretion through complementary nutrient-sensing pathways,small-molecule combination,combination,False,VERIFIED,high,https://dom-pubs.onlinelibrary.wiley.com/doi/10.1111/dom.70014,K-757 is a GPR40 full agonist; K-833 is a GPR119 full agonist.,False,False,VERIFIED,VERIFIED,GI/pancreatic nutrient sensing,GPR40 + GPR119,True,False,False
kai-7535,2,2,94,kai-7535,hrs-7535,Incretin-based,GLP-1,GLP1R,GLP-1 receptor agonist,small molecule,mono,True,VERIFIED_ALIAS,high,https://investors.kailera.com/news-releases/news-release-details/kailera-therapeutics-announces-positive-topline-data-two-hengrui,KAI-7535 and HRS-7535 are the same oral small-molecule GLP-1RA.,False,False,VERIFIED_ALIAS,VERIFIED_ALIAS,Incretin-based,GLP-1,True,False,False
kd101,2,2,95,kd101,KD101,Metabolic/energy expenditure,energy metabolism,direct molecular target not publicly established,Promotes energy metabolism without primary appetite suppression,small molecule / purified natural-product-derived compound,,False,VERIFIED,medium,https://pmc.ncbi.nlm.nih.gov/articles/PMC7877834/,(-)-alpha-cedrene single isomer; exact molecular target remains unclear.,False,False,VERIFIED,VERIFIED,Metabolic/energy expenditure,energy metabolism,True,False,False
lb54640,2,2,96,lb54640,bivamelagon,Melanocortin,MC4R,MC4R,Melanocortin-4 receptor agonist,small molecule,mono,False,VERIFIED_ALIAS,high,https://pmc.ncbi.nlm.nih.gov/articles/PMC13017269/,"LB54640 is bivamelagon, an oral MC4R-selective agonist.",False,False,VERIFIED_ALIAS,VERIFIED_ALIAS,Melanocortin,MC4R,True,False,False
ly3532226,2,2,97,ly3532226,macupatide,Incretin-based,GIP,GIPR,Long-acting GIP receptor agonist,large-molecule biologic,mono,True,VERIFIED_ALIAS,high,https://www.lilly.com/science/research-development/pipeline,LY3532226 is macupatide.,False,False,VERIFIED_ALIAS,VERIFIED_ALIAS,Incretin-based,GIP,True,False,False
mibavademab,2,2,98,mibavademab,mibavademab,Leptin pathway,leptin receptor,LEPR,Agonistic leptin-receptor monoclonal antibody,monoclonal antibody,mono,False,VERIFIED,high,https://pmc.ncbi.nlm.nih.gov/articles/PMC11003274/,Fully human LEPR agonistic antibody.,False,False,VERIFIED,VERIFIED,Leptin pathway,leptin receptor,True,False,False
na-931,2,2,99,na-931,NA-931,Incretin + growth-factor,IGF-1/GLP-1/GIP/glucagon,IGF1R pathway; GLP1R; GIPR; GCGR,"Quadruple IGF-1, GLP-1, GIP and glucagon pathway agonism",multi-agonist biologic,quadruple,True,VERIFIED,high,https://diabetesjournals.org/diabetes/article/74/Supplement_1/143-OR/159475,Quadruple agonist designed to reduce weight while preserving muscle.,False,False,VERIFIED,VERIFIED,Incretin + growth-factor,IGF-1/GLP-1/GIP/glucagon,True,False,False
naltrexone,2,2,100,naltrexone,naltrexone,CNS/appetite,opioid,OPRM1,Opioid receptor antagonism,small molecule,,False,VERIFIED,high,,Established pharmacology.,False,False,VERIFIED,VERIFIED,CNS/appetite,opioid,True,False,False
ngm313,2,2,101,ngm313,MK-3655,Metabolic/FGF21 pathway,FGFR1c/beta-Klotho,FGFR1c; KLB,Agonistic antibody selectively activating the beta-Klotho/FGFR1c complex,monoclonal antibody,,False,VERIFIED_ALIAS,high,https://www.ngmbio.com/news/release/merck-exercises-option-ngm-bios-investigational-insulin,NGM313 was renamed MK-3655.,False,False,VERIFIED_ALIAS,VERIFIED_ALIAS,Metabolic/FGF21 pathway,FGFR1c/beta-Klotho,True,False,False
nnc0165-1562,2,2,102,nnc0165-1562,NNC0165-1562,CNS/appetite,PYY,NPY2R-dominant PYY pathway,Long-acting peptide YY analogue,peptide,mono,False,VERIFIED,high,https://pmc.ncbi.nlm.nih.gov/articles/PMC13376848/,Long-acting PYY analogue investigated alone and with semaglutide.,False,False,VERIFIED,VERIFIED,CNS/appetite,PYY,True,False,False
nnc0194-0499,2,2,103,nnc0194-0499,zalfermin,Metabolic/FGF21 pathway,FGF21,FGFR1c/FGFR3c + KLB,Long-acting FGF21-receptor agonist analogue,peptide/protein analogue,,False,VERIFIED_ALIAS,high,https://pubmed.ncbi.nlm.nih.gov/39013015/,NNC0194-0499 is zalfermin.,False,False,VERIFIED_ALIAS,VERIFIED_ALIAS,Metabolic/FGF21 pathway,FGF21,True,False,False
nnc9204-0530,2,2,104,nnc9204-0530,NNC9204-0530,Glucagon pathway,glucagon,GCGR,Glucagon receptor agonist,peptide,mono,False,VERIFIED,high,https://pmc.ncbi.nlm.nih.gov/articles/PMC10304508/,Also known as NN9030.,False,False,VERIFIED,VERIFIED,Glucagon pathway,glucagon,True,False,False
nnc9204-1177,2,2,105,nnc9204-1177,NNC9204-1177,Incretin-based,GLP-1/glucagon,GLP1R; GCGR,Dual GLP-1/glucagon receptor agonist,peptide,dual,True,VERIFIED,high,https://pubmed.ncbi.nlm.nih.gov/37690519/,Also called NN1177; development stopped after Phase 1 safety findings.,False,False,VERIFIED,VERIFIED,Incretin-based,GLP-1/glucagon,True,False,False
nt-0796,2,2,106,nt-0796,NT-0796,Inflammation/metabolic,NLRP3 inflammasome,NLRP3,NLRP3 inflammasome inhibitor,small molecule,,False,VERIFIED,high,https://pmc.ncbi.nlm.nih.gov/articles/PMC12210099/,Anti-inflammatory metabolic mechanism; developed alone and with GLP-1RA.,False,False,VERIFIED,VERIFIED,Inflammation/metabolic,NLRP3 inflammasome,True,False,False
olatorepatide,2,2,107,olatorepatide,olatorepatide,Incretin-based,GLP-1/GIP,GLP1R; GIPR,Dual GLP-1/GIP receptor agonist,peptide,dual,True,VERIFIED,high,https://www.hspharm.com/news/news-detail-513468.htm,Same molecule previously recorded as HS-20094.,False,False,VERIFIED,VERIFIED,Incretin-based,GLP-1/GIP,True,False,False
pf-07976016,2,2,108,pf-07976016,PF-07976016,Undisclosed,undisclosed,,,undisclosed,,,RESEARCH_REQUIRED,low,https://clinical-trials-search.canada.ca/en/clinical-trial/289886-overweightobesity,"Pfizer identifies this as an obesity/weight-loss asset, but an authoritative public mechanism was not found.",False,True,RESEARCH_REQUIRED,UNRESOLVED_PUBLIC_INFO,Undisclosed / insufficient public information,Undisclosed,False,True,False
pf-08653945,2,2,109,pf-08653945,MET233,Amylin-based,amylin,amylin receptors,Ultra-long-acting amylin receptor agonist,peptide,multi,False,VERIFIED_ALIAS,high,https://doi.org/10.3390/scipharm94010021,"PF-08653945 is MET233, an ultra-long-acting amylin analogue.",False,False,VERIFIED_ALIAS,VERIFIED_ALIAS,Amylin-based,amylin,True,False,False
pg-102,2,2,110,pg-102,PG-102,Incretin-based,GLP-1/GLP-2,GLP1R; GLP2R,Bispecific dual GLP-1/GLP-2 receptor agonist,Fc-fusion protein,dual,True,VERIFIED,high,https://pubmed.ncbi.nlm.nih.gov/41876542/,Bispecific Fc fusion protein.,False,False,VERIFIED,VERIFIED,Incretin-based,GLP-1/GLP-2,True,False,False
pioglitazone,2,2,111,pioglitazone,pioglitazone,Metabolic/insulin sensitisation,PPAR-gamma,PPARG,PPAR-gamma agonist,small molecule,mono,False,VERIFIED,high,,Thiazolidinedione insulin sensitiser.,False,False,VERIFIED,VERIFIED,Metabolic/insulin sensitisation,PPAR-gamma,True,False,False
rgt001-075,2,2,112,rgt001-075,RGT-075,Incretin-based,GLP-1,GLP1R,Full GLP-1 receptor agonist,small molecule,mono,True,VERIFIED_ALIAS,high,https://diabetesjournals.org/diabetes/article/74/Supplement_1/785-P/159759/,RGT001-075/RGT-075 is an oral nonpeptide small-molecule GLP-1RA.,False,False,VERIFIED_ALIAS,VERIFIED_ALIAS,Incretin-based,GLP-1,True,False,False
ro7204239,2,2,113,ro7204239,emugrobart,Lean-mass preservation,myostatin blockade,MSTN (myostatin/GDF8),Recycling/antigen-sweeping anti-myostatin monoclonal antibody,monoclonal antibody,,False,VERIFIED_ALIAS,high,https://forpatients.roche.com/content/dam/patient-platform/lps/global/bp45369/LPS_BP45369_final-results_May2026_English.pdf,RO7204239/GYM329 is emugrobart.,False,False,VERIFIED_ALIAS,VERIFIED_ALIAS,Lean-mass preservation,myostatin blockade,True,False,False
s-309309,2,2,114,s-309309,S-309309,GI nutrient absorption/metabolism,MGAT2 inhibition,MOGAT2 (MGAT2),Monoacylglycerol acyltransferase-2 inhibitor,small molecule,,False,VERIFIED,high,https://pubmed.ncbi.nlm.nih.gov/39832041/,Novel oral MGAT2 inhibitor developed for obesity.,False,False,VERIFIED,VERIFIED,GI nutrient absorption/metabolism,MGAT2 inhibition,True,False,False
semaglutide or tirzepatide,2,2,115,semaglutide or tirzepatide,semaglutide or tirzepatide,Incretin-based,GLP-1-based mixed class,GLP1R; optionally GIPR,Registry class label covering either semaglutide or tirzepatide,peptide / mixed class label,mixed,True,VERIFIED,medium,,Do not collapse to a single molecule; retain as a mixed treatment-class label.,False,False,VERIFIED,VERIFIED,Incretin-based,GLP-1-based mixed class,True,False,False
syh2069,2,2,116,syh2069,SYH2069,Incretin-based,GLP-1/GIP,GLP1R; GIPR,Dual-biased GLP-1/GIP receptor agonist,peptide,dual,True,VERIFIED,high,https://www1.hkexnews.hk/listedco/listconews/sehk/2025/1229/2025122901053.pdf,CSPC dual-biased agonist polypeptide injection.,False,False,VERIFIED,VERIFIED,Incretin-based,GLP-1/GIP,True,False,False
syh2082,2,2,117,syh2082,SYH2082,Incretin-based,GLP-1/GIP,GLP1R; GIPR,Long-acting dual GLP-1/GIP receptor agonist,peptide,dual,True,VERIFIED,high,https://www.astrazeneca.com/media-centre/press-releases/2026/astrazeneca-agrees-obesity-and-t2d-deal-with-cspc.html,Once-monthly programme licensed by AstraZeneca from CSPC.,False,False,VERIFIED,VERIFIED,Incretin-based,GLP-1/GIP,True,False,False
syntocinon,2,2,118,syntocinon,oxytocin,Oxytocin,oxytocin receptor,OXTR,Oxytocin receptor agonist,peptide,mono,False,VERIFIED_ALIAS,high,https://clinicaltrials.gov/study/NCT02849743,Syntocinon is intranasal oxytocin; collapse into oxytocin identity.,False,False,VERIFIED_ALIAS,VERIFIED_ALIAS,Oxytocin,oxytocin receptor,True,False,False
thdbh120,2,2,119,thdbh120,THDBH120,Incretin-based,GLP-1/GIP,GLP1R; GIPR,Long-acting dual GLP-1/GIP receptor agonist,peptide,dual,True,VERIFIED,high,https://pubmed.ncbi.nlm.nih.gov/41690462/,Long-acting dual GIPR/GLP-1R agonist.,False,False,VERIFIED,VERIFIED,Incretin-based,GLP-1/GIP,True,False,False
tqf3250,2,2,120,tqf3250,TQF3250,Undisclosed,undisclosed,,,oral drug; exact mechanism undisclosed,,,RESEARCH_REQUIRED,low,https://ichgcp.net/clinical-trials-registry/NCT07798284,Clinical obesity programme verified; no sufficiently authoritative public mechanism identified.,False,True,RESEARCH_REQUIRED,UNRESOLVED_PUBLIC_INFO,Undisclosed / insufficient public information,Undisclosed,False,True,False
zp8396,2,2,121,zp8396,petrelintide,Amylin-based,amylin,amylin receptors; CTR,Long-acting human amylin analogue,peptide,multi,False,VERIFIED_ALIAS,high,https://www.zealandpharma.com/pipeline/petrelintide/,ZP8396 is petrelintide.,False,False,VERIFIED_ALIAS,VERIFIED_ALIAS,Amylin-based,amylin,True,False,False
zt006,2,2,122,zt006,ZT006,Incretin-based,GLP-1,GLP1R,GLP-1 receptor agonist,oral peptide,mono,True,VERIFIED,high,https://diabetesjournals.org/diabetes/article/75/Supplement_1/1721-P/167880/,Oral GLP-1 receptor agonist peptide.,False,False,VERIFIED,VERIFIED,Incretin-based,GLP-1,True,False,False
RM-718,1,1,123,RM-718,RM-718,Melanocortin,MC4R,MC4R,Selective melanocortin-4 receptor agonist,cyclic peptide,mono,False,VERIFIED,high,https://www.sec.gov/Archives/edgar/data/1649904/000162828026052170/rytmq22026rm-718.htm,Once-weekly MC4R peptide agonist designed to spare MC1R activity.,False,False,VERIFIED,VERIFIED,Melanocortin,MC4R,True,False,False
acarbose,1,1,124,acarbose,acarbose,GI nutrient absorption,alpha-glucosidase inhibition,intestinal alpha-glucosidases,Delays intestinal carbohydrate digestion and absorption,small molecule,,False,VERIFIED,high,,Established alpha-glucosidase inhibitor.,False,False,VERIFIED,VERIFIED,GI nutrient absorption,alpha-glucosidase inhibition,True,False,False
administration of weight loss drug metformin or topiramate,1,1,125,administration of weight loss drug metformin or topiramate,metformin or topiramate,Mixed/unspecified,mixed established pharmacotherapy,AMPK-associated metabolic pathways; CNS/GABA-glutamate pathways,Registry label allows either metformin or topiramate,mixed small-molecule class label,mixed,False,VERIFIED,medium,,Do not collapse to one molecule.,False,False,VERIFIED,VERIFIED,Mixed/unspecified,mixed established pharmacotherapy,True,False,False
aln-2232,1,1,126,aln-2232,ALN-2232,Adipose signalling/RNAi,ALK7/ACVR1C,ACVR1C (ALK7),RNA interference-mediated silencing of ACVR1C/ALK7,siRNA,,False,VERIFIED,high,https://www.alnylam.com/alnylam-rnai-pipeline,Alnylam obesity RNAi programme targeting ACVR1C (ALK7).,False,False,VERIFIED,VERIFIED,Adipose signalling/RNAi,ALK7/ACVR1C,True,False,False
aln-6222,1,1,127,aln-6222,ALN-6222,Adipose signalling/RNAi,INHBE/activin E,INHBE,RNA interference-mediated silencing of hepatic INHBE/activin E,siRNA,,False,VERIFIED,high,https://www.alnylam.com/alnylam-rnai-pipeline,Alnylam obesity RNAi programme targeting INHBE.,False,False,VERIFIED,VERIFIED,Adipose signalling/RNAi,INHBE/activin E,True,False,False
alv-100,1,1,128,alv-100,ALV-100,Incretin-based,GLP-1 agonism + GIP antagonism,GLP1R; GIPR,GLP-1 receptor agonist peptide fused to a GIP-receptor antagonist antibody,antibody-peptide fusion,,True,VERIFIED,high,https://alveustx.com/science/,Humanised GIPR-antagonist IgG4 antibody plus GLP-1RA peptide fusion.,False,False,VERIFIED,VERIFIED,Incretin-based,GLP-1 agonism + GIP antagonism,True,False,False
aly688-sr,1,1,129,aly688-sr,ALY688-SR,Adiponectin pathway,adiponectin receptor,ADIPOR1; ADIPOR2,Adiponectin-derived peptide agonising adiponectin-receptor signalling,peptidomimetic peptide,,False,VERIFIED,high,https://www.allysta.com/_files/ugd/4c3d43_9c71891413e54c7d9419289a557e1d6f.pdf,Sustained-release adiponectin analogue/agonist; Phase 1 conducted in overweight/obese adults.,False,False,VERIFIED,VERIFIED,Adiponectin pathway,adiponectin receptor,True,False,False
amg 171,1,1,130,amg 171,AMG 171,CNS/appetite,GDF15/GFRAL,GDF15; GFRAL/RET pathway,Long-acting GDF15 agonism suppressing food intake via GFRAL/RET,GDF15-Fc fusion protein,mono,False,VERIFIED,high,https://pmc.ncbi.nlm.nih.gov/articles/PMC12361751/,GDF15-Fc fusion programme; discontinued after Phase 1.,False,False,VERIFIED,VERIFIED,CNS/appetite,GDF15/GFRAL,True,False,False
amg 598,1,1,131,amg 598,AMG 598,Undisclosed,undisclosed,,,undisclosed,,,RESEARCH_REQUIRED,low,https://clinicaltrials.gov/study/NCT03757130,Amgen obesity Phase 1 programme; public molecular mechanism not identified.,False,True,RESEARCH_REQUIRED,UNRESOLVED_PUBLIC_INFO,Undisclosed / insufficient public information,Undisclosed,False,True,False
amg 786,1,1,132,amg 786,AMG 786,Undisclosed,undisclosed non-incretin,,,small molecule,,False,RESEARCH_REQUIRED,medium,https://www-ext.amgen.com/newsroom/press-releases/2024/05/amgen-reports-first-quarter-2024-financial-results,Amgen stated this was a non-incretin small-molecule obesity programme; specific target remains undisclosed.,False,True,RESEARCH_REQUIRED,UNRESOLVED_PUBLIC_INFO,Undisclosed / insufficient public information,Undisclosed,False,True,False
anti-obesity pharmacotherapy class effect,1,1,133,anti-obesity pharmacotherapy class effect,unspecified anti-obesity pharmacotherapy,Mixed/unspecified,mixed anti-obesity class,,Generic registry label for an anti-obesity pharmacotherapy class rather than a single mechanism,mixed/unspecified,mixed,,VERIFIED,low,,Retain as mixed class; unsuitable for molecule-specific mechanism charts.,False,False,VERIFIED,VERIFIED,Mixed/unspecified,mixed anti-obesity class,True,False,False
antidepressant therapy,1,1,134,antidepressant therapy,unspecified antidepressant therapy,CNS/appetite,mixed antidepressant class,,Generic antidepressant-treatment class label; mechanism depends on the selected agent,mixed/unspecified,mixed,False,VERIFIED,low,,Retain as a mixed class rather than forcing a single molecular target.,False,False,VERIFIED,VERIFIED,CNS/appetite,mixed antidepressant class,True,False,False
apitegromab,1,1,135,apitegromab,apitegromab,Lean-mass preservation,myostatin activation blockade,latent/promyostatin,Monoclonal antibody selectively inhibiting activation of myostatin,monoclonal antibody,,False,VERIFIED,high,https://www.nature.com/articles/s41591-026-04440-4,Lean-mass-preservation adjunct during tirzepatide-induced weight loss.,False,False,VERIFIED,VERIFIED,Lean-mass preservation,myostatin activation blockade,True,False,False
aro-alk7,1,1,136,aro-alk7,ARO-ALK7,Adipose signalling/RNAi,ALK7/ACVR1C,ACVR1C (ALK7),Adipocyte-targeted RNA interference reduces ALK7 expression,siRNA,,False,VERIFIED,high,https://ir.arrowheadpharma.com/news-releases/news-release-details/arrowhead-pharmaceuticals-announces-interim-clinical-data-rnai,Adipocyte-targeted RNAi obesity therapy.,False,False,VERIFIED,VERIFIED,Adipose signalling/RNAi,ALK7/ACVR1C,True,False,False
aro-inhbe,1,1,137,aro-inhbe,ARO-INHBE,Adipose signalling/RNAi,INHBE/activin E,INHBE,Hepatocyte-targeted RNA interference reduces INHBE/activin E,siRNA,,False,VERIFIED,high,https://ir.arrowheadpharma.com/news-releases/news-release-details/arrowhead-pharmaceuticals-announces-interim-clinical-data-rnai,RNAi targeting hepatic INHBE/activin E.,False,False,VERIFIED,VERIFIED,Adipose signalling/RNAi,INHBE/activin E,True,False,False
at673 high dose,1,1,138,at673 high dose,AT673,Incretin pathway modulation,GIP antagonism,GIPR,GIP receptor antagonism,peptide,mono,True,VERIFIED_ALIAS,high,https://patents.google.com/patent/US20230416330A1/en,Dose label; AT673 is a GIP peptide analogue with potent GIPR antagonism.,False,False,VERIFIED_ALIAS,VERIFIED_ALIAS,Incretin pathway modulation,GIP antagonism,True,False,False
at673 low dose,1,1,139,at673 low dose,AT673,Incretin pathway modulation,GIP antagonism,GIPR,GIP receptor antagonism,peptide,mono,True,VERIFIED_ALIAS,high,https://patents.google.com/patent/US20230416330A1/en,Dose label; AT673 is a GIP peptide analogue with potent GIPR antagonism.,False,False,VERIFIED_ALIAS,VERIFIED_ALIAS,Incretin pathway modulation,GIP antagonism,True,False,False
atomoxetine,1,1,140,atomoxetine,atomoxetine,CNS/appetite,noradrenergic,NET (SLC6A2),Selective norepinephrine reuptake inhibition,small molecule,,False,VERIFIED,high,,Established pharmacology.,False,False,VERIFIED,VERIFIED,CNS/appetite,noradrenergic,True,False,False
azd1043,1,1,141,azd1043,AZD1043,Undisclosed,undisclosed,,,injectable/biologic or peptide not publicly specified,,,RESEARCH_REQUIRED,low,https://www.astrazeneca.com/our-therapy-areas/pipeline.html,Current AstraZeneca Phase 1 obesity asset; mechanism not publicly disclosed.,False,True,RESEARCH_REQUIRED,UNRESOLVED_PUBLIC_INFO,Undisclosed / insufficient public information,Undisclosed,False,True,False
azd6234 in combination with azd9550,1,1,142,azd6234 in combination with azd9550,AZD6234 + AZD9550,Incretin + amylin,amylin + GLP-1/glucagon combination,amylin receptors; GLP1R; GCGR,Combination of selective amylin-receptor agonism with dual GLP-1/glucagon agonism,peptide combination,combination,True,VERIFIED_ALIAS,high,https://www.astrazeneca.com/our-therapy-areas/pipeline.html,Registry wording for AZD6234 + AZD9550 combination.,False,False,VERIFIED_ALIAS,VERIFIED_ALIAS,Incretin + amylin,amylin + GLP-1/glucagon combination,True,False,False
azd9550 and azd6234,1,1,143,azd9550 and azd6234,AZD6234 + AZD9550,Incretin + amylin,amylin + GLP-1/glucagon combination,amylin receptors; GLP1R; GCGR,Combination of selective amylin-receptor agonism with dual GLP-1/glucagon agonism,peptide combination,combination,True,VERIFIED_ALIAS,high,https://www.astrazeneca.com/our-therapy-areas/pipeline.html,Registry wording for AZD6234 + AZD9550 combination.,False,False,VERIFIED_ALIAS,VERIFIED_ALIAS,Incretin + amylin,amylin + GLP-1/glucagon combination,True,False,False
azelaprag bge-105,1,1,144,azelaprag bge-105,azelaprag,Exercise-mimetic/metabolic,apelin receptor,APLNR (APJ),Apelin receptor agonist,small molecule,mono,False,VERIFIED_ALIAS,high,https://www.caymanchem.com/product/44644/azelaprag,"BGE-105/AMG 986 is azelaprag, an APJ agonist.",False,False,VERIFIED_ALIAS,VERIFIED_ALIAS,Exercise-mimetic/metabolic,apelin receptor,True,False,False
bardoxolone methyl,1,1,145,bardoxolone methyl,bardoxolone methyl,Metabolic/oxidative stress,Nrf2 activation,KEAP1-NRF2 pathway,Electrophilic KEAP1 modulation leading to NRF2 pathway activation,small molecule,,False,VERIFIED,high,https://clinicaltrials.gov/study/NCT04018339,RTA 402; directly studied for body-weight/body-composition change in obese adults.,False,False,VERIFIED,VERIFIED,Metabolic/oxidative stress,Nrf2 activation,True,False,False
beinaglutide,1,1,146,beinaglutide,benaglutide,Incretin-based,GLP-1,GLP1R,GLP-1 receptor agonist,peptide,mono,True,VERIFIED_ALIAS,high,,Spelling variant of benaglutide.,False,False,VERIFIED_ALIAS,VERIFIED_ALIAS,Incretin-based,GLP-1,True,False,False
bge-102,1,1,147,bge-102,BGE-102,Inflammation/metabolic,NLRP3 inflammasome,NLRP3,NLRP3 inflammasome inhibition,small molecule,,False,VERIFIED,high,https://ir.bioagelabs.com/news-releases/news-release-details/bioage-labs-completes-ind-enabling-studies-bge-102-potent-orally,Brain-penetrant oral NLRP3 inhibitor.,False,False,VERIFIED,VERIFIED,Inflammation/metabolic,NLRP3 inflammasome,True,False,False
bgm0504 administered subcutaneously sc once a week,1,1,148,bgm0504 administered subcutaneously sc once a week,bgm0504,Incretin-based,GLP-1/GIP,GLP1R; GIPR,Dual GLP-1/GIP receptor agonist,peptide,dual,True,VERIFIED_ALIAS,high,,Formulation/device label; collapse to BGM0504.,False,False,VERIFIED_ALIAS,VERIFIED_ALIAS,Incretin-based,GLP-1/GIP,True,False,False
bgm0504 multi-dose pen,1,1,149,bgm0504 multi-dose pen,bgm0504,Incretin-based,GLP-1/GIP,GLP1R; GIPR,Dual GLP-1/GIP receptor agonist,peptide,dual,True,VERIFIED_ALIAS,high,,Formulation/device label; collapse to BGM0504.,False,False,VERIFIED_ALIAS,VERIFIED_ALIAS,Incretin-based,GLP-1/GIP,True,False,False
bgm0504 single-dose pen,1,1,150,bgm0504 single-dose pen,bgm0504,Incretin-based,GLP-1/GIP,GLP1R; GIPR,Dual GLP-1/GIP receptor agonist,peptide,dual,True,VERIFIED_ALIAS,high,,Formulation/device label; collapse to BGM0504.,False,False,VERIFIED_ALIAS,VERIFIED_ALIAS,Incretin-based,GLP-1/GIP,True,False,False
bi 1356225,1,1,151,bi 1356225,BI 1356225,CNS/appetite,ghrelin/GOAT,MBOAT4 (GOAT),Ghrelin-O-acyltransferase inhibition reduces formation of active acylated ghrelin,small molecule,,False,VERIFIED,high,https://pubmed.ncbi.nlm.nih.gov/36958671/,Oral GOAT inhibitor studied in overweight/obesity.,False,False,VERIFIED,VERIFIED,CNS/appetite,ghrelin/GOAT,True,False,False
bi 3006337,1,1,152,bi 3006337,BI 3006337,Undisclosed,undisclosed,,,undisclosed,,,RESEARCH_REQUIRED,low,https://clinicaltrials.gov/study/NCT05970640,Boehringer obesity/fatty-liver programme verified; public molecular mechanism not confidently identified.,False,True,RESEARCH_REQUIRED,UNRESOLVED_PUBLIC_INFO,Undisclosed / insufficient public information,Undisclosed,False,True,False
biguanide dpp4 inhibitors sglt2 inhibitors,1,1,153,biguanide dpp4 inhibitors sglt2 inhibitors,mixed diabetes pharmacotherapy classes,Mixed/unspecified,mixed metabolic drug classes,AMPK-associated pathways; DPP4; SLC5A2,"Registry class label spanning biguanide, DPP-4 inhibitor and SGLT2 inhibitor treatments",mixed small-molecule class label,mixed,False,VERIFIED,low,,Class-level registry label; unsuitable for molecule-specific charts.,False,False,VERIFIED,VERIFIED,Mixed/unspecified,mixed metabolic drug classes,True,False,False
bio101,1,1,154,bio101,BIO101,Lean-mass preservation,MAS receptor / muscle preservation,MAS1,MAS-receptor activation supporting muscle anabolism and function during GLP-1-associated weight loss,small molecule,,False,VERIFIED,high,https://www.biophytis.com/en/bio101/,20-hydroxyecdysone; developed as an adjunct to preserve muscle function during obesity treatment.,False,False,VERIFIED,VERIFIED,Lean-mass preservation,MAS receptor / muscle preservation,True,False,False
bivamelagon,1,1,155,bivamelagon,bivamelagon,Melanocortin,MC4R,MC4R,Melanocortin-4 receptor agonist,small molecule,mono,False,VERIFIED,high,https://rhythmpharmaceuticals.gcs-web.com/news-releases/news-release-details/rhythm-pharmaceuticals-announces-oral-mc4r-agonist-bivamelagon,Formerly LB54640.,False,False,VERIFIED,VERIFIED,Melanocortin,MC4R,True,False,False
bmf-650,1,1,156,bmf-650,BMF-650,Incretin-based,GLP-1,GLP1R,GLP-1 receptor agonist,small molecule,mono,True,VERIFIED,high,https://www.sec.gov/Archives/edgar/data/1840439/000119312526068375/d95198dex991.htm,Oral non-peptide GLP-1 receptor agonist.,False,False,VERIFIED,VERIFIED,Incretin-based,GLP-1,True,False,False
bms-963272,1,1,157,bms-963272,BMS-963272,GI nutrient absorption/metabolism,MGAT2 inhibition,MOGAT2 (MGAT2),Monoacylglycerol acyltransferase-2 inhibition,small molecule,,False,VERIFIED,high,https://pubmed.ncbi.nlm.nih.gov/34613725/,Selective MGAT2 inhibitor with human obesity Phase 1 data.,False,False,VERIFIED,VERIFIED,GI nutrient absorption/metabolism,MGAT2 inhibition,True,False,False
botox 200 unt,1,1,158,botox 200 unt,onabotulinumtoxinA,GI motility/appetite,cholinergic neuromuscular blockade,SNAP25 / acetylcholine-release machinery,"Botulinum toxin-mediated inhibition of acetylcholine release, used intragastrically to alter gastric motility/satiety",protein toxin biologic,,False,VERIFIED_ALIAS,high,https://clinicaltrials.gov/study/NCT04274608,Collapse Botox/Botulinum toxin A labels to onabotulinumtoxinA.,False,False,VERIFIED_ALIAS,VERIFIED_ALIAS,GI motility/appetite,cholinergic neuromuscular blockade,True,False,False
botulinum toxin type a,1,1,159,botulinum toxin type a,onabotulinumtoxinA,GI motility/appetite,cholinergic neuromuscular blockade,SNAP25 / acetylcholine-release machinery,"Botulinum toxin-mediated inhibition of acetylcholine release, used intragastrically to alter gastric motility/satiety",protein toxin biologic,,False,VERIFIED_ALIAS,high,https://clinicaltrials.gov/study/NCT04274608,Collapse Botox/Botulinum toxin A labels to onabotulinumtoxinA.,False,False,VERIFIED_ALIAS,VERIFIED_ALIAS,GI motility/appetite,cholinergic neuromuscular blockade,True,False,False
bremelanotide,1,1,160,bremelanotide,bremelanotide,Melanocortin,MC4R,MC4R,Melanocortin-4 receptor agonist,peptide,mono,False,VERIFIED,high,https://palatin.com/press_releases/palatin-initiates-phase-2-clinical-study-of-bremelanotide-for-the-treatment-of-obesity/,Studied as an adjunct to tirzepatide in obesity.,False,False,VERIFIED,VERIFIED,Melanocortin,MC4R,True,False,False
brenipatide,1,1,161,brenipatide,brenipatide,Incretin-based,GLP-1/GIP,GLP1R; GIPR,Dual GLP-1/GIP receptor agonist,large-molecule biologic,dual,True,VERIFIED,high,https://www.lilly.com/science/research-development/pipeline,LY3537031.,False,False,VERIFIED,VERIFIED,Incretin-based,GLP-1/GIP,True,False,False
bromocriptine,1,1,162,bromocriptine,bromocriptine,CNS/appetite,dopaminergic,DRD2,Dopamine D2 receptor agonism,small molecule,mono,False,VERIFIED,high,https://clinicaltrials.gov/study/NCT03525002,Directly studied for genotype-dependent weight loss in obesity.,False,False,VERIFIED,VERIFIED,CNS/appetite,dopaminergic,True,False,False
caffeine / albuterol,1,1,163,caffeine / albuterol,caffeine + albuterol,Metabolic/energy expenditure,thermogenic/sympathomimetic combination,ADORA1/ADORA2A pathways; ADRB2,Caffeine plus beta2-adrenergic agonism to increase energy expenditure and improve body composition,small-molecule combination,combination,False,VERIFIED,high,https://clinicaltrials.gov/study/NCT02740660,Pediatric-obesity body-composition programme.,False,False,VERIFIED,VERIFIED,Metabolic/energy expenditure,thermogenic/sympathomimetic combination,True,False,False
cagrilintide b,1,1,164,cagrilintide b,cagrilintide,Amylin-based,amylin,AMY1R; AMY2R; AMY3R; CTR,Long-acting amylin/calcitonin receptor agonist,peptide,multi,False,VERIFIED_ALIAS,high,,Registry variant; collapse to cagrilintide.,False,False,VERIFIED_ALIAS,VERIFIED_ALIAS,Amylin-based,amylin,True,False,False
canagliflozin,1,1,165,canagliflozin,canagliflozin,Renal/glucose transport,SGLT2,SLC5A2 (SGLT2),SGLT2 inhibition increases urinary glucose excretion,small molecule,,False,VERIFIED,high,,Established SGLT2 inhibitor.,False,False,VERIFIED,VERIFIED,Renal/glucose transport,SGLT2,True,False,False
cannabis,1,1,166,cannabis,oral cannabis,CNS/appetite,endocannabinoid,CNR1 (CB1); CNR2 (CB2),Mixed phytocannabinoid agonism/modulation of the endocannabinoid system,botanical cannabinoid drug mixture,mixed,False,VERIFIED,medium,https://clinicaltrials.gov/study/NCT06137365,Direct Phase 2 oral-cannabis obesity trial; retain as a mixed cannabinoid intervention rather than a single-molecule asset.,False,False,VERIFIED,VERIFIED,CNS/appetite,endocannabinoid,True,False,False
cg-0416,1,1,167,cg-0416,CG-0416,Metabolic/energy expenditure,THR-beta,THRB,Liver-targeted thyroid hormone receptor-beta agonist,small molecule,mono,False,VERIFIED,high,https://www.curegene.com.cn/en/gongsixinwen/344.html,Oral non-GLP-1 obesity programme designed for fat loss with lean-mass preservation.,False,False,VERIFIED,VERIFIED,Metabolic/energy expenditure,THR-beta,True,False,False
ck-0045,1,1,168,ck-0045,CK-0045,Cytokine/metabolic,IL-22 receptor,IL22RA1; IL10RB,Long-acting IL-22 receptor agonism,lipidated cytokine/peptide biologic,mono,False,VERIFIED,high,https://diabetesjournals.org/diabetes/article/74/Supplement_1/851-P/159924/,Long-acting lipidated IL-22 receptor agonist studied in adults with obesity.,False,False,VERIFIED,VERIFIED,Cytokine/metabolic,IL-22 receptor,True,False,False
cms-d008,1,1,169,cms-d008,CMS-D008,Adipose signalling/RNAi,INHBE/activin E,INHBE,"siRNA-mediated silencing of hepatic INHBE, lowering activin E and blocking activin E-ALK7 signalling",siRNA,,False,VERIFIED,high,https://web.cms.net.cn/en/2026/03/cmss-self-developed-innovative-drug-inhbe-targeting-small-nucleic-acid-drug-cms-d008-received-ind-approval-for-overweight-obesity-indication/,Subcutaneous INHBE-targeting siRNA.,False,False,VERIFIED,VERIFIED,Adipose signalling/RNAi,INHBE/activin E,True,False,False
crb-913,1,1,170,crb-913,CRB-913,CNS/peripheral appetite-metabolic,CB1 inverse agonism,CNR1 (CB1),Highly peripherally restricted cannabinoid-1 receptor inverse agonism,small molecule,mono,False,VERIFIED,high,https://www.corbuspharma.com/our-pipeline/crb-913-inverse-agonist-biology-obesity-treatment,Oral peripherally restricted CB1 inverse agonist.,False,False,VERIFIED,VERIFIED,CNS/peripheral appetite-metabolic,CB1 inverse agonism,True,False,False
ct-868,1,1,171,ct-868,CT-868,Incretin-based,GLP-1/GIP,GLP1R; GIPR,Fully biased dual GLP-1/GIP receptor agonism,peptide,dual,True,VERIFIED,high,https://pubmed.ncbi.nlm.nih.gov/40762050/,Biased dual GLP-1/GIP receptor agonist.,False,False,VERIFIED,VERIFIED,Incretin-based,GLP-1/GIP,True,False,False
ct-996,1,1,172,ct-996,ro7795081,Incretin-based,GLP-1,GLP1R,cAMP-biased GLP-1 receptor agonism,small molecule,mono,True,VERIFIED_ALIAS,high,https://www.roche.com/media/releases/med-cor-2024-07-17,CT-996 is the same Roche/Carmot programme recorded elsewhere as RO7795081.,False,False,VERIFIED_ALIAS,VERIFIED_ALIAS,Incretin-based,GLP-1,True,False,False
cx11 vct220,1,1,173,cx11 vct220,vct220,Incretin-based,GLP-1,GLP1R,GLP-1 receptor agonism,small molecule,mono,True,VERIFIED_ALIAS,high,https://www.corxelbio.com/en/press-releases/corxel-acquires-worldwide-excluding-greater-china-rights-to-an-oral-small-molecule-glp-1-ra-for-the-treatment-of-obesity-and-diabetes/,CX11 and VCT220 are the same oral non-peptide GLP-1RA.,False,False,VERIFIED_ALIAS,VERIFIED_ALIAS,Incretin-based,GLP-1,True,False,False
cyclo-z,1,1,174,cyclo-z,Cyclo-Z,Metabolic/insulin-leptin sensitisation,insulin/leptin sensitisation,direct molecular target not established,Cyclo(His-Pro) plus zinc formulation intended to improve insulin and leptin sensitivity,cyclic dipeptide + zinc combination,,False,VERIFIED,medium,https://diabetesjournals.org/diabetes/article/68/Supplement_1/1174-P/58999/,Phase 2a combination of cyclo(His-Pro) and zinc; direct molecular target is not established.,False,False,VERIFIED,VERIFIED,Metabolic/insulin-leptin sensitisation,insulin/leptin sensitisation,True,False,False
da-1726,1,1,175,da-1726,DA-1726,Incretin-based,GLP-1/glucagon,GLP1R; GCGR,Dual GLP-1/glucagon receptor agonism,peptide,dual,True,VERIFIED,high,https://diabetesjournals.org/diabetes/article/75/Supplement_1/3102-LB/167968,Oxyntomodulin analogue and dual GLP1R/GCGR agonist.,False,False,VERIFIED,VERIFIED,Incretin-based,GLP-1/glucagon,True,False,False
dapagliflozin dapa,1,1,176,dapagliflozin dapa,dapagliflozin,Renal/glucose transport,SGLT2,SLC5A2 (SGLT2),SGLT2 inhibition,small molecule,,False,VERIFIED_ALIAS,high,,Registry wording; collapse to dapagliflozin.,False,False,VERIFIED_ALIAS,VERIFIED_ALIAS,Renal/glucose transport,SGLT2,True,False,False
dapagliflozin plus glucophage met er,1,1,177,dapagliflozin plus glucophage met er,dapagliflozin + metformin,Metabolic combination,SGLT2 + biguanide,SLC5A2 (SGLT2); mitochondrial/AMPK-associated metformin pathways,Combined SGLT2 inhibition and metformin insulin-sensitising/metabolic effects,small-molecule combination,combination,False,VERIFIED_ALIAS,high,,Registry/formulation wording for dapagliflozin + metformin combination.,False,False,VERIFIED_ALIAS,VERIFIED_ALIAS,Metabolic combination,SGLT2 + biguanide,True,False,False
dapagliflozin plus metformin xr,1,1,178,dapagliflozin plus metformin xr,dapagliflozin + metformin,Metabolic combination,SGLT2 + biguanide,SLC5A2 (SGLT2); mitochondrial/AMPK-associated metformin pathways,Combined SGLT2 inhibition and metformin insulin-sensitising/metabolic effects,small-molecule combination,combination,False,VERIFIED_ALIAS,high,,Registry/formulation wording for dapagliflozin + metformin combination.,False,False,VERIFIED_ALIAS,VERIFIED_ALIAS,Metabolic combination,SGLT2 + biguanide,True,False,False
dapagliflozin tab,1,1,179,dapagliflozin tab,dapagliflozin,Renal/glucose transport,SGLT2,SLC5A2 (SGLT2),SGLT2 inhibition,small molecule,,False,VERIFIED_ALIAS,high,,Tablet wording; collapse to dapagliflozin.,False,False,VERIFIED_ALIAS,VERIFIED_ALIAS,Renal/glucose transport,SGLT2,True,False,False
dapagliflozin/metformin,1,1,180,dapagliflozin/metformin,dapagliflozin + metformin,Metabolic combination,SGLT2 + biguanide,SLC5A2 (SGLT2); mitochondrial/AMPK-associated metformin pathways,Combined SGLT2 inhibition and metformin insulin-sensitising/metabolic effects,small-molecule combination,combination,False,VERIFIED_ALIAS,high,,Registry/formulation wording for dapagliflozin + metformin combination.,False,False,VERIFIED_ALIAS,VERIFIED_ALIAS,Metabolic combination,SGLT2 + biguanide,True,False,False
dccr diazoxide choline,1,1,181,dccr diazoxide choline,diazoxide choline,CNS/appetite,KATP-channel activation,ATP-sensitive K+ channels (KATP),KATP-channel activation reduces hypothalamic orexigenic NPY/AgRP signalling and hyperphagia,small molecule,,False,VERIFIED_ALIAS,high,https://pubmed.ncbi.nlm.nih.gov/42100354/,DCCR/VYKAT XR; targeted hyperphagia therapy in Prader-Willi syndrome.,False,False,VERIFIED_ALIAS,VERIFIED_ALIAS,CNS/appetite,KATP-channel activation,True,False,False
disulfiram,1,1,182,disulfiram,disulfiram,Metabolic/lipid handling,lipid partitioning/autophagy,no single validated obesity target,Repurposed metabolic effect involving altered systemic lipid partitioning; earlier work also implicated autophagy,small molecule,,False,VERIFIED,medium,https://pubmed.ncbi.nlm.nih.gov/41726890/,Anti-obesity mechanism remains pleiotropic; newer evidence supports GSDMD-independent lipid-partitioning effects.,False,False,VERIFIED,VERIFIED,Metabolic/lipid handling,lipid partitioning/autophagy,True,False,False
dmxb-a,1,1,183,dmxb-a,DMXB-A,CNS/appetite,alpha7 nicotinic receptor,CHRNA7 (alpha7 nAChR),Partial agonism of alpha7 nicotinic acetylcholine receptors,small molecule,mono,False,VERIFIED,high,https://clinicaltrials.gov/study/NCT02458313,GTS-21/DMXB-A; experimental nicotinic agonist directly studied in overweight/obese adults.,False,False,VERIFIED,VERIFIED,CNS/appetite,alpha7 nicotinic receptor,True,False,False
dose escalation of sa030,1,1,184,dose escalation of sa030,SA030,Adipose signalling/RNAi,ALK7/ACVR1C,ACVR1C (ALK7),Adipose-targeting siRNA-mediated silencing of ALK7,siRNA,,False,VERIFIED_ALIAS,high,https://www.siranbio.com/en/,Registry dosing label; collapse to SA030.,False,False,VERIFIED_ALIAS,VERIFIED_ALIAS,Adipose signalling/RNAi,ALK7/ACVR1C,True,False,False
dr10624 for,1,1,185,dr10624 for,DR10624,Incretin + metabolic/hepatokine,GLP-1/glucagon/FGF21,GLP1R; GCGR; FGF21 receptor pathway,"Balanced tri-agonism of GLP-1R, glucagon receptor and FGF21 receptor pathways",Fc-fusion protein,triple,True,VERIFIED_ALIAS,high,https://clinicaltrials.gov/study/NCT05378893,Registry wording for DR10624.,False,False,VERIFIED_ALIAS,VERIFIED_ALIAS,Incretin + metabolic/hepatokine,GLP-1/glucagon/FGF21,True,False,False
drug vct220 repaglinide rosuvastatin and digoxin,1,1,186,drug vct220 repaglinide rosuvastatin and digoxin,vct220,Incretin-based,GLP-1,GLP1R,GLP-1 receptor agonism,small molecule,mono,True,VERIFIED_ALIAS,high,https://clinicaltrials.gov/study/NCT07065058,"VCT220 is the focal obesity-development asset; repaglinide, rosuvastatin and digoxin are DDI probe drugs.",False,False,VERIFIED_ALIAS,VERIFIED_ALIAS,Incretin-based,GLP-1,True,False,False
dwc202502,1,1,187,dwc202502,semaglutide,Incretin-based,GLP-1,GLP1R,GLP-1 receptor agonism,peptide,mono,True,VERIFIED_ALIAS,high,https://clinicaltrials.gov/study/NCT07539415,DWC202502 is a semaglutide active-comparator formulation in the DWRX5003 bioavailability study.,False,False,VERIFIED_ALIAS,VERIFIED_ALIAS,Incretin-based,GLP-1,True,False,False
dwc202503,1,1,188,dwc202503,semaglutide,Incretin-based,GLP-1,GLP1R,GLP-1 receptor agonism,peptide,mono,True,VERIFIED_ALIAS,high,https://clinicaltrials.gov/study/NCT07539415,DWC202503 is a semaglutide active-comparator formulation in the DWRX5003 bioavailability study.,False,False,VERIFIED_ALIAS,VERIFIED_ALIAS,Incretin-based,GLP-1,True,False,False
dwrx5003,1,1,189,dwrx5003,semaglutide,Incretin-based,GLP-1,GLP1R,GLP-1 receptor agonism,peptide,mono,True,VERIFIED_ALIAS,high,https://daewoongrx.co.kr/microneedle/,DWRX5003 is a once-weekly microneedle-patch formulation of semaglutide.,False,False,VERIFIED_ALIAS,VERIFIED_ALIAS,Incretin-based,GLP-1,True,False,False
ecc4703,1,1,190,ecc4703,ECC4703,Metabolic/energy expenditure,THR-beta,THRB,Liver-targeted thyroid hormone receptor-beta agonism,small molecule,mono,False,VERIFIED,high,https://www.eccogene.com/wp-content/uploads/AASLD-2024_ECC4703-poster-5019_print-36inx70in.pdf,Selective liver-targeting THR-beta full agonist; being tested as an adjunct to semaglutide for obesity.,False,False,VERIFIED,VERIFIED,Metabolic/energy expenditure,THR-beta,True,False,False
efocipegtrutide,1,1,191,efocipegtrutide,efocipegtrutide,Incretin-based,GLP-1/GIP/glucagon,GLP1R; GIPR; GCGR,Triple GLP-1/GIP/glucagon receptor agonism,Fc-fusion peptide/protein,triple,True,VERIFIED,high,https://precision.fda.gov/ginas/app/ui/substances/TUI1MDD9F6,HM15211; long-acting GLP-1/GIP/glucagon triple agonist.,False,False,VERIFIED,VERIFIED,Incretin-based,GLP-1/GIP/glucagon,True,False,False
elecoglipron,1,1,192,elecoglipron,elecoglipron,Incretin-based,GLP-1,GLP1R,GLP-1 receptor agonism,small molecule,mono,True,VERIFIED,high,https://pubmed.ncbi.nlm.nih.gov/42259337/,AZD5004; oral small-molecule GLP-1RA.,False,False,VERIFIED,VERIFIED,Incretin-based,GLP-1,True,False,False
eloralintide + tirzepatide,1,1,193,eloralintide + tirzepatide,eloralintide + tirzepatide,Incretin + amylin,amylin + GLP-1/GIP combination,amylin receptors; GLP1R; GIPR,Combination of selective amylin-receptor agonism with dual GLP-1/GIP agonism,peptide combination,combination,True,VERIFIED,high,,Combination obesity regimen.,False,False,VERIFIED,VERIFIED,Incretin + amylin,amylin + GLP-1/GIP combination,True,False,False
emp16-120/40,1,1,194,emp16-120/40,EMP16 (orlistat + acarbose),GI nutrient absorption,lipase + carbohydrate-digestion inhibition,gastric/pancreatic lipases; intestinal alpha-glucosidases/amylase,Modified-release orlistat plus acarbose reduces fat absorption and delays carbohydrate digestion,small-molecule combination/formulation,combination,False,VERIFIED_ALIAS,high,https://pubmed.ncbi.nlm.nih.gov/36123783/,EMP16 dose-strength label; collapse to EMP16 (orlistat + acarbose).,False,False,VERIFIED_ALIAS,VERIFIED_ALIAS,GI nutrient absorption,lipase + carbohydrate-digestion inhibition,True,False,False
emp16-60/20,1,1,195,emp16-60/20,EMP16 (orlistat + acarbose),GI nutrient absorption,lipase + carbohydrate-digestion inhibition,gastric/pancreatic lipases; intestinal alpha-glucosidases/amylase,Modified-release orlistat plus acarbose reduces fat absorption and delays carbohydrate digestion,small-molecule combination/formulation,combination,False,VERIFIED_ALIAS,high,https://pubmed.ncbi.nlm.nih.gov/36123783/,EMP16 dose-strength label; collapse to EMP16 (orlistat + acarbose).,False,False,VERIFIED_ALIAS,VERIFIED_ALIAS,GI nutrient absorption,lipase + carbohydrate-digestion inhibition,True,False,False
ent-03,1,1,196,ent-03,ENT-03,CNS/metabolic,PTP1B inhibition,PTPN1 (PTP1B),Centrally acting allosteric PTP1B inhibition affecting hypothalamic insulin/leptin signalling,aminosterol small molecule,,False,VERIFIED,high,https://diabetesjournals.org/diabetes/article/74/Supplement_1/271-OR/159650/,Centrally acting aminosterol PTP1B inhibitor in Phase 1 obesity/T2D development.,False,False,VERIFIED,VERIFIED,CNS/metabolic,PTP1B inhibition,True,False,False
entacapone,1,1,197,entacapone,entacapone,Metabolic/energy expenditure,FTO inhibition,FTO,FTO inhibition with downstream FOXO1 effects on hepatic gluconeogenesis and adipose thermogenesis,small molecule,,False,VERIFIED,high,https://pubmed.ncbi.nlm.nih.gov/30996080/,Repurposed FTO inhibitor programme.,False,False,VERIFIED,VERIFIED,Metabolic/energy expenditure,FTO inhibition,True,False,False
eqw plus dapa,1,1,198,eqw plus dapa,exenatide + dapagliflozin,Metabolic combination,GLP-1 + SGLT2,GLP1R; SLC5A2 (SGLT2),Combined GLP-1 receptor agonism and SGLT2 inhibition,peptide + small-molecule combination,combination,True,VERIFIED_ALIAS,high,https://pubmed.ncbi.nlm.nih.gov/28345814/,EQW denotes exenatide once weekly; DAPA denotes dapagliflozin.,False,False,VERIFIED_ALIAS,VERIFIED_ALIAS,Metabolic combination,GLP-1 + SGLT2,True,False,False
exenatide implant,1,1,199,exenatide implant,exenatide,Incretin-based,GLP-1,GLP1R,GLP-1 receptor agonism,peptide,mono,True,VERIFIED_ALIAS,high,,Long-acting/formulation wording; collapse to exenatide.,False,False,VERIFIED_ALIAS,VERIFIED_ALIAS,Incretin-based,GLP-1,True,False,False
exenatide microspheres for,1,1,200,exenatide microspheres for,exenatide,Incretin-based,GLP-1,GLP1R,GLP-1 receptor agonism,peptide,mono,True,VERIFIED_ALIAS,high,,Long-acting/formulation wording; collapse to exenatide.,False,False,VERIFIED_ALIAS,VERIFIED_ALIAS,Incretin-based,GLP-1,True,False,False
exenatide once weekly eqw,1,1,201,exenatide once weekly eqw,exenatide,Incretin-based,GLP-1,GLP1R,GLP-1 receptor agonism,peptide,mono,True,VERIFIED_ALIAS,high,,EQW denotes exenatide once weekly; collapse to exenatide.,False,False,VERIFIED_ALIAS,VERIFIED_ALIAS,Incretin-based,GLP-1,True,False,False
exendin-4 fc fusion protein jy09,1,1,202,exendin-4 fc fusion protein jy09,JY09,Incretin-based,GLP-1,GLP1R,Long-acting GLP-1 receptor agonism,Fc-fusion protein,mono,True,VERIFIED,high,https://synapse.patsnap.com/drug/2debc71c5bba4451be570b7b2b2b5999,JY09 is an exendin-4/Fc fusion protein GLP-1 receptor agonist.,False,False,VERIFIED,VERIFIED,Incretin-based,GLP-1,True,False,False
experimental bgm0504 10 milligrams mg bgm0504 administered subcutaneously sc once a week,1,1,203,experimental bgm0504 10 milligrams mg bgm0504 administered subcutaneously sc once a week,bgm0504,Incretin-based,GLP-1/GIP,GLP1R; GIPR,Dual GLP-1/GIP receptor agonism,peptide,dual,True,VERIFIED_ALIAS,high,,Registry arm/dose wording; collapse to BGM0504.,False,False,VERIFIED_ALIAS,VERIFIED_ALIAS,Incretin-based,GLP-1/GIP,True,False,False
experimental bgm0504 bgm0504 administered sc once a week,1,1,204,experimental bgm0504 bgm0504 administered sc once a week,bgm0504,Incretin-based,GLP-1/GIP,GLP1R; GIPR,Dual GLP-1/GIP receptor agonism,peptide,dual,True,VERIFIED_ALIAS,high,,Registry arm/dose wording; collapse to BGM0504.,False,False,VERIFIED_ALIAS,VERIFIED_ALIAS,Incretin-based,GLP-1/GIP,True,False,False
for chronic weight management rx,1,1,205,for chronic weight management rx,approved chronic weight-management medication class,Mixed/unspecified,mixed approved anti-obesity pharmacotherapy,,Pragmatic class label covering approved chronic weight-management drugs,mixed class,mixed,,VERIFIED,medium,https://clinicaltrials.gov/study/NCT03799198,"Class label includes orlistat, lorcaserin, phentermine/topiramate, naltrexone/bupropion and liraglutide.",False,False,VERIFIED,VERIFIED,Mixed/unspecified,mixed approved anti-obesity pharmacotherapy,True,False,False
g3215,1,1,206,g3215,G3215,Incretin-based,GLP-1/glucagon,GLP1R; GCGR,Dual GLP-1/glucagon receptor agonism,peptide,dual,True,VERIFIED,high,https://pubmed.ncbi.nlm.nih.gov/38229453/,GLP-1/glucagon co-agonist evaluated by adaptive continuous infusion.,False,False,VERIFIED,VERIFIED,Incretin-based,GLP-1/glucagon,True,False,False
glp-1,1,1,207,glp-1,unspecified GLP-1 receptor agonist,Incretin-based,GLP-1,GLP1R,GLP-1 receptor agonism,unspecified,mono,True,VERIFIED,medium,,Generic GLP-1 class label rather than a named molecule.,False,False,VERIFIED,VERIFIED,Incretin-based,GLP-1,True,False,False
glp-1 receptor agonist therapy,1,1,208,glp-1 receptor agonist therapy,unspecified GLP-1 receptor agonist,Incretin-based,GLP-1,GLP1R,GLP-1 receptor agonism,unspecified,mono,True,VERIFIED_ALIAS,medium,,Generic GLP-1RA therapy label.,False,False,VERIFIED_ALIAS,VERIFIED_ALIAS,Incretin-based,GLP-1,True,False,False
glucose-dependent insulinotropic polypeptide gip,1,1,209,glucose-dependent insulinotropic polypeptide gip,NNC0480-0389,Incretin-based,GIP,GIPR,Long-acting GIP receptor agonism,peptide,mono,True,VERIFIED_ALIAS,high,https://clinicaltrials.gov/study/NCT07411560,Registry GIP label corresponds to the long-acting Novo Nordisk GIP agonist NNC0480-0389 used with cagrilintide.,False,False,VERIFIED_ALIAS,VERIFIED_ALIAS,Incretin-based,GIP,True,False,False
gly-200,1,1,210,gly-200,GLY-200,GI nutrient sensing/barrier,pharmacologic duodenal exclusion,proximal intestinal mucin barrier,Non-absorbed polymer binds/crosslinks proximal intestinal mucin to mimic duodenal exclusion physiology,oral non-absorbed polymeric drug,,False,VERIFIED,high,https://pmc.ncbi.nlm.nih.gov/articles/PMC12124365/,Gut-restricted mucin-complexing polymer developed for T2D and obesity.,False,False,VERIFIED,VERIFIED,GI nutrient sensing/barrier,pharmacologic duodenal exclusion,True,False,False
gma106,1,1,211,gma106,GMA106,Incretin-based,GLP-1 agonism + GIP antagonism,GLP1R; GIPR,GLP-1 receptor agonism combined with GIP-receptor antagonism,antibody-peptide fusion,,True,VERIFIED,high,https://gmaxbiopharm.com/news_detail/32.html,Anti-GIPR antibody fused to a GLP-1 peptide.,False,False,VERIFIED,VERIFIED,Incretin-based,GLP-1 agonism + GIP antagonism,True,False,False
gub-ucn2,1,1,212,gub-ucn2,GUB-UCN2,Lean-mass preservation,UCN2/CRHR2,CRHR2,Long-acting urocortin-2 analogue selectively activating CRHR2 to increase muscle mass and reduce fat mass,peptide,mono,False,VERIFIED,high,https://www.gubra.dk/mfn_news/gubra-announces-initiation-of-ambitious-phase-1-2a-clinical-trial-of-lead-asset-gub-ucn2-in-obesity/,Long-acting CRHR2-selective UCN2 analogue.,False,False,VERIFIED,VERIFIED,Lean-mass preservation,UCN2/CRHR2,True,False,False
gub014295,1,1,213,gub014295,GUB014295,Amylin-based,amylin/calcitonin,amylin receptors; CTR,Long-acting agonism of amylin and calcitonin receptors,peptide,multi,False,VERIFIED,high,https://www.gubra.dk/mfn_news/abbvie-and-gubra-announce-license-agreement-to-develop-an-amylin-analog-for-the-treatment-of-obesity/,Long-acting amylin analogue licensed to AbbVie; later programme naming includes ABBV-295.,False,False,VERIFIED,VERIFIED,Amylin-based,amylin/calcitonin,True,False,False
gzc8072,1,1,214,gzc8072,GZC8072,Incretin-based,GLP-1,GLP1R,Ultra-long-acting GLP-1 receptor agonism,oral peptide,mono,True,VERIFIED,high,https://www.ganlee.com/detail/865.html,Once-weekly oral GLP-1 peptide analogue.,False,False,VERIFIED,VERIFIED,Incretin-based,GLP-1,True,False,False
gzr18 digoxin rosuvastatin calcium and warfarin sodium,1,1,215,gzr18 digoxin rosuvastatin calcium and warfarin sodium,bofanglutide,Incretin-based,GLP-1,GLP1R,Long-acting GLP-1 receptor agonism,peptide,mono,True,VERIFIED_ALIAS,high,https://pubmed.ncbi.nlm.nih.gov/41956096/,"GZR18 is bofanglutide. In the DDI wording, digoxin, rosuvastatin and warfarin are probe drugs rather than separate focal obesity therapies.",False,False,VERIFIED_ALIAS,VERIFIED_ALIAS,Incretin-based,GLP-1,True,False,False
gzr18 gzr18,1,1,216,gzr18 gzr18,bofanglutide,Incretin-based,GLP-1,GLP1R,Long-acting GLP-1 receptor agonism,peptide,mono,True,VERIFIED_ALIAS,high,https://pubmed.ncbi.nlm.nih.gov/41956096/,"GZR18 is bofanglutide. In the DDI wording, digoxin, rosuvastatin and warfarin are probe drugs rather than separate focal obesity therapies.",False,False,VERIFIED_ALIAS,VERIFIED_ALIAS,Incretin-based,GLP-1,True,False,False
hcr-188,1,1,217,hcr-188,hcr-188,Undisclosed,undisclosed,,,undisclosed,,,RESEARCH_REQUIRED,low,https://clinicaltrials.gov/study/NCT06845943,First-in-human obesity asset; authoritative public molecular mechanism not identified.,False,True,RESEARCH_REQUIRED,UNRESOLVED_PUBLIC_INFO,Undisclosed / insufficient public information,Undisclosed,False,True,False
hdm1002 once daily 52 weeks,1,1,218,hdm1002 once daily 52 weeks,hdm1002,Incretin-based,GLP-1,GLP1R,Selective cAMP-biased GLP-1 receptor agonism,small molecule,mono,True,VERIFIED_ALIAS,high,https://pubmed.ncbi.nlm.nih.gov/41803652/,Dose/duration wording; collapse to HDM1002.,False,False,VERIFIED_ALIAS,VERIFIED_ALIAS,Incretin-based,GLP-1,True,False,False
hdm1002 qd,1,1,219,hdm1002 qd,hdm1002,Incretin-based,GLP-1,GLP1R,Selective cAMP-biased GLP-1 receptor agonism,small molecule,mono,True,VERIFIED_ALIAS,high,https://pubmed.ncbi.nlm.nih.gov/41803652/,Dose/duration wording; collapse to HDM1002.,False,False,VERIFIED_ALIAS,VERIFIED_ALIAS,Incretin-based,GLP-1,True,False,False
hdm1002 qd 12weeks,1,1,220,hdm1002 qd 12weeks,hdm1002,Incretin-based,GLP-1,GLP1R,Selective cAMP-biased GLP-1 receptor agonism,small molecule,mono,True,VERIFIED_ALIAS,high,https://pubmed.ncbi.nlm.nih.gov/41803652/,Dose/duration wording; collapse to HDM1002.,False,False,VERIFIED_ALIAS,VERIFIED_ALIAS,Incretin-based,GLP-1,True,False,False
hdm1702,1,1,221,hdm1702,hdm1702,Undisclosed,undisclosed,,,undisclosed,,,RESEARCH_REQUIRED,low,https://static.cninfo.com.cn/finalpage/2026-07-09/1225414770.PDF,Huadong obesity programme confirmed; authoritative public mechanism not identified.,False,True,RESEARCH_REQUIRED,UNRESOLVED_PUBLIC_INFO,Undisclosed / insufficient public information,Undisclosed,False,True,False
hec88473,1,1,222,hec88473,HEC88473,Incretin + metabolic/hepatokine,GLP-1/FGF21,GLP1R; FGFR1c/KLB pathway,Dual GLP-1 and FGF21 receptor-pathway agonism,Fc-fusion protein,dual,True,VERIFIED,high,https://pubmed.ncbi.nlm.nih.gov/40175670/,Long-acting Fc fusion containing GLP-1 and FGF21 moieties.,False,False,VERIFIED,VERIFIED,Incretin + metabolic/hepatokine,GLP-1/FGF21,True,False,False
henagliflozin,1,1,223,henagliflozin,henagliflozin,Renal/glucose transport,SGLT2,SLC5A2 (SGLT2),SGLT2 inhibition increases urinary glucose excretion,small molecule,,False,VERIFIED,high,,SGLT2 inhibitor.,False,False,VERIFIED,VERIFIED,Renal/glucose transport,SGLT2,True,False,False
hm11260c,1,1,224,hm11260c,efpeglenatide,Incretin-based,GLP-1,GLP1R,Long-acting GLP-1 receptor agonism,peptide/Fc conjugate,mono,True,VERIFIED_ALIAS,high,https://precision.fda.gov/ginas/app/ui/substances/58e19849-dac4-425f-9ad7-2e51cc074bc0,HM11260C is efpeglenatide (also langlenatide/SAR439977).,False,False,VERIFIED_ALIAS,VERIFIED_ALIAS,Incretin-based,GLP-1,True,False,False
hm15136,1,1,225,hm15136,HM15136,Glucagon pathway,glucagon,GCGR,Long-acting glucagon receptor agonism,peptide,mono,False,VERIFIED,high,https://diabetesjournals.org/diabetes/article/68/Supplement_1/109-LB/58576/,Long-acting glucagon analogue developed for weight loss through increased energy expenditure.,False,False,VERIFIED,VERIFIED,Glucagon pathway,glucagon,True,False,False
hm17321,1,1,226,hm17321,HM17321,Lean-mass preservation,UCN2/CRFR2,CRHR2,Urocortin-2 analogue selectively activating CRFR2 to increase lean mass while reducing fat mass,peptide,mono,False,VERIFIED,high,https://www.hanmipharm.com/about/investor-relations/press/detail-2663.hm,First-in-class body-recomposition programme targeting CRFR2.,False,False,VERIFIED,VERIFIED,Lean-mass preservation,UCN2/CRFR2,True,False,False
hs-20094 ai pen,1,1,227,hs-20094 ai pen,olatorepatide,Incretin-based,GLP-1/GIP,GLP1R; GIPR,Dual GLP-1/GIP receptor agonism,peptide,dual,True,VERIFIED_ALIAS,high,https://www.hspharm.com/news/news-detail-513468.htm,Pen/device wording; HS-20094 is olatorepatide.,False,False,VERIFIED_ALIAS,VERIFIED_ALIAS,Incretin-based,GLP-1/GIP,True,False,False
hs-20094 mdv pen,1,1,228,hs-20094 mdv pen,olatorepatide,Incretin-based,GLP-1/GIP,GLP1R; GIPR,Dual GLP-1/GIP receptor agonism,peptide,dual,True,VERIFIED_ALIAS,high,https://www.hspharm.com/news/news-detail-513468.htm,Pen/device wording; HS-20094 is olatorepatide.,False,False,VERIFIED_ALIAS,VERIFIED_ALIAS,Incretin-based,GLP-1/GIP,True,False,False
hs-20136-2,1,1,229,hs-20136-2,hs-20136-2,Undisclosed,undisclosed,,,undisclosed,,,RESEARCH_REQUIRED,low,https://clinicaltrials.gov/study/NCT07716241,Hansoh injectable obesity programme; public target/mechanism remains undisclosed.,False,True,RESEARCH_REQUIRED,UNRESOLVED_PUBLIC_INFO,Undisclosed / insufficient public information,Undisclosed,False,True,False
hs235,1,1,230,hs235,HS235,Lean-mass preservation,activin/GDF ligand trap,activin/GDF ligands in ActRII signalling,Selective ligand trapping of activins and GDFs controlling body composition,Fc-fusion ligand trap,,False,VERIFIED,high,https://diabetesjournals.org/diabetes/article/73/Supplement_1/298-OR/155362/,Precision-engineered activin/GDF ligand trap designed to preserve/increase lean mass during weight loss.,False,False,VERIFIED,VERIFIED,Lean-mass preservation,activin/GDF ligand trap,True,False,False
ht-6184,1,1,231,ht-6184,ofirnoflast,Inflammation/metabolic,NEK7/NLRP3 inflammasome,NEK7,Allosteric NEK7 inhibition blocks NLRP3 inflammasome assembly and activation,small molecule,,False,VERIFIED_ALIAS,high,https://www.guidetopharmacology.org/GRAC/LigandDisplayForward?ligandId=13227,"HT-6184 is ofirnoflast, an oral allosteric NEK7 inhibitor.",False,False,VERIFIED_ALIAS,VERIFIED_ALIAS,Inflammation/metabolic,NEK7/NLRP3 inflammasome,True,False,False
huc2-676,1,1,232,,huc2-676,,,,,,,,UNMAPPED,,,,,True,UNMAPPED,UNCLASSIFIED_LONG_TAIL,Unclassified long tail,Not individually reviewed,False,False,True
huc2-676-r,1,1,233,,huc2-676-r,,,,,,,,UNMAPPED,,,,,True,UNMAPPED,UNCLASSIFIED_LONG_TAIL,Unclassified long tail,Not individually reviewed,False,False,True
ibio-600,1,1,234,,ibio-600,,,,,,,,UNMAPPED,,,,,True,UNMAPPED,UNCLASSIFIED_LONG_TAIL,Unclassified long tail,Not individually reviewed,False,False,True
imm01-stem,1,1,235,,imm01-stem,,,,,,,,UNMAPPED,,,,,True,UNMAPPED,UNCLASSIFIED_LONG_TAIL,Unclassified long tail,Not individually reviewed,False,False,True
immediate release topiramate,1,1,236,,immediate release topiramate,,,,,,,,UNMAPPED,,,,,True,UNMAPPED,UNCLASSIFIED_LONG_TAIL,Unclassified long tail,Not individually reviewed,False,False,True
in-b00009,1,1,237,,in-b00009,,,,,,,,UNMAPPED,,,,,True,UNMAPPED,UNCLASSIFIED_LONG_TAIL,Unclassified long tail,Not individually reviewed,False,False,True
incretin-based therapy,1,1,238,,incretin-based therapy,,,,,,,,UNMAPPED,,,,,True,UNMAPPED,UNCLASSIFIED_LONG_TAIL,Unclassified long tail,Not individually reviewed,False,False,True
insulin glargine,1,1,239,,insulin glargine,,,,,,,,UNMAPPED,,,,,True,UNMAPPED,UNCLASSIFIED_LONG_TAIL,Unclassified long tail,Not individually reviewed,False,False,True
intragastric botulinum toxin type a,1,1,240,,intragastric botulinum toxin type a,,,,,,,,UNMAPPED,,,,,True,UNMAPPED,UNCLASSIFIED_LONG_TAIL,Unclassified long tail,Not individually reviewed,False,False,True
inv-202,1,1,241,,inv-202,,,,,,,,UNMAPPED,,,,,True,UNMAPPED,UNCLASSIFIED_LONG_TAIL,Unclassified long tail,Not individually reviewed,False,False,True
inv-347,1,1,242,,inv-347,,,,,,,,UNMAPPED,,,,,True,UNMAPPED,UNCLASSIFIED_LONG_TAIL,Unclassified long tail,Not individually reviewed,False,False,True
isis-fgfr4rx,1,1,243,,isis-fgfr4rx,,,,,,,,UNMAPPED,,,,,True,UNMAPPED,UNCLASSIFIED_LONG_TAIL,Unclassified long tail,Not individually reviewed,False,False,True
ism8969,1,1,244,,ism8969,,,,,,,,UNMAPPED,,,,,True,UNMAPPED,UNCLASSIFIED_LONG_TAIL,Unclassified long tail,Not individually reviewed,False,False,True
itraconazole,1,1,245,,itraconazole,,,,,,,,UNMAPPED,,,,,True,UNMAPPED,UNCLASSIFIED_LONG_TAIL,Unclassified long tail,Not individually reviewed,False,False,True
itraconazole + vct220,1,1,246,,itraconazole + vct220,,,,,,,,UNMAPPED,,,,,True,UNMAPPED,UNCLASSIFIED_LONG_TAIL,Unclassified long tail,Not individually reviewed,False,False,True
jnj-64565111,1,1,247,,jnj-64565111,,,,,,,,UNMAPPED,,,,,True,UNMAPPED,UNCLASSIFIED_LONG_TAIL,Unclassified long tail,Not individually reviewed,False,False,True
k-757,1,1,248,,k-757,,,,,,,,UNMAPPED,,,,,True,UNMAPPED,UNCLASSIFIED_LONG_TAIL,Unclassified long tail,Not individually reviewed,False,False,True
k-757 and k-833 bid,1,1,249,,k-757 and k-833 bid,,,,,,,,UNMAPPED,,,,,True,UNMAPPED,UNCLASSIFIED_LONG_TAIL,Unclassified long tail,Not individually reviewed,False,False,True
k-757 and k-833 qd,1,1,250,,k-757 and k-833 qd,,,,,,,,UNMAPPED,,,,,True,UNMAPPED,UNCLASSIFIED_LONG_TAIL,Unclassified long tail,Not individually reviewed,False,False,True
k-757 and open-label sitagliptin,1,1,251,,k-757 and open-label sitagliptin,,,,,,,,UNMAPPED,,,,,True,UNMAPPED,UNCLASSIFIED_LONG_TAIL,Unclassified long tail,Not individually reviewed,False,False,True
k-757 bid,1,1,252,,k-757 bid,,,,,,,,UNMAPPED,,,,,True,UNMAPPED,UNCLASSIFIED_LONG_TAIL,Unclassified long tail,Not individually reviewed,False,False,True
k-757 bid and k-833 bid,1,1,253,,k-757 bid and k-833 bid,,,,,,,,UNMAPPED,,,,,True,UNMAPPED,UNCLASSIFIED_LONG_TAIL,Unclassified long tail,Not individually reviewed,False,False,True
kbp-336,1,1,254,,kbp-336,,,,,,,,UNMAPPED,,,,,True,UNMAPPED,UNCLASSIFIED_LONG_TAIL,Unclassified long tail,Not individually reviewed,False,False,True
kds2010,1,1,255,,kds2010,,,,,,,,UNMAPPED,,,,,True,UNMAPPED,UNCLASSIFIED_LONG_TAIL,Unclassified long tail,Not individually reviewed,False,False,True
kn069,1,1,256,,kn069,,,,,,,,UNMAPPED,,,,,True,UNMAPPED,UNCLASSIFIED_LONG_TAIL,Unclassified long tail,Not individually reviewed,False,False,True
lae102 administration,1,1,257,,lae102 administration,,,,,,,,UNMAPPED,,,,,True,UNMAPPED,UNCLASSIFIED_LONG_TAIL,Unclassified long tail,Not individually reviewed,False,False,True
lae102 in combined with lae103,1,1,258,,lae102 in combined with lae103,,,,,,,,UNMAPPED,,,,,True,UNMAPPED,UNCLASSIFIED_LONG_TAIL,Unclassified long tail,Not individually reviewed,False,False,True
lae102 multiple administration,1,1,259,,lae102 multiple administration,,,,,,,,UNMAPPED,,,,,True,UNMAPPED,UNCLASSIFIED_LONG_TAIL,Unclassified long tail,Not individually reviewed,False,False,True
lae103,1,1,260,,lae103,,,,,,,,UNMAPPED,,,,,True,UNMAPPED,UNCLASSIFIED_LONG_TAIL,Unclassified long tail,Not individually reviewed,False,False,True
lb64640,1,1,261,,lb64640,,,,,,,,UNMAPPED,,,,,True,UNMAPPED,UNCLASSIFIED_LONG_TAIL,Unclassified long tail,Not individually reviewed,False,False,True
leptin human,1,1,262,,leptin human,,,,,,,,UNMAPPED,,,,,True,UNMAPPED,UNCLASSIFIED_LONG_TAIL,Unclassified long tail,Not individually reviewed,False,False,True
leu met sil,1,1,263,,leu met sil,,,,,,,,UNMAPPED,,,,,True,UNMAPPED,UNCLASSIFIED_LONG_TAIL,Unclassified long tail,Not individually reviewed,False,False,True
leu sil,1,1,264,,leu sil,,,,,,,,UNMAPPED,,,,,True,UNMAPPED,UNCLASSIFIED_LONG_TAIL,Unclassified long tail,Not individually reviewed,False,False,True
levothyroxine,1,1,265,,levothyroxine,,,,,,,,UNMAPPED,,,,,True,UNMAPPED,UNCLASSIFIED_LONG_TAIL,Unclassified long tail,Not individually reviewed,False,False,True
lifestyle management,1,1,266,,lifestyle management,,,,,,,,UNMAPPED,,,,,True,UNMAPPED,UNCLASSIFIED_LONG_TAIL,Unclassified long tail,Not individually reviewed,False,False,True
liver-expressed antimicrobial peptide 2 leap2,1,1,267,,liver-expressed antimicrobial peptide 2 leap2,,,,,,,,UNMAPPED,,,,,True,UNMAPPED,UNCLASSIFIED_LONG_TAIL,Unclassified long tail,Not individually reviewed,False,False,True
llf580,1,1,268,,llf580,,,,,,,,UNMAPPED,,,,,True,UNMAPPED,UNCLASSIFIED_LONG_TAIL,Unclassified long tail,Not individually reviewed,False,False,True
lomaira,1,1,269,,lomaira,,,,,,,,UNMAPPED,,,,,True,UNMAPPED,UNCLASSIFIED_LONG_TAIL,Unclassified long tail,Not individually reviewed,False,False,True
lorcaserin bid,1,1,270,,lorcaserin bid,,,,,,,,UNMAPPED,,,,,True,UNMAPPED,UNCLASSIFIED_LONG_TAIL,Unclassified long tail,Not individually reviewed,False,False,True
lorcaserin hydrochloride,1,1,271,,lorcaserin hydrochloride,,,,,,,,UNMAPPED,,,,,True,UNMAPPED,UNCLASSIFIED_LONG_TAIL,Unclassified long tail,Not individually reviewed,False,False,True
lorcaserin hydrochloride xr,1,1,272,,lorcaserin hydrochloride xr,,,,,,,,UNMAPPED,,,,,True,UNMAPPED,UNCLASSIFIED_LONG_TAIL,Unclassified long tail,Not individually reviewed,False,False,True
ly3457263,1,1,273,,ly3457263,,,,,,,,UNMAPPED,,,,,True,UNMAPPED,UNCLASSIFIED_LONG_TAIL,Unclassified long tail,Not individually reviewed,False,False,True
ly3537031,1,1,274,,ly3537031,,,,,,,,UNMAPPED,,,,,True,UNMAPPED,UNCLASSIFIED_LONG_TAIL,Unclassified long tail,Not individually reviewed,False,False,True
ly3541105,1,1,275,,ly3541105,,,,,,,,UNMAPPED,,,,,True,UNMAPPED,UNCLASSIFIED_LONG_TAIL,Unclassified long tail,Not individually reviewed,False,False,True
ly3971297,1,1,276,,ly3971297,,,,,,,,UNMAPPED,,,,,True,UNMAPPED,UNCLASSIFIED_LONG_TAIL,Unclassified long tail,Not individually reviewed,False,False,True
ly3971297 iv,1,1,277,,ly3971297 iv,,,,,,,,UNMAPPED,,,,,True,UNMAPPED,UNCLASSIFIED_LONG_TAIL,Unclassified long tail,Not individually reviewed,False,False,True
ly4064912,1,1,278,,ly4064912,,,,,,,,UNMAPPED,,,,,True,UNMAPPED,UNCLASSIFIED_LONG_TAIL,Unclassified long tail,Not individually reviewed,False,False,True
ly4086940,1,1,279,,ly4086940,,,,,,,,UNMAPPED,,,,,True,UNMAPPED,UNCLASSIFIED_LONG_TAIL,Unclassified long tail,Not individually reviewed,False,False,True
ly4167586,1,1,280,,ly4167586,,,,,,,,UNMAPPED,,,,,True,UNMAPPED,UNCLASSIFIED_LONG_TAIL,Unclassified long tail,Not individually reviewed,False,False,True
ly4174794,1,1,281,,ly4174794,,,,,,,,UNMAPPED,,,,,True,UNMAPPED,UNCLASSIFIED_LONG_TAIL,Unclassified long tail,Not individually reviewed,False,False,True
ly4329090,1,1,282,,ly4329090,,,,,,,,UNMAPPED,,,,,True,UNMAPPED,UNCLASSIFIED_LONG_TAIL,Unclassified long tail,Not individually reviewed,False,False,True
mad in the abdomen,1,1,283,,mad in the abdomen,,,,,,,,UNMAPPED,,,,,True,UNMAPPED,UNCLASSIFIED_LONG_TAIL,Unclassified long tail,Not individually reviewed,False,False,True
mazdutide dual glp-1r/gcgr agonist,1,1,284,,mazdutide dual glp-1r/gcgr agonist,,,,,,,,UNMAPPED,,,,,True,UNMAPPED,UNCLASSIFIED_LONG_TAIL,Unclassified long tail,Not individually reviewed,False,False,True
mbl949,1,1,285,,mbl949,,,,,,,,UNMAPPED,,,,,True,UNMAPPED,UNCLASSIFIED_LONG_TAIL,Unclassified long tail,Not individually reviewed,False,False,True
mbx 4291,1,1,286,,mbx 4291,,,,,,,,UNMAPPED,,,,,True,UNMAPPED,UNCLASSIFIED_LONG_TAIL,Unclassified long tail,Not individually reviewed,False,False,True
megestrol acetate,1,1,287,,megestrol acetate,,,,,,,,UNMAPPED,,,,,True,UNMAPPED,UNCLASSIFIED_LONG_TAIL,Unclassified long tail,Not individually reviewed,False,False,True
mesna,1,1,288,,mesna,,,,,,,,UNMAPPED,,,,,True,UNMAPPED,UNCLASSIFIED_LONG_TAIL,Unclassified long tail,Not individually reviewed,False,False,True
met233,1,1,289,,met233,,,,,,,,UNMAPPED,,,,,True,UNMAPPED,UNCLASSIFIED_LONG_TAIL,Unclassified long tail,Not individually reviewed,False,False,True
met233 and met097,1,1,290,,met233 and met097,,,,,,,,UNMAPPED,,,,,True,UNMAPPED,UNCLASSIFIED_LONG_TAIL,Unclassified long tail,Not individually reviewed,False,False,True
metformin bid,1,1,291,,metformin bid,,,,,,,,UNMAPPED,,,,,True,UNMAPPED,UNCLASSIFIED_LONG_TAIL,Unclassified long tail,Not individually reviewed,False,False,True
metformin extended release er,1,1,292,,metformin extended release er,,,,,,,,UNMAPPED,,,,,True,UNMAPPED,UNCLASSIFIED_LONG_TAIL,Unclassified long tail,Not individually reviewed,False,False,True
metformin hcl tab,1,1,293,,metformin hcl tab,,,,,,,,UNMAPPED,,,,,True,UNMAPPED,UNCLASSIFIED_LONG_TAIL,Unclassified long tail,Not individually reviewed,False,False,True
metformin hydrochloride,1,1,294,,metformin hydrochloride,,,,,,,,UNMAPPED,,,,,True,UNMAPPED,UNCLASSIFIED_LONG_TAIL,Unclassified long tail,Not individually reviewed,False,False,True
metformin with semaglutide,1,1,295,,metformin with semaglutide,,,,,,,,UNMAPPED,,,,,True,UNMAPPED,UNCLASSIFIED_LONG_TAIL,Unclassified long tail,Not individually reviewed,False,False,True
metformin xr,1,1,296,,metformin xr,,,,,,,,UNMAPPED,,,,,True,UNMAPPED,UNCLASSIFIED_LONG_TAIL,Unclassified long tail,Not individually reviewed,False,False,True
metformin+sibutramine,1,1,297,,metformin+sibutramine,,,,,,,,UNMAPPED,,,,,True,UNMAPPED,UNCLASSIFIED_LONG_TAIL,Unclassified long tail,Not individually reviewed,False,False,True
metformin-glp-1 receptor agonist,1,1,298,,metformin-glp-1 receptor agonist,,,,,,,,UNMAPPED,,,,,True,UNMAPPED,UNCLASSIFIED_LONG_TAIL,Unclassified long tail,Not individually reviewed,False,False,True
mkp10241,1,1,299,,mkp10241,,,,,,,,UNMAPPED,,,,,True,UNMAPPED,UNCLASSIFIED_LONG_TAIL,Unclassified long tail,Not individually reviewed,False,False,True
mod-6031,1,1,300,,mod-6031,,,,,,,,UNMAPPED,,,,,True,UNMAPPED,UNCLASSIFIED_LONG_TAIL,Unclassified long tail,Not individually reviewed,False,False,True
monlunabant,1,1,301,,monlunabant,,,,,,,,UNMAPPED,,,,,True,UNMAPPED,UNCLASSIFIED_LONG_TAIL,Unclassified long tail,Not individually reviewed,False,False,True
montelukast,1,1,302,,montelukast,,,,,,,,UNMAPPED,,,,,True,UNMAPPED,UNCLASSIFIED_LONG_TAIL,Unclassified long tail,Not individually reviewed,False,False,True
mph,1,1,303,,mph,,,,,,,,UNMAPPED,,,,,True,UNMAPPED,UNCLASSIFIED_LONG_TAIL,Unclassified long tail,Not individually reviewed,False,False,True
mwn105,1,1,304,,mwn105,,,,,,,,UNMAPPED,,,,,True,UNMAPPED,UNCLASSIFIED_LONG_TAIL,Unclassified long tail,Not individually reviewed,False,False,True
mwn110,1,1,305,,mwn110,,,,,,,,UNMAPPED,,,,,True,UNMAPPED,UNCLASSIFIED_LONG_TAIL,Unclassified long tail,Not individually reviewed,False,False,True
mysimba,1,1,306,,mysimba,,,,,,,,UNMAPPED,,,,,True,UNMAPPED,UNCLASSIFIED_LONG_TAIL,Unclassified long tail,Not individually reviewed,False,False,True
na-931 + no tirzepatide,1,1,307,,na-931 + no tirzepatide,,,,,,,,UNMAPPED,,,,,True,UNMAPPED,UNCLASSIFIED_LONG_TAIL,Unclassified long tail,Not individually reviewed,False,False,True
na-931 dose 1 daily and orally,1,1,308,,na-931 dose 1 daily and orally,,,,,,,,UNMAPPED,,,,,True,UNMAPPED,UNCLASSIFIED_LONG_TAIL,Unclassified long tail,Not individually reviewed,False,False,True
na-931 dose 3 daily and orally,1,1,309,,na-931 dose 3 daily and orally,,,,,,,,UNMAPPED,,,,,True,UNMAPPED,UNCLASSIFIED_LONG_TAIL,Unclassified long tail,Not individually reviewed,False,False,True
na-931 dose 4 daily and orally,1,1,310,,na-931 dose 4 daily and orally,,,,,,,,UNMAPPED,,,,,True,UNMAPPED,UNCLASSIFIED_LONG_TAIL,Unclassified long tail,Not individually reviewed,False,False,True
na-931 dose2 daily and orally,1,1,311,,na-931 dose2 daily and orally,,,,,,,,UNMAPPED,,,,,True,UNMAPPED,UNCLASSIFIED_LONG_TAIL,Unclassified long tail,Not individually reviewed,False,False,True
nabilone,1,1,312,,nabilone,,,,,,,,UNMAPPED,,,,,True,UNMAPPED,UNCLASSIFIED_LONG_TAIL,Unclassified long tail,Not individually reviewed,False,False,True
naltrexone + bupropion + metformin,1,1,313,,naltrexone + bupropion + metformin,,,,,,,,UNMAPPED,,,,,True,UNMAPPED,UNCLASSIFIED_LONG_TAIL,Unclassified long tail,Not individually reviewed,False,False,True
nb on-going from acute treatment,1,1,314,,nb on-going from acute treatment,,,,,,,,UNMAPPED,,,,,True,UNMAPPED,UNCLASSIFIED_LONG_TAIL,Unclassified long tail,Not individually reviewed,False,False,True
ngm395,1,1,315,,ngm395,,,,,,,,UNMAPPED,,,,,True,UNMAPPED,UNCLASSIFIED_LONG_TAIL,Unclassified long tail,Not individually reviewed,False,False,True
nimacimab,1,1,316,,nimacimab,,,,,,,,UNMAPPED,,,,,True,UNMAPPED,UNCLASSIFIED_LONG_TAIL,Unclassified long tail,Not individually reviewed,False,False,True
nnc0113-5840,1,1,317,,nnc0113-5840,,,,,,,,UNMAPPED,,,,,True,UNMAPPED,UNCLASSIFIED_LONG_TAIL,Unclassified long tail,Not individually reviewed,False,False,True
nnc0165-1875,1,1,318,,nnc0165-1875,,,,,,,,UNMAPPED,,,,,True,UNMAPPED,UNCLASSIFIED_LONG_TAIL,Unclassified long tail,Not individually reviewed,False,False,True
nnc0174 0833,1,1,319,,nnc0174 0833,,,,,,,,UNMAPPED,,,,,True,UNMAPPED,UNCLASSIFIED_LONG_TAIL,Unclassified long tail,Not individually reviewed,False,False,True
nnc0174-1213 a,1,1,320,,nnc0174-1213 a,,,,,,,,UNMAPPED,,,,,True,UNMAPPED,UNCLASSIFIED_LONG_TAIL,Unclassified long tail,Not individually reviewed,False,False,True
nnc0247-0829,1,1,321,,nnc0247-0829,,,,,,,,UNMAPPED,,,,,True,UNMAPPED,UNCLASSIFIED_LONG_TAIL,Unclassified long tail,Not individually reviewed,False,False,True
nnc0480-0389,1,1,322,,nnc0480-0389,,,,,,,,UNMAPPED,,,,,True,UNMAPPED,UNCLASSIFIED_LONG_TAIL,Unclassified long tail,Not individually reviewed,False,False,True
nnc0497-0040,1,1,323,,nnc0497-0040,,,,,,,,UNMAPPED,,,,,True,UNMAPPED,UNCLASSIFIED_LONG_TAIL,Unclassified long tail,Not individually reviewed,False,False,True
nnc0519-0130 b,1,1,324,,nnc0519-0130 b,,,,,,,,UNMAPPED,,,,,True,UNMAPPED,UNCLASSIFIED_LONG_TAIL,Unclassified long tail,Not individually reviewed,False,False,True
nnc0519-0130 c,1,1,325,,nnc0519-0130 c,,,,,,,,UNMAPPED,,,,,True,UNMAPPED,UNCLASSIFIED_LONG_TAIL,Unclassified long tail,Not individually reviewed,False,False,True
nnc0638-0355,1,1,326,,nnc0638-0355,,,,,,,,UNMAPPED,,,,,True,UNMAPPED,UNCLASSIFIED_LONG_TAIL,Unclassified long tail,Not individually reviewed,False,False,True
nnc0721-8060,1,1,327,,nnc0721-8060,,,,,,,,UNMAPPED,,,,,True,UNMAPPED,UNCLASSIFIED_LONG_TAIL,Unclassified long tail,Not individually reviewed,False,False,True
nnc6022-0004,1,1,328,,nnc6022-0004,,,,,,,,UNMAPPED,,,,,True,UNMAPPED,UNCLASSIFIED_LONG_TAIL,Unclassified long tail,Not individually reviewed,False,False,True
nnc6989-0001,1,1,329,,nnc6989-0001,,,,,,,,UNMAPPED,,,,,True,UNMAPPED,UNCLASSIFIED_LONG_TAIL,Unclassified long tail,Not individually reviewed,False,False,True
nnc9204-1177 a,1,1,330,,nnc9204-1177 a,,,,,,,,UNMAPPED,,,,,True,UNMAPPED,UNCLASSIFIED_LONG_TAIL,Unclassified long tail,Not individually reviewed,False,False,True
nnc9204-1706,1,1,331,,nnc9204-1706,,,,,,,,UNMAPPED,,,,,True,UNMAPPED,UNCLASSIFIED_LONG_TAIL,Unclassified long tail,Not individually reviewed,False,False,True
nnc9204-1706 a,1,1,332,,nnc9204-1706 a,,,,,,,,UNMAPPED,,,,,True,UNMAPPED,UNCLASSIFIED_LONG_TAIL,Unclassified long tail,Not individually reviewed,False,False,True
no-13065,1,1,333,,no-13065,,,,,,,,UNMAPPED,,,,,True,UNMAPPED,UNCLASSIFIED_LONG_TAIL,Unclassified long tail,Not individually reviewed,False,False,True
ondansetron,1,1,334,,ondansetron,,,,,,,,UNMAPPED,,,,,True,UNMAPPED,UNCLASSIFIED_LONG_TAIL,Unclassified long tail,Not individually reviewed,False,False,True
orlistat cap,1,1,335,,orlistat cap,,,,,,,,UNMAPPED,,,,,True,UNMAPPED,UNCLASSIFIED_LONG_TAIL,Unclassified long tail,Not individually reviewed,False,False,True
part c met097,1,1,336,,part c met097,,,,,,,,UNMAPPED,,,,,True,UNMAPPED,UNCLASSIFIED_LONG_TAIL,Unclassified long tail,Not individually reviewed,False,False,True
perindopril,1,1,337,,perindopril,,,,,,,,UNMAPPED,,,,,True,UNMAPPED,UNCLASSIFIED_LONG_TAIL,Unclassified long tail,Not individually reviewed,False,False,True
pf-06954522,1,1,338,,pf-06954522,,,,,,,,UNMAPPED,,,,,True,UNMAPPED,UNCLASSIFIED_LONG_TAIL,Unclassified long tail,Not individually reviewed,False,False,True
pf-08642534,1,1,339,,pf-08642534,,,,,,,,UNMAPPED,,,,,True,UNMAPPED,UNCLASSIFIED_LONG_TAIL,Unclassified long tail,Not individually reviewed,False,False,True
pg-102 mg12,1,1,340,,pg-102 mg12,,,,,,,,UNMAPPED,,,,,True,UNMAPPED,UNCLASSIFIED_LONG_TAIL,Unclassified long tail,Not individually reviewed,False,False,True
php-303,1,1,341,,php-303,,,,,,,,UNMAPPED,,,,,True,UNMAPPED,UNCLASSIFIED_LONG_TAIL,Unclassified long tail,Not individually reviewed,False,False,True
pitavastatin,1,1,342,,pitavastatin,,,,,,,,UNMAPPED,,,,,True,UNMAPPED,UNCLASSIFIED_LONG_TAIL,Unclassified long tail,Not individually reviewed,False,False,True
polyglucosamine glucomannan high dose verum,1,1,343,,polyglucosamine glucomannan high dose verum,,,,,,,,UNMAPPED,,,,,True,UNMAPPED,UNCLASSIFIED_LONG_TAIL,Unclassified long tail,Not individually reviewed,False,False,True
polyglucosamine glucomannan normal dose verum,1,1,344,,polyglucosamine glucomannan normal dose verum,,,,,,,,UNMAPPED,,,,,True,UNMAPPED,UNCLASSIFIED_LONG_TAIL,Unclassified long tail,Not individually reviewed,False,False,True
pramlintide acetate,1,1,345,,pramlintide acetate,,,,,,,,UNMAPPED,,,,,True,UNMAPPED,UNCLASSIFIED_LONG_TAIL,Unclassified long tail,Not individually reviewed,False,False,True
puerarin,1,1,346,,puerarin,,,,,,,,UNMAPPED,,,,,True,UNMAPPED,UNCLASSIFIED_LONG_TAIL,Unclassified long tail,Not individually reviewed,False,False,True
regn20934,1,1,347,,regn20934,,,,,,,,UNMAPPED,,,,,True,UNMAPPED,UNCLASSIFIED_LONG_TAIL,Unclassified long tail,Not individually reviewed,False,False,True
repaglinide,1,1,348,,repaglinide,,,,,,,,UNMAPPED,,,,,True,UNMAPPED,UNCLASSIFIED_LONG_TAIL,Unclassified long tail,Not individually reviewed,False,False,True
retatrutide ly3437943,1,1,349,,retatrutide ly3437943,,,,,,,,UNMAPPED,,,,,True,UNMAPPED,UNCLASSIFIED_LONG_TAIL,Unclassified long tail,Not individually reviewed,False,False,True
rifampin + vct220,1,1,350,,rifampin + vct220,,,,,,,,UNMAPPED,,,,,True,UNMAPPED,UNCLASSIFIED_LONG_TAIL,Unclassified long tail,Not individually reviewed,False,False,True
rn3161,1,1,351,,rn3161,,,,,,,,UNMAPPED,,,,,True,UNMAPPED,UNCLASSIFIED_LONG_TAIL,Unclassified long tail,Not individually reviewed,False,False,True
roflumilast,1,1,352,,roflumilast,,,,,,,,UNMAPPED,,,,,True,UNMAPPED,UNCLASSIFIED_LONG_TAIL,Unclassified long tail,Not individually reviewed,False,False,True
rose-010,1,1,353,,rose-010,,,,,,,,UNMAPPED,,,,,True,UNMAPPED,UNCLASSIFIED_LONG_TAIL,Unclassified long tail,Not individually reviewed,False,False,True
rosuvastatin calcium,1,1,354,,rosuvastatin calcium,,,,,,,,UNMAPPED,,,,,True,UNMAPPED,UNCLASSIFIED_LONG_TAIL,Unclassified long tail,Not individually reviewed,False,False,True
rt-114 is the ranipill with pg-102 for the treatment of obesity,1,1,355,,rt-114 is the ranipill with pg-102 for the treatment of obesity,,,,,,,,UNMAPPED,,,,,True,UNMAPPED,UNCLASSIFIED_LONG_TAIL,Unclassified long tail,Not individually reviewed,False,False,True
rzl-012,1,1,356,,rzl-012,,,,,,,,UNMAPPED,,,,,True,UNMAPPED,UNCLASSIFIED_LONG_TAIL,Unclassified long tail,Not individually reviewed,False,False,True
s -pindolol benzoate,1,1,357,,s -pindolol benzoate,,,,,,,,UNMAPPED,,,,,True,UNMAPPED,UNCLASSIFIED_LONG_TAIL,Unclassified long tail,Not individually reviewed,False,False,True
s1b-509 high dose,1,1,358,,s1b-509 high dose,,,,,,,,UNMAPPED,,,,,True,UNMAPPED,UNCLASSIFIED_LONG_TAIL,Unclassified long tail,Not individually reviewed,False,False,True
s1b-509 low dose,1,1,359,,s1b-509 low dose,,,,,,,,UNMAPPED,,,,,True,UNMAPPED,UNCLASSIFIED_LONG_TAIL,Unclassified long tail,Not individually reviewed,False,False,True
s309309,1,1,360,,s309309,,,,,,,,UNMAPPED,,,,,True,UNMAPPED,UNCLASSIFIED_LONG_TAIL,Unclassified long tail,Not individually reviewed,False,False,True
sad in the abdomen,1,1,361,,sad in the abdomen,,,,,,,,UNMAPPED,,,,,True,UNMAPPED,UNCLASSIFIED_LONG_TAIL,Unclassified long tail,Not individually reviewed,False,False,True
sar441255,1,1,362,,sar441255,,,,,,,,UNMAPPED,,,,,True,UNMAPPED,UNCLASSIFIED_LONG_TAIL,Unclassified long tail,Not individually reviewed,False,False,True
scb0020160,1,1,363,,scb0020160,,,,,,,,UNMAPPED,,,,,True,UNMAPPED,UNCLASSIFIED_LONG_TAIL,Unclassified long tail,Not individually reviewed,False,False,True
semaglutide and behavioral program,1,1,364,,semaglutide and behavioral program,,,,,,,,UNMAPPED,,,,,True,UNMAPPED,UNCLASSIFIED_LONG_TAIL,Unclassified long tail,Not individually reviewed,False,False,True
semaglutide and nnc0165-1875,1,1,365,,semaglutide and nnc0165-1875,,,,,,,,UNMAPPED,,,,,True,UNMAPPED,UNCLASSIFIED_LONG_TAIL,Unclassified long tail,Not individually reviewed,False,False,True
semaglutide in combination with a healthy lifestyle intervention diet and exercise,1,1,366,,semaglutide in combination with a healthy lifestyle intervention diet and exercise,,,,,,,,UNMAPPED,,,,,True,UNMAPPED,UNCLASSIFIED_LONG_TAIL,Unclassified long tail,Not individually reviewed,False,False,True
sgb-7342,1,1,367,,sgb-7342,,,,,,,,UNMAPPED,,,,,True,UNMAPPED,UNCLASSIFIED_LONG_TAIL,Unclassified long tail,Not individually reviewed,False,False,True
shr-2906,1,1,368,,shr-2906,,,,,,,,UNMAPPED,,,,,True,UNMAPPED,UNCLASSIFIED_LONG_TAIL,Unclassified long tail,Not individually reviewed,False,False,True
shr20004,1,1,369,,shr20004,,,,,,,,UNMAPPED,,,,,True,UNMAPPED,UNCLASSIFIED_LONG_TAIL,Unclassified long tail,Not individually reviewed,False,False,True
sibutramine + topiramate,1,1,370,,sibutramine + topiramate,,,,,,,,UNMAPPED,,,,,True,UNMAPPED,UNCLASSIFIED_LONG_TAIL,Unclassified long tail,Not individually reviewed,False,False,True
simvastatin,1,1,371,,simvastatin,,,,,,,,UNMAPPED,,,,,True,UNMAPPED,UNCLASSIFIED_LONG_TAIL,Unclassified long tail,Not individually reviewed,False,False,True
single and mutiple dose,1,1,372,,single and mutiple dose,,,,,,,,UNMAPPED,,,,,True,UNMAPPED,UNCLASSIFIED_LONG_TAIL,Unclassified long tail,Not individually reviewed,False,False,True
sleeve gastrectomy plus early mazdutide initiation,1,1,373,,sleeve gastrectomy plus early mazdutide initiation,,,,,,,,UNMAPPED,,,,,True,UNMAPPED,UNCLASSIFIED_LONG_TAIL,Unclassified long tail,Not individually reviewed,False,False,True
sodium bicarbonate,1,1,374,,sodium bicarbonate,,,,,,,,UNMAPPED,,,,,True,UNMAPPED,UNCLASSIFIED_LONG_TAIL,Unclassified long tail,Not individually reviewed,False,False,True
sodium pentaborate pentahydrate,1,1,375,,sodium pentaborate pentahydrate,,,,,,,,UNMAPPED,,,,,True,UNMAPPED,UNCLASSIFIED_LONG_TAIL,Unclassified long tail,Not individually reviewed,False,False,True
srsd384,1,1,376,,srsd384,,,,,,,,UNMAPPED,,,,,True,UNMAPPED,UNCLASSIFIED_LONG_TAIL,Unclassified long tail,Not individually reviewed,False,False,True
stp705,1,1,377,,stp705,,,,,,,,UNMAPPED,,,,,True,UNMAPPED,UNCLASSIFIED_LONG_TAIL,Unclassified long tail,Not individually reviewed,False,False,True
survodutide formulation a,1,1,378,,survodutide formulation a,,,,,,,,UNMAPPED,,,,,True,UNMAPPED,UNCLASSIFIED_LONG_TAIL,Unclassified long tail,Not individually reviewed,False,False,True
survodutide formulation b2,1,1,379,,survodutide formulation b2,,,,,,,,UNMAPPED,,,,,True,UNMAPPED,UNCLASSIFIED_LONG_TAIL,Unclassified long tail,Not individually reviewed,False,False,True
syh2092,1,1,380,,syh2092,,,,,,,,UNMAPPED,,,,,True,UNMAPPED,UNCLASSIFIED_LONG_TAIL,Unclassified long tail,Not individually reviewed,False,False,True
syh9017,1,1,381,,syh9017,,,,,,,,UNMAPPED,,,,,True,UNMAPPED,UNCLASSIFIED_LONG_TAIL,Unclassified long tail,Not individually reviewed,False,False,True
synt101,1,1,382,,synt101,,,,,,,,UNMAPPED,,,,,True,UNMAPPED,UNCLASSIFIED_LONG_TAIL,Unclassified long tail,Not individually reviewed,False,False,True
tadalafil,1,1,383,,tadalafil,,,,,,,,UNMAPPED,,,,,True,UNMAPPED,UNCLASSIFIED_LONG_TAIL,Unclassified long tail,Not individually reviewed,False,False,True
taldefgrobep alfa,1,1,384,,taldefgrobep alfa,,,,,,,,UNMAPPED,,,,,True,UNMAPPED,UNCLASSIFIED_LONG_TAIL,Unclassified long tail,Not individually reviewed,False,False,True
te-8105 mad cohort 1,1,1,385,,te-8105 mad cohort 1,,,,,,,,UNMAPPED,,,,,True,UNMAPPED,UNCLASSIFIED_LONG_TAIL,Unclassified long tail,Not individually reviewed,False,False,True
te-8105 mad cohort 2,1,1,386,,te-8105 mad cohort 2,,,,,,,,UNMAPPED,,,,,True,UNMAPPED,UNCLASSIFIED_LONG_TAIL,Unclassified long tail,Not individually reviewed,False,False,True
te-8105 sad cohort 1,1,1,387,,te-8105 sad cohort 1,,,,,,,,UNMAPPED,,,,,True,UNMAPPED,UNCLASSIFIED_LONG_TAIL,Unclassified long tail,Not individually reviewed,False,False,True
te-8105 sad cohort 2,1,1,388,,te-8105 sad cohort 2,,,,,,,,UNMAPPED,,,,,True,UNMAPPED,UNCLASSIFIED_LONG_TAIL,Unclassified long tail,Not individually reviewed,False,False,True
te-8105 sad cohort 3,1,1,389,,te-8105 sad cohort 3,,,,,,,,UNMAPPED,,,,,True,UNMAPPED,UNCLASSIFIED_LONG_TAIL,Unclassified long tail,Not individually reviewed,False,False,True
te-8105 sad cohort 4,1,1,390,,te-8105 sad cohort 4,,,,,,,,UNMAPPED,,,,,True,UNMAPPED,UNCLASSIFIED_LONG_TAIL,Unclassified long tail,Not individually reviewed,False,False,True
te-8105 sad cohort 5 adaptive cohort,1,1,391,,te-8105 sad cohort 5 adaptive cohort,,,,,,,,UNMAPPED,,,,,True,UNMAPPED,UNCLASSIFIED_LONG_TAIL,Unclassified long tail,Not individually reviewed,False,False,True
tern-601,1,1,392,,tern-601,,,,,,,,UNMAPPED,,,,,True,UNMAPPED,UNCLASSIFIED_LONG_TAIL,Unclassified long tail,Not individually reviewed,False,False,True
tesofensine/metoprolol,1,1,393,,tesofensine/metoprolol,,,,,,,,UNMAPPED,,,,,True,UNMAPPED,UNCLASSIFIED_LONG_TAIL,Unclassified long tail,Not individually reviewed,False,False,True
tesomet,1,1,394,,tesomet,,,,,,,,UNMAPPED,,,,,True,UNMAPPED,UNCLASSIFIED_LONG_TAIL,Unclassified long tail,Not individually reviewed,False,False,True
tetrahydrocannabivarin,1,1,395,,tetrahydrocannabivarin,,,,,,,,UNMAPPED,,,,,True,UNMAPPED,UNCLASSIFIED_LONG_TAIL,Unclassified long tail,Not individually reviewed,False,False,True
tirzapatide,1,1,396,,tirzapatide,,,,,,,,UNMAPPED,,,,,True,UNMAPPED,UNCLASSIFIED_LONG_TAIL,Unclassified long tail,Not individually reviewed,False,False,True
tix100,1,1,397,,tix100,,,,,,,,UNMAPPED,,,,,True,UNMAPPED,UNCLASSIFIED_LONG_TAIL,Unclassified long tail,Not individually reviewed,False,False,True
tlc-6740,1,1,398,,tlc-6740,,,,,,,,UNMAPPED,,,,,True,UNMAPPED,UNCLASSIFIED_LONG_TAIL,Unclassified long tail,Not individually reviewed,False,False,True
topiramate pill,1,1,399,,topiramate pill,,,,,,,,UNMAPPED,,,,,True,UNMAPPED,UNCLASSIFIED_LONG_TAIL,Unclassified long tail,Not individually reviewed,False,False,True
tqf6422,1,1,400,,tqf6422,,,,,,,,UNMAPPED,,,,,True,UNMAPPED,UNCLASSIFIED_LONG_TAIL,Unclassified long tail,Not individually reviewed,False,False,True
trevogrumab-part a,1,1,401,,trevogrumab-part a,,,,,,,,UNMAPPED,,,,,True,UNMAPPED,UNCLASSIFIED_LONG_TAIL,Unclassified long tail,Not individually reviewed,False,False,True
trevogrumab-part b and part c,1,1,402,,trevogrumab-part b and part c,,,,,,,,UNMAPPED,,,,,True,UNMAPPED,UNCLASSIFIED_LONG_TAIL,Unclassified long tail,Not individually reviewed,False,False,True
tulsi ocimum sanctum linn,1,1,403,,tulsi ocimum sanctum linn,,,,,,,,UNMAPPED,,,,,True,UNMAPPED,UNCLASSIFIED_LONG_TAIL,Unclassified long tail,Not individually reviewed,False,False,True
valsartan,1,1,404,,valsartan,,,,,,,,UNMAPPED,,,,,True,UNMAPPED,UNCLASSIFIED_LONG_TAIL,Unclassified long tail,Not individually reviewed,False,False,True
varenicline,1,1,405,,varenicline,,,,,,,,UNMAPPED,,,,,True,UNMAPPED,UNCLASSIFIED_LONG_TAIL,Unclassified long tail,Not individually reviewed,False,False,True
vi-0521,1,1,406,,vi-0521,,,,,,,,UNMAPPED,,,,,True,UNMAPPED,UNCLASSIFIED_LONG_TAIL,Unclassified long tail,Not individually reviewed,False,False,True
vildagliptin,1,1,407,,vildagliptin,,,,,,,,UNMAPPED,,,,,True,UNMAPPED,UNCLASSIFIED_LONG_TAIL,Unclassified long tail,Not individually reviewed,False,False,True
vitamin d 1200 iu,1,1,408,,vitamin d 1200 iu,,,,,,,,UNMAPPED,,,,,True,UNMAPPED,UNCLASSIFIED_LONG_TAIL,Unclassified long tail,Not individually reviewed,False,False,True
vrb-103,1,1,409,,vrb-103,,,,,,,,UNMAPPED,,,,,True,UNMAPPED,UNCLASSIFIED_LONG_TAIL,Unclassified long tail,Not individually reviewed,False,False,True
vtx3232 dose a,1,1,410,,vtx3232 dose a,,,,,,,,UNMAPPED,,,,,True,UNMAPPED,UNCLASSIFIED_LONG_TAIL,Unclassified long tail,Not individually reviewed,False,False,True
vx-201,1,1,411,,vx-201,,,,,,,,UNMAPPED,,,,,True,UNMAPPED,UNCLASSIFIED_LONG_TAIL,Unclassified long tail,Not individually reviewed,False,False,True
wst01 strain product,1,1,412,,wst01 strain product,,,,,,,,UNMAPPED,,,,,True,UNMAPPED,UNCLASSIFIED_LONG_TAIL,Unclassified long tail,Not individually reviewed,False,False,True
wve-007,1,1,413,,wve-007,,,,,,,,UNMAPPED,,,,,True,UNMAPPED,UNCLASSIFIED_LONG_TAIL,Unclassified long tail,Not individually reviewed,False,False,True
xen-101,1,1,414,,xen-101,,,,,,,,UNMAPPED,,,,,True,UNMAPPED,UNCLASSIFIED_LONG_TAIL,Unclassified long tail,Not individually reviewed,False,False,True
xla1,1,1,415,,xla1,,,,,,,,UNMAPPED,,,,,True,UNMAPPED,UNCLASSIFIED_LONG_TAIL,Unclassified long tail,Not individually reviewed,False,False,True
xtl6001,1,1,416,,xtl6001,,,,,,,,UNMAPPED,,,,,True,UNMAPPED,UNCLASSIFIED_LONG_TAIL,Unclassified long tail,Not individually reviewed,False,False,True
y14,1,1,417,,y14,,,,,,,,UNMAPPED,,,,,True,UNMAPPED,UNCLASSIFIED_LONG_TAIL,Unclassified long tail,Not individually reviewed,False,False,True
zgn-1061,1,1,418,,zgn-1061,,,,,,,,UNMAPPED,,,,,True,UNMAPPED,UNCLASSIFIED_LONG_TAIL,Unclassified long tail,Not individually reviewed,False,False,True
zp6590 for,1,1,419,,zp6590 for,,,,,,,,UNMAPPED,,,,,True,UNMAPPED,UNCLASSIFIED_LONG_TAIL,Unclassified long tail,Not individually reviewed,False,False,True
